loan_amnt,term,int_rate,annual_inc,dti,home_ownership,grade
18000.0, 60 months,9.8,42000.0,2.77,MORTGAGE,B
16000.0, 36 months,6.99,150000.0,12.18,MORTGAGE,A
15000.0, 36 months,5.32,65000.0,22.32,RENT,A
10000.0, 36 months,8.38,48000.0,6.69,RENT,B
7000.0, 36 months,11.48,66000.0,11.69,RENT,B
8400.0, 36 months,10.64,46000.0,21.03,OWN,B
8000.0, 36 months,12.88,42000.0,10.23,MORTGAGE,C
18000.0, 36 months,7.89,119000.0,18.46,RENT,A
7000.0, 36 months,7.91,26000.0,12.51,RENT,A
4800.0, 36 months,9.17,53000.0,26.29,MORTGAGE,B
12000.0, 60 months,17.27,113000.0,10.93,MORTGAGE,D
17700.0, 36 months,16.55,53000.0,23.48,MORTGAGE,D
32750.0, 60 months,20.5,78000.0,25.43,RENT,E
20800.0, 60 months,11.99,141000.0,18.23,RENT,C
5150.0, 36 months,15.77,20200.0,26.62,MORTGAGE,D
10000.0, 36 months,9.8,100000.0,8.41,MORTGAGE,B
1200.0, 36 months,12.88,30000.0,16.36,RENT,C
16000.0, 60 months,12.88,160000.0,31.57,MORTGAGE,C
18000.0, 36 months,8.38,95000.0,20.5,RENT,B
8000.0, 36 months,6.49,50000.0,22.83,RENT,A
24150.0, 60 months,21.48,57500.0,22.6,RENT,E
18000.0, 60 months,11.99,95000.0,8.98,RENT,C
5950.0, 36 months,9.17,30000.0,18.64,RENT,B
16000.0, 36 months,7.91,50000.0,24.41,MORTGAGE,A
2000.0, 36 months,10.78,25000.0,26.69,RENT,B
7200.0, 36 months,15.77,54000.0,33.56,MORTGAGE,D
25000.0, 36 months,7.91,151000.0,12.49,MORTGAGE,A
16800.0, 36 months,9.76,93851.0,4.42,RENT,B
8300.0, 36 months,13.67,66000.0,16.73,RENT,C
35000.0, 60 months,18.49,100000.0,31.36,MORTGAGE,E
16000.0, 36 months,13.18,50000.0,26.98,RENT,C
7000.0, 36 months,6.49,42000.0,15.74,RENT,A
9500.0, 36 months,7.89,28000.0,14.52,OWN,A
12000.0, 60 months,9.76,74000.0,6.31,MORTGAGE,B
10000.0, 36 months,7.91,103000.0,13.74,MORTGAGE,A
6000.0, 36 months,13.99,210000.0,12.55,MORTGAGE,C
7750.0, 36 months,15.41,36000.0,39.77,RENT,D
6000.0, 36 months,17.27,125000.0,6.39,MORTGAGE,D
2400.0, 36 months,13.99,47000.0,35.59,MORTGAGE,C
14000.0, 36 months,9.8,100000.0,15.97,MORTGAGE,B
12000.0, 60 months,9.8,65000.0,23.84,MORTGAGE,B
12000.0, 36 months,15.77,120000.0,7.7,MORTGAGE,D
17125.0, 60 months,27.99,45000.0,17.44,RENT,G
26050.0, 60 months,7.91,82300.0,12.5,MORTGAGE,A
10100.0, 60 months,9.17,113000.0,3.18,MORTGAGE,B
2500.0, 36 months,13.44,16727.0,21.39,OWN,C
12000.0, 60 months,14.85,96000.0,17.9,OWN,C
17000.0, 36 months,8.49,75000.0,23.63,RENT,B
11450.0, 60 months,19.89,54000.0,12.28,MORTGAGE,E
23000.0, 36 months,8.49,100000.0,12.35,OWN,B
20000.0, 36 months,11.99,160000.0,13.98,RENT,C
30000.0, 36 months,13.99,100000.0,22.62,RENT,C
8425.0, 36 months,12.88,39000.0,14.18,MORTGAGE,C
8000.0, 36 months,9.8,31000.0,11.03,MORTGAGE,B
17950.0, 60 months,17.97,98000.0,3.35,MORTGAGE,D
21500.0, 36 months,12.88,170000.0,20.25,MORTGAGE,C
15000.0, 36 months,9.76,83000.0,30.89,MORTGAGE,B
4000.0, 36 months,13.67,63000.0,24.69,RENT,C
7200.0, 36 months,6.24,50000.0,14.52,RENT,A
4000.0, 36 months,16.59,20100.0,18.99,RENT,D
12000.0, 36 months,9.17,45000.0,11.97,MORTGAGE,B
17500.0, 36 months,10.64,85000.0,32.3,RENT,B
23000.0, 60 months,16.55,50000.0,28.47,OWN,D
6000.0, 36 months,11.99,85000.0,32.5,MORTGAGE,C
24000.0, 36 months,7.49,111000.0,16.42,RENT,A
35000.0, 60 months,17.97,150000.0,25.11,MORTGAGE,D
19775.0, 60 months,15.41,43000.0,24.25,MORTGAGE,D
6000.0, 36 months,10.64,31500.0,17.9,OWN,B
7500.0, 36 months,6.99,80000.0,10.26,MORTGAGE,A
2000.0, 36 months,10.78,76000.0,18.84,OWN,B
15000.0, 36 months,11.48,65000.0,2.01,MORTGAGE,B
25000.0, 36 months,13.44,70000.0,22.15,RENT,C
14400.0, 60 months,18.99,85000.0,21.76,OWN,E
7200.0, 36 months,14.85,55000.0,10.84,RENT,C
16000.0, 36 months,10.78,52688.0,30.8,OWN,B
2000.0, 36 months,13.99,46000.0,33.0,RENT,C
4000.0, 36 months,9.17,49000.0,12.93,MORTGAGE,B
18000.0, 60 months,9.8,75000.0,17.12,RENT,B
15000.0, 60 months,11.99,65000.0,7.9,OWN,C
6950.0, 36 months,13.99,20000.0,24.13,MORTGAGE,C
7200.0, 36 months,17.27,20000.0,13.21,OWN,D
13750.0, 36 months,16.59,27500.0,36.36,MORTGAGE,D
20000.0, 36 months,8.49,70000.0,12.51,RENT,B
16800.0, 36 months,7.26,65000.0,10.3,RENT,A
13000.0, 36 months,11.99,112000.0,12.08,MORTGAGE,C
9600.0, 36 months,9.17,150000.0,5.54,MORTGAGE,B
9200.0, 36 months,16.99,23000.0,24.5,RENT,D
25000.0, 36 months,12.88,207000.0,5.43,RENT,C
12000.0, 36 months,7.26,55000.0,17.93,RENT,A
6450.0, 36 months,18.99,22000.0,15.88,RENT,E
35000.0, 36 months,16.59,83000.0,25.52,RENT,D
12000.0, 60 months,13.44,106000.0,10.18,OWN,C
32000.0, 36 months,12.88,160000.0,22.83,OWN,C
5000.0, 36 months,10.78,56000.0,15.5,RENT,B
15600.0, 36 months,10.78,120000.0,7.4,MORTGAGE,B
9000.0, 36 months,15.77,28000.0,12.39,MORTGAGE,D
7200.0, 36 months,12.88,100000.0,16.94,RENT,C
24000.0, 36 months,7.49,200000.0,17.9,MORTGAGE,A
9000.0, 36 months,6.49,54000.0,28.22,MORTGAGE,A
5000.0, 36 months,11.48,20000.0,24.85,RENT,B
6000.0, 36 months,11.99,100000.0,13.82,RENT,C
3600.0, 36 months,11.22,55000.0,19.86,MORTGAGE,B
6000.0, 36 months,5.32,43000.0,20.37,RENT,A
28000.0, 60 months,22.45,93000.0,17.73,RENT,F
25825.0, 60 months,26.06,68000.0,31.68,RENT,F
25000.0, 36 months,10.78,75000.0,25.07,RENT,B
12500.0, 36 months,8.49,75300.0,13.61,RENT,B
21000.0, 36 months,14.85,67000.0,36.24,OWN,C
11500.0, 36 months,7.91,65000.0,21.94,RENT,A
3000.0, 36 months,11.22,60000.0,31.24,MORTGAGE,B
7000.0, 36 months,11.99,43000.0,14.12,OWN,C
20000.0, 60 months,14.85,75000.0,11.68,MORTGAGE,C
22000.0, 36 months,6.99,230000.0,13.6,MORTGAGE,A
24200.0, 60 months,18.99,57668.0,31.52,RENT,E
5000.0, 36 months,9.17,45000.0,18.23,MORTGAGE,B
22000.0, 36 months,6.99,95000.0,13.03,MORTGAGE,A
28000.0, 36 months,7.91,81185.0,18.92,OWN,A
6400.0, 36 months,17.57,31944.0,22.28,MORTGAGE,D
17600.0, 36 months,17.27,40000.0,26.35,OWN,D
5000.0, 36 months,8.49,25000.0,13.63,OWN,B
8000.0, 36 months,9.76,170000.0,34.88,MORTGAGE,B
35000.0, 36 months,7.26,87000.0,8.39,MORTGAGE,A
8000.0, 36 months,7.89,80000.0,12.93,RENT,A
15000.0, 36 months,15.77,52000.0,18.3,MORTGAGE,D
29000.0, 36 months,6.49,110000.0,7.79,RENT,A
8000.0, 36 months,10.64,55000.0,10.23,MORTGAGE,B
8000.0, 36 months,11.99,73000.0,30.82,MORTGAGE,C
14400.0, 60 months,13.99,91000.0,20.86,RENT,C
2950.0, 36 months,11.99,22000.0,16.58,MORTGAGE,C
35000.0, 36 months,17.57,140000.0,13.34,RENT,D
6025.0, 36 months,9.76,36000.0,17.55,RENT,B
4500.0, 36 months,11.99,65000.0,22.75,RENT,C
21000.0, 60 months,13.44,105000.0,11.37,RENT,C
7000.0, 36 months,6.99,80000.0,10.86,MORTGAGE,A
15000.0, 60 months,12.88,90000.0,21.17,RENT,C
5000.0, 36 months,18.49,38000.0,22.96,OWN,D
8500.0, 36 months,7.89,42500.0,24.12,OWN,A
8000.0, 36 months,9.17,90000.0,24.84,MORTGAGE,B
4000.0, 36 months,14.48,80000.0,26.0,RENT,C
2400.0, 36 months,11.48,60000.0,24.14,MORTGAGE,B
20000.0, 36 months,7.49,80000.0,20.16,MORTGAGE,A
35000.0, 60 months,13.44,86000.0,18.2,RENT,C
5000.0, 36 months,5.32,125000.0,8.19,MORTGAGE,A
15000.0, 36 months,5.32,69214.5,17.44,OWN,A
20000.0, 36 months,13.44,65000.0,16.91,OWN,C
35000.0, 60 months,16.59,137500.0,34.26,MORTGAGE,D
35000.0, 36 months,13.99,139000.0,17.73,RENT,C
12000.0, 60 months,13.44,35000.0,29.8,RENT,C
20000.0, 60 months,12.88,55000.0,19.7,OWN,C
17025.0, 36 months,18.99,62000.0,32.11,OWN,E
7200.0, 36 months,11.48,69460.0,22.98,RENT,B
9000.0, 36 months,11.48,42000.0,31.46,MORTGAGE,B
15000.0, 36 months,11.99,46000.0,19.65,MORTGAGE,C
2000.0, 36 months,13.44,42536.0,29.35,OWN,C
15950.0, 60 months,13.99,65000.0,33.15,RENT,C
34550.0, 60 months,14.85,72000.0,15.61,RENT,C
15000.0, 36 months,11.48,52000.0,27.18,OWN,B
28000.0, 36 months,6.89,180000.0,13.29,MORTGAGE,A
12000.0, 60 months,12.88,92000.0,9.94,MORTGAGE,C
9000.0, 36 months,11.99,76000.0,21.51,OWN,C
10000.0, 36 months,5.32,73500.0,3.67,RENT,A
7000.0, 36 months,9.76,71000.0,11.78,RENT,B
10000.0, 36 months,13.99,85000.0,6.38,OWN,C
25500.0, 60 months,18.99,51000.0,7.65,MORTGAGE,E
20000.0, 36 months,11.48,55000.0,19.88,RENT,B
3150.0, 36 months,18.49,92000.0,25.45,OWN,D
12000.0, 60 months,18.99,65000.0,18.91,RENT,E
10000.0, 36 months,9.8,48000.0,24.33,RENT,B
15000.0, 36 months,13.99,122000.0,26.31,MORTGAGE,C
2500.0, 36 months,9.17,50000.0,25.16,RENT,B
9000.0, 36 months,6.49,60000.0,17.52,MORTGAGE,A
25600.0, 60 months,9.17,84000.0,12.39,RENT,B
12700.0, 36 months,17.97,32760.0,34.32,RENT,D
12800.0, 60 months,13.18,62000.0,15.06,MORTGAGE,C
12000.0, 36 months,6.89,93000.0,28.23,MORTGAGE,A
12000.0, 36 months,11.48,56000.0,11.23,RENT,B
14000.0, 36 months,11.99,60000.0,28.14,RENT,C
18000.0, 36 months,13.44,120000.0,11.86,MORTGAGE,C
3600.0, 36 months,11.99,57000.0,12.55,MORTGAGE,C
15000.0, 36 months,8.49,56000.0,16.95,MORTGAGE,B
15500.0, 36 months,11.99,55000.0,12.63,MORTGAGE,C
8150.0, 36 months,19.99,30000.0,28.28,RENT,E
10000.0, 36 months,11.99,47000.0,17.31,MORTGAGE,C
15000.0, 36 months,9.17,95000.0,3.21,RENT,B
24000.0, 60 months,11.99,58000.0,22.02,MORTGAGE,C
29400.0, 60 months,18.99,70000.0,22.14,RENT,E
15000.0, 36 months,9.8,60000.0,19.95,RENT,B
10000.0, 36 months,10.78,70000.0,20.28,RENT,B
10000.0, 36 months,10.64,67000.0,33.37,MORTGAGE,B
35000.0, 60 months,21.48,118000.0,29.68,MORTGAGE,E
2800.0, 36 months,17.27,114400.0,6.34,RENT,D
12000.0, 36 months,5.32,110000.0,13.58,RENT,A
30000.0, 36 months,13.67,70000.0,27.11,RENT,C
27000.0, 60 months,14.85,150000.0,22.68,MORTGAGE,C
2500.0, 36 months,17.57,95000.0,26.38,MORTGAGE,D
5000.0, 36 months,12.88,49500.0,13.81,OWN,C
30000.0, 36 months,15.77,180000.0,13.79,OWN,D
5000.0, 36 months,9.17,55000.0,15.67,RENT,B
2500.0, 36 months,21.99,99829.0,19.24,MORTGAGE,F
20000.0, 36 months,9.17,100000.0,26.37,MORTGAGE,B
35000.0, 60 months,13.44,120000.0,10.9,MORTGAGE,C
23000.0, 60 months,21.48,50000.0,39.44,RENT,E
26475.0, 60 months,21.48,84000.0,20.14,RENT,E
35000.0, 36 months,13.67,190000.0,16.0,MORTGAGE,C
10000.0, 36 months,9.17,120000.0,6.17,RENT,B
11000.0, 36 months,9.17,69000.0,21.34,MORTGAGE,B
2500.0, 36 months,16.55,33000.0,24.0,MORTGAGE,D
35000.0, 36 months,11.99,112000.0,14.2,RENT,C
26600.0, 60 months,23.99,64000.0,34.43,RENT,F
20000.0, 60 months,13.99,105000.0,8.7,RENT,C
5000.0, 36 months,12.88,80000.0,18.05,OWN,C
30000.0, 36 months,10.78,70000.0,22.99,MORTGAGE,B
18000.0, 36 months,9.17,70000.0,9.05,MORTGAGE,B
8400.0, 36 months,10.78,70000.0,17.4,MORTGAGE,B
18000.0, 36 months,7.49,75000.0,25.65,MORTGAGE,A
14400.0, 60 months,11.48,46000.0,20.06,MORTGAGE,B
12000.0, 36 months,8.49,30000.0,20.12,RENT,B
24000.0, 36 months,7.49,107000.0,15.15,RENT,A
12000.0, 36 months,5.32,134000.0,6.65,MORTGAGE,A
15000.0, 36 months,12.88,94000.0,13.21,MORTGAGE,C
23650.0, 60 months,16.59,87000.0,15.68,RENT,D
7000.0, 36 months,9.8,32000.0,26.26,RENT,B
18000.0, 36 months,12.88,120000.0,29.13,MORTGAGE,C
10000.0, 36 months,16.59,65000.0,17.26,MORTGAGE,D
8400.0, 36 months,9.17,42000.0,18.36,RENT,B
15000.0, 60 months,11.99,50000.0,12.48,RENT,C
26400.0, 60 months,17.57,118000.0,9.54,RENT,D
30000.0, 36 months,11.22,350000.0,6.92,RENT,B
4750.0, 36 months,13.18,13200.0,29.64,RENT,C
11000.0, 36 months,7.91,77000.0,28.73,MORTGAGE,A
28000.0, 60 months,9.17,85000.0,23.15,RENT,B
5500.0, 36 months,11.99,37000.0,21.15,RENT,C
5000.0, 36 months,12.88,36000.0,16.63,RENT,C
5000.0, 36 months,5.32,80000.0,0.75,RENT,A
10000.0, 36 months,8.38,61000.0,22.2,RENT,B
12000.0, 60 months,9.8,36500.0,18.91,MORTGAGE,B
15000.0, 60 months,15.77,79950.0,24.05,RENT,D
6600.0, 36 months,19.48,240000.0,7.04,MORTGAGE,E
9100.0, 36 months,6.49,84000.0,15.57,RENT,A
5000.0, 36 months,5.32,60000.0,8.68,RENT,A
6000.0, 36 months,12.59,65000.0,21.38,RENT,C
17600.0, 36 months,23.13,40000.0,39.23,RENT,F
10000.0, 60 months,14.85,125000.0,9.33,MORTGAGE,C
14400.0, 36 months,6.49,70000.0,16.32,MORTGAGE,A
10000.0, 36 months,8.38,78000.0,10.88,MORTGAGE,B
25000.0, 60 months,14.85,60000.0,20.48,MORTGAGE,C
23000.0, 60 months,11.99,82994.0,7.45,MORTGAGE,C
6000.0, 36 months,14.85,22200.0,12.05,RENT,C
25000.0, 36 months,7.49,56000.0,21.15,OWN,A
8150.0, 36 months,7.91,42200.0,16.41,MORTGAGE,A
30250.0, 36 months,11.99,96000.0,27.66,MORTGAGE,C
28750.0, 36 months,17.27,70000.0,24.19,MORTGAGE,D
7750.0, 36 months,9.8,54500.0,29.02,MORTGAGE,B
20000.0, 36 months,5.32,165000.0,15.74,MORTGAGE,A
11500.0, 36 months,11.48,25000.0,20.4,RENT,B
13000.0, 36 months,6.24,56000.0,16.91,MORTGAGE,A
10000.0, 36 months,9.8,40000.0,19.43,MORTGAGE,B
6000.0, 36 months,11.99,76000.0,26.73,MORTGAGE,C
2600.0, 36 months,11.48,89512.0,13.06,RENT,B
16800.0, 60 months,24.24,65000.0,20.5,RENT,F
9500.0, 36 months,7.91,48000.0,13.32,MORTGAGE,A
19200.0, 36 months,15.77,40000.0,21.15,RENT,D
12000.0, 36 months,11.99,45000.0,25.68,RENT,C
25000.0, 60 months,21.48,65000.0,16.84,RENT,E
16650.0, 36 months,10.78,70000.0,21.4,OWN,B
15000.0, 36 months,11.48,45000.0,33.81,OWN,B
5000.0, 36 months,15.77,55000.0,30.15,MORTGAGE,D
8000.0, 36 months,13.44,36504.0,30.77,RENT,C
15000.0, 36 months,7.26,70000.0,10.78,MORTGAGE,A
17400.0, 60 months,8.49,175000.0,7.04,MORTGAGE,B
9225.0, 36 months,21.48,40500.0,24.68,RENT,E
6100.0, 36 months,11.48,75000.0,15.04,MORTGAGE,B
20000.0, 36 months,6.49,75000.0,21.62,OWN,A
15000.0, 60 months,13.18,60000.0,10.86,MORTGAGE,C
20000.0, 36 months,11.22,85000.0,8.74,RENT,B
9600.0, 36 months,5.32,74500.0,19.89,MORTGAGE,A
12000.0, 60 months,15.77,33500.0,6.06,RENT,D
21000.0, 60 months,13.44,80256.0,12.29,RENT,C
12000.0, 36 months,9.17,102000.0,9.54,MORTGAGE,B
35000.0, 60 months,24.24,117000.0,16.82,MORTGAGE,F
14825.0, 60 months,21.48,50000.0,15.89,MORTGAGE,E
16275.0, 60 months,17.97,36180.0,35.19,RENT,D
16000.0, 60 months,13.44,42000.0,9.6,RENT,C
9000.0, 36 months,9.17,80000.0,9.81,RENT,B
7200.0, 36 months,17.27,34800.0,20.72,RENT,D
2500.0, 36 months,8.49,38000.0,28.11,MORTGAGE,B
6275.0, 36 months,14.85,70000.0,20.01,RENT,C
26250.0, 60 months,13.99,65000.0,26.9,MORTGAGE,C
6000.0, 36 months,7.91,65000.0,23.06,MORTGAGE,A
11200.0, 36 months,5.32,80000.0,17.65,MORTGAGE,A
5250.0, 36 months,15.77,66000.0,17.71,MORTGAGE,D
10575.0, 36 months,13.44,23000.0,22.39,RENT,C
5000.0, 36 months,13.18,75000.0,37.01,MORTGAGE,C
20000.0, 60 months,12.59,85000.0,21.08,RENT,C
8000.0, 36 months,13.99,80000.0,19.74,MORTGAGE,C
23000.0, 60 months,17.86,50000.0,28.92,MORTGAGE,D
6000.0, 36 months,11.48,61000.0,28.49,MORTGAGE,B
5000.0, 36 months,7.26,77000.0,20.0,MORTGAGE,A
6000.0, 36 months,9.76,72000.0,24.36,MORTGAGE,B
10925.0, 36 months,19.48,84000.0,17.59,RENT,E
16000.0, 60 months,9.17,50000.0,19.96,MORTGAGE,B
9500.0, 36 months,7.49,49000.0,12.69,MORTGAGE,A
13000.0, 60 months,8.49,80000.0,21.45,OWN,B
5000.0, 36 months,11.99,69000.0,22.64,RENT,C
10000.0, 36 months,9.8,63000.0,12.11,MORTGAGE,B
19200.0, 36 months,6.99,80000.0,17.52,OWN,A
35000.0, 36 months,8.49,90000.0,13.36,OWN,B
13500.0, 36 months,23.13,50000.0,25.3,RENT,F
10000.0, 60 months,11.48,55000.0,24.61,RENT,B
15000.0, 60 months,18.49,48000.0,18.75,OWN,D
10000.0, 36 months,17.97,65000.0,8.51,RENT,D
16800.0, 36 months,10.78,55000.0,16.34,MORTGAGE,B
20000.0, 60 months,17.27,65000.0,29.21,MORTGAGE,D
10000.0, 60 months,11.48,81000.0,11.73,MORTGAGE,B
34000.0, 36 months,15.77,118000.0,16.49,MORTGAGE,D
35000.0, 60 months,13.99,108000.0,35.9,MORTGAGE,C
20000.0, 36 months,10.78,82988.0,13.01,RENT,B
15200.0, 36 months,9.8,55000.0,16.07,RENT,B
18000.0, 60 months,14.85,60000.0,27.58,OWN,C
7000.0, 36 months,16.99,76529.0,6.35,MORTGAGE,D
11900.0, 60 months,13.44,34000.0,34.7,MORTGAGE,C
33000.0, 36 months,6.89,70000.0,16.27,MORTGAGE,A
19275.0, 36 months,11.99,66685.0,29.62,MORTGAGE,C
8000.0, 36 months,7.91,48500.0,7.75,RENT,A
15600.0, 36 months,7.89,75000.0,19.27,OWN,A
20000.0, 36 months,11.99,170000.0,15.9,MORTGAGE,C
5500.0, 36 months,6.49,47000.0,16.32,RENT,A
3000.0, 36 months,6.99,80000.0,7.9,RENT,A
1925.0, 36 months,9.76,80000.0,2.19,RENT,B
8000.0, 36 months,10.78,35000.0,8.2,RENT,B
2500.0, 36 months,14.85,32000.0,16.73,RENT,C
6000.0, 36 months,13.99,91000.0,20.82,OWN,C
35000.0, 36 months,14.85,125000.0,15.9,MORTGAGE,C
7000.0, 36 months,11.99,75000.0,20.24,MORTGAGE,C
15000.0, 36 months,15.41,80000.0,36.77,RENT,D
5000.0, 36 months,5.32,70000.0,6.62,OWN,A
4800.0, 36 months,12.88,50000.0,18.87,RENT,C
28000.0, 36 months,5.32,150000.0,13.66,MORTGAGE,A
8200.0, 36 months,16.59,79000.0,0.76,MORTGAGE,D
7000.0, 36 months,6.99,68000.0,15.14,OWN,A
12000.0, 36 months,13.44,42600.0,3.38,OWN,C
6000.0, 36 months,22.45,25000.0,31.88,RENT,F
4000.0, 36 months,11.99,37000.0,29.29,RENT,C
12000.0, 60 months,15.41,81000.0,27.78,MORTGAGE,D
12000.0, 60 months,9.8,110000.0,11.79,MORTGAGE,B
5175.0, 36 months,13.99,46000.0,21.16,RENT,C
10000.0, 36 months,8.49,51000.0,13.06,MORTGAGE,B
26600.0, 60 months,25.09,70000.0,21.53,OWN,F
12000.0, 36 months,10.78,81900.0,11.59,RENT,B
7000.0, 36 months,7.91,70000.0,6.94,MORTGAGE,A
5000.0, 36 months,11.48,11520.0,21.46,RENT,B
5500.0, 36 months,9.76,51000.0,18.47,RENT,B
35000.0, 36 months,9.76,88476.0,15.2,MORTGAGE,B
5000.0, 36 months,16.59,19000.0,14.28,RENT,D
15000.0, 36 months,9.8,90000.0,33.75,RENT,B
12000.0, 60 months,18.99,50000.0,21.87,RENT,E
9000.0, 36 months,11.99,41000.0,34.95,RENT,C
5500.0, 36 months,12.88,31368.0,29.84,RENT,C
15000.0, 36 months,7.49,58729.0,8.7,MORTGAGE,A
8000.0, 36 months,9.76,42000.0,19.71,RENT,B
10000.0, 36 months,12.59,110000.0,3.05,RENT,C
9275.0, 36 months,11.99,55000.0,24.13,RENT,C
6025.0, 36 months,13.67,90000.0,38.4,MORTGAGE,C
12000.0, 60 months,11.48,76000.0,4.38,RENT,B
4000.0, 36 months,12.88,56000.0,17.47,RENT,C
10000.0, 36 months,5.32,50000.0,10.37,OWN,A
5000.0, 36 months,11.99,50000.0,10.13,RENT,C
25000.0, 36 months,6.49,120000.0,9.41,RENT,A
23975.0, 60 months,13.99,60000.0,32.42,MORTGAGE,C
8000.0, 36 months,9.76,140000.0,23.91,MORTGAGE,B
10000.0, 36 months,6.49,80000.0,4.38,OWN,A
35000.0, 36 months,11.99,205000.0,20.61,MORTGAGE,C
15000.0, 36 months,10.78,65000.0,22.58,OWN,B
17000.0, 36 months,9.17,50000.0,11.45,MORTGAGE,B
12125.0, 36 months,17.97,27577.0,38.16,OWN,D
7500.0, 36 months,8.49,60000.0,4.5,OWN,B
4000.0, 36 months,11.99,77500.0,33.6,MORTGAGE,C
8000.0, 36 months,9.17,60000.0,23.1,MORTGAGE,B
6000.0, 36 months,13.18,100000.0,8.98,OWN,C
35000.0, 36 months,13.99,100000.0,19.43,RENT,C
17000.0, 60 months,9.17,38000.0,24.48,OWN,B
6125.0, 36 months,17.27,70000.0,17.36,RENT,D
16000.0, 36 months,6.49,60000.0,25.02,RENT,A
15000.0, 36 months,10.64,46000.0,26.4,RENT,B
12525.0, 36 months,13.99,33000.0,33.09,OWN,C
6300.0, 36 months,6.89,45000.0,10.8,RENT,A
15575.0, 36 months,16.59,124800.0,18.38,RENT,D
25000.0, 36 months,7.89,90000.0,26.73,MORTGAGE,A
3500.0, 36 months,16.59,50000.0,36.68,MORTGAGE,D
6000.0, 36 months,12.88,21000.0,29.14,MORTGAGE,C
12000.0, 36 months,7.49,75000.0,24.94,RENT,A
22000.0, 36 months,9.8,80000.0,12.08,RENT,B
25000.0, 36 months,8.49,135000.0,22.37,MORTGAGE,B
6000.0, 36 months,11.22,60000.0,2.4,MORTGAGE,B
15000.0, 60 months,12.88,44952.0,23.89,MORTGAGE,C
17100.0, 36 months,19.89,57000.0,17.79,RENT,E
8000.0, 36 months,11.48,48000.0,17.18,RENT,B
9350.0, 36 months,15.77,50000.0,14.74,RENT,D
8400.0, 36 months,11.48,51330.0,30.09,RENT,B
22075.0, 36 months,22.45,69000.0,26.83,RENT,F
6000.0, 36 months,17.57,26100.0,11.69,RENT,D
20000.0, 60 months,12.88,65000.0,16.93,RENT,C
16000.0, 36 months,11.99,120000.0,22.71,RENT,C
15000.0, 36 months,15.77,50000.0,3.41,RENT,D
35000.0, 36 months,8.49,100000.0,5.49,MORTGAGE,B
24000.0, 36 months,8.49,107000.0,16.23,OWN,B
8000.0, 36 months,11.99,22000.0,28.92,OWN,C
21000.0, 60 months,12.88,174000.0,5.71,RENT,C
30000.0, 36 months,13.18,77300.0,2.87,OWN,C
5000.0, 36 months,13.44,30000.0,35.56,OWN,C
5500.0, 36 months,11.22,36000.0,18.87,RENT,B
14400.0, 36 months,10.64,98000.0,28.1,OWN,B
10000.0, 36 months,9.17,54000.0,26.71,RENT,B
7000.0, 36 months,11.99,60000.0,26.08,RENT,C
25000.0, 60 months,9.8,85000.0,14.78,RENT,B
24150.0, 36 months,13.99,134641.49,14.94,MORTGAGE,C
17600.0, 36 months,7.91,40000.0,15.45,RENT,A
14000.0, 36 months,6.49,40000.0,14.27,MORTGAGE,A
24000.0, 36 months,11.99,68000.0,26.09,OWN,C
15700.0, 60 months,11.99,61000.0,15.64,MORTGAGE,C
11200.0, 60 months,19.48,40000.0,25.98,MORTGAGE,E
2500.0, 36 months,9.17,100000.0,8.9,MORTGAGE,B
10000.0, 60 months,11.48,55000.0,22.74,MORTGAGE,B
6400.0, 36 months,13.18,50000.0,30.48,MORTGAGE,C
35000.0, 60 months,13.18,110000.0,37.83,RENT,C
15000.0, 36 months,10.64,180000.0,24.87,MORTGAGE,B
35000.0, 36 months,11.99,105000.0,38.07,MORTGAGE,C
14000.0, 36 months,11.99,110000.0,15.97,RENT,C
8400.0, 36 months,9.17,100000.0,8.0,OWN,B
9000.0, 36 months,7.91,75000.0,16.99,OWN,A
18000.0, 36 months,13.99,36000.0,6.53,RENT,C
9800.0, 36 months,11.22,36000.0,5.73,RENT,B
22500.0, 36 months,13.67,51142.0,25.95,RENT,C
8000.0, 36 months,10.64,59000.0,17.88,MORTGAGE,B
14000.0, 36 months,16.99,75000.0,20.56,MORTGAGE,D
3600.0, 36 months,14.85,62200.0,20.48,RENT,C
18000.0, 36 months,9.8,150000.0,13.79,MORTGAGE,B
35000.0, 60 months,17.97,80000.0,17.94,RENT,D
5000.0, 36 months,16.59,25000.0,27.08,RENT,D
18800.0, 36 months,13.67,47000.0,32.02,RENT,C
10800.0, 36 months,12.88,69000.0,18.37,MORTGAGE,C
7675.0, 36 months,11.48,35000.0,10.12,OWN,B
8500.0, 36 months,10.78,55040.0,9.18,MORTGAGE,B
12000.0, 60 months,7.91,75000.0,6.4,MORTGAGE,A
13250.0, 60 months,18.49,59000.0,31.63,MORTGAGE,D
4600.0, 36 months,17.97,15396.0,2.96,RENT,D
25625.0, 60 months,25.09,91600.0,25.39,MORTGAGE,F
5000.0, 36 months,11.99,44268.0,20.36,MORTGAGE,C
33600.0, 60 months,19.89,80000.0,30.66,RENT,E
10000.0, 36 months,13.99,80000.0,16.44,MORTGAGE,C
21000.0, 36 months,5.32,218000.0,16.64,MORTGAGE,A
10800.0, 36 months,13.44,60000.0,27.64,RENT,C
30000.0, 36 months,7.49,107111.0,13.09,MORTGAGE,A
15000.0, 36 months,5.32,44000.0,15.34,MORTGAGE,A
14000.0, 36 months,10.78,135000.0,11.98,RENT,B
24000.0, 60 months,13.44,80000.0,19.13,MORTGAGE,C
10000.0, 36 months,11.48,58000.0,12.77,MORTGAGE,B
5450.0, 36 months,6.0,85000.0,20.92,RENT,C
35000.0, 36 months,14.48,100000.0,33.9,RENT,C
12000.0, 60 months,13.44,54000.0,6.07,MORTGAGE,C
19000.0, 36 months,11.99,38000.0,23.78,RENT,C
3000.0, 36 months,10.78,90000.0,23.72,MORTGAGE,B
30000.0, 36 months,13.99,95000.0,18.97,MORTGAGE,C
7000.0, 36 months,10.78,55000.0,23.19,MORTGAGE,B
10000.0, 36 months,6.89,33000.0,8.11,MORTGAGE,A
28000.0, 36 months,5.32,450000.0,14.79,MORTGAGE,A
9075.0, 36 months,18.49,40000.0,37.02,MORTGAGE,D
16000.0, 60 months,7.91,65000.0,9.12,OWN,A
8800.0, 36 months,18.2,60507.0,18.39,MORTGAGE,E
3500.0, 36 months,7.49,32000.0,29.95,RENT,A
22000.0, 60 months,10.64,114000.0,21.43,MORTGAGE,B
15000.0, 36 months,6.99,100000.0,22.01,MORTGAGE,A
19050.0, 36 months,14.48,55000.0,38.12,OWN,C
5000.0, 36 months,16.55,53000.0,11.93,RENT,D
12000.0, 36 months,13.44,75000.0,15.09,RENT,C
8000.0, 36 months,12.88,40000.0,19.95,MORTGAGE,C
14000.0, 60 months,13.99,38000.0,11.72,OWN,C
10000.0, 36 months,13.67,60000.0,26.64,MORTGAGE,C
10000.0, 36 months,7.89,109000.0,13.57,MORTGAGE,A
24000.0, 60 months,18.49,165000.0,13.05,RENT,D
7575.0, 36 months,13.99,16500.0,39.27,RENT,C
24000.0, 36 months,10.78,125000.0,23.39,MORTGAGE,B
12000.0, 60 months,13.18,150000.0,6.46,MORTGAGE,C
5000.0, 36 months,9.8,60250.0,1.41,RENT,B
11200.0, 36 months,5.32,60000.0,11.02,MORTGAGE,A
10000.0, 36 months,11.99,40000.0,9.12,RENT,C
35000.0, 60 months,11.99,105000.0,27.53,MORTGAGE,C
13000.0, 36 months,7.49,65000.0,25.54,MORTGAGE,A
20475.0, 60 months,20.5,60000.0,20.66,OWN,E
10400.0, 60 months,12.88,52000.0,8.7,RENT,C
22400.0, 60 months,14.85,96000.0,20.45,RENT,C
35000.0, 36 months,13.99,89000.0,15.01,MORTGAGE,C
16000.0, 60 months,13.99,80000.0,11.57,RENT,C
10000.0, 36 months,7.49,33000.0,28.69,RENT,A
30000.0, 36 months,10.64,70000.0,15.11,RENT,B
9600.0, 36 months,6.49,64567.05,10.48,RENT,A
7000.0, 36 months,12.88,80000.0,33.62,MORTGAGE,C
2000.0, 36 months,11.22,40000.0,31.73,OWN,B
9375.0, 36 months,17.57,38536.0,16.13,RENT,D
9000.0, 36 months,7.49,46344.0,22.73,RENT,A
12000.0, 36 months,12.88,160000.0,18.95,MORTGAGE,C
15000.0, 36 months,12.88,75000.0,15.7,MORTGAGE,C
9900.0, 36 months,7.26,89000.0,13.94,RENT,A
10000.0, 36 months,9.8,98000.0,14.71,MORTGAGE,B
31500.0, 36 months,10.78,145000.0,29.82,MORTGAGE,B
20000.0, 36 months,5.32,187000.0,14.68,MORTGAGE,A
18225.0, 36 months,15.41,50000.0,34.04,MORTGAGE,D
12000.0, 36 months,10.78,29500.0,16.27,RENT,B
15000.0, 36 months,11.48,50000.0,13.66,RENT,B
4000.0, 36 months,6.24,65000.0,19.26,MORTGAGE,A
15000.0, 36 months,9.17,80000.0,9.3,MORTGAGE,B
9000.0, 36 months,13.99,28000.0,24.52,RENT,C
24000.0, 36 months,6.89,140000.0,8.37,MORTGAGE,A
10000.0, 36 months,18.49,77000.0,10.88,RENT,D
6025.0, 36 months,10.78,62000.0,9.39,MORTGAGE,B
28000.0, 60 months,22.45,98000.0,19.88,RENT,F
5000.0, 36 months,6.49,55000.0,29.15,OWN,A
5000.0, 36 months,8.49,29000.0,6.46,MORTGAGE,B
28000.0, 60 months,10.78,116000.0,26.83,MORTGAGE,B
20000.0, 36 months,11.48,63000.0,33.03,OWN,B
25000.0, 36 months,6.89,102000.0,1.0,MORTGAGE,A
19500.0, 36 months,14.85,46800.0,20.64,MORTGAGE,C
12000.0, 36 months,6.49,223000.0,7.22,OWN,A
5000.0, 36 months,11.48,43498.0,26.2,OWN,B
7500.0, 36 months,17.97,15000.0,37.2,OWN,D
33600.0, 60 months,14.48,135000.0,22.94,RENT,C
17600.0, 36 months,14.85,96000.0,16.45,MORTGAGE,C
9450.0, 36 months,18.2,37000.0,17.74,MORTGAGE,E
5925.0, 36 months,8.49,47000.0,17.9,OWN,B
15000.0, 60 months,26.06,41000.0,13.57,MORTGAGE,F
35000.0, 60 months,9.76,300000.0,9.11,MORTGAGE,B
21600.0, 60 months,7.89,75000.0,10.98,MORTGAGE,A
21000.0, 36 months,16.55,103000.0,16.3,RENT,D
25000.0, 36 months,5.32,99000.0,8.29,RENT,A
6425.0, 36 months,15.77,41000.0,2.87,RENT,D
4875.0, 36 months,9.17,70000.0,26.01,MORTGAGE,B
3000.0, 36 months,7.49,45000.0,21.63,RENT,A
7000.0, 36 months,13.67,57000.0,14.55,RENT,C
12000.0, 36 months,9.8,105600.0,14.56,OWN,B
5300.0, 36 months,10.78,55000.0,23.01,RENT,B
12000.0, 36 months,7.26,72500.0,11.89,RENT,A
28000.0, 36 months,7.26,400000.0,14.35,MORTGAGE,A
30000.0, 36 months,6.99,75000.0,18.91,RENT,A
30000.0, 60 months,9.17,80000.0,24.84,MORTGAGE,B
9000.0, 36 months,12.59,52000.0,27.6,RENT,C
6000.0, 36 months,14.85,80000.0,6.78,RENT,C
16000.0, 36 months,10.78,91000.0,32.18,RENT,B
20000.0, 36 months,11.48,79000.0,8.39,OWN,B
12000.0, 36 months,5.32,100000.0,19.33,MORTGAGE,A
6000.0, 36 months,6.99,77000.0,8.95,OWN,A
14000.0, 36 months,8.49,101000.0,17.45,MORTGAGE,B
18000.0, 60 months,13.44,57000.0,18.4,RENT,C
16000.0, 60 months,11.48,65000.0,21.16,RENT,B
7700.0, 36 months,14.85,24000.0,27.5,RENT,C
11650.0, 60 months,20.5,48500.0,24.65,MORTGAGE,E
20000.0, 36 months,10.78,75000.0,24.89,RENT,B
11200.0, 36 months,10.78,60000.0,9.14,MORTGAGE,B
14000.0, 36 months,8.38,32000.0,32.26,OWN,B
16000.0, 60 months,13.99,53000.0,31.45,OWN,C
28000.0, 36 months,5.32,90000.0,14.96,MORTGAGE,A
25000.0, 36 months,6.99,90000.0,17.03,MORTGAGE,A
12000.0, 36 months,9.17,101800.0,15.44,RENT,B
19200.0, 36 months,5.32,75000.0,3.05,MORTGAGE,A
12000.0, 60 months,17.97,58000.0,29.46,RENT,D
3500.0, 36 months,8.38,168000.0,16.41,MORTGAGE,B
15000.0, 36 months,7.49,76000.0,9.33,MORTGAGE,A
35000.0, 36 months,14.85,100000.0,11.27,RENT,C
2500.0, 36 months,11.99,50400.0,12.48,MORTGAGE,C
14400.0, 36 months,7.91,70000.0,18.7,MORTGAGE,A
5000.0, 36 months,10.64,80000.0,35.7,MORTGAGE,B
14000.0, 36 months,6.99,100200.0,19.34,MORTGAGE,A
28000.0, 36 months,5.32,135000.0,8.56,MORTGAGE,A
6400.0, 36 months,15.77,51716.0,13.0,RENT,D
24000.0, 36 months,6.99,90000.0,24.48,MORTGAGE,A
18000.0, 36 months,8.49,55000.0,27.17,RENT,B
30000.0, 36 months,7.26,94000.0,29.31,MORTGAGE,A
24000.0, 36 months,9.17,75000.0,10.11,MORTGAGE,B
24000.0, 36 months,9.17,62000.0,11.63,RENT,B
17625.0, 36 months,17.57,42000.0,18.86,RENT,D
7800.0, 36 months,7.91,44013.0,14.97,MORTGAGE,A
12600.0, 36 months,13.67,94000.0,25.04,MORTGAGE,C
15000.0, 36 months,6.99,152800.0,10.34,MORTGAGE,A
15200.0, 60 months,13.99,69998.0,14.52,OWN,C
7500.0, 36 months,11.99,111000.0,14.09,RENT,C
20000.0, 36 months,5.32,130000.0,8.35,MORTGAGE,A
12000.0, 60 months,10.64,58000.0,19.1,MORTGAGE,B
3000.0, 36 months,17.27,40800.0,28.53,RENT,D
18000.0, 36 months,7.26,77000.0,10.99,RENT,A
3200.0, 36 months,16.99,33000.0,30.76,MORTGAGE,D
3000.0, 36 months,7.49,86000.0,1.94,MORTGAGE,A
12000.0, 36 months,13.67,70000.0,24.86,RENT,C
12000.0, 60 months,19.89,74000.0,18.59,MORTGAGE,E
20000.0, 36 months,16.59,75000.0,30.1,MORTGAGE,D
3000.0, 36 months,12.88,45000.0,9.47,RENT,C
28000.0, 36 months,5.32,90000.0,26.04,MORTGAGE,A
15000.0, 36 months,9.8,60000.0,14.56,RENT,B
4000.0, 36 months,15.77,48000.0,31.58,RENT,D
15000.0, 36 months,8.49,140000.0,21.42,MORTGAGE,B
24000.0, 36 months,13.18,80000.0,26.88,RENT,C
7000.0, 36 months,8.38,75000.0,13.0,RENT,B
24000.0, 36 months,6.99,265000.0,32.28,MORTGAGE,A
15600.0, 60 months,14.48,46500.0,34.79,RENT,C
16000.0, 36 months,12.59,160000.0,21.37,RENT,C
24000.0, 36 months,13.44,89000.0,24.2,MORTGAGE,C
20000.0, 60 months,11.99,63000.0,7.04,RENT,C
16000.0, 60 months,17.27,60000.0,31.84,MORTGAGE,D
28000.0, 36 months,7.26,175000.0,10.04,RENT,A
10000.0, 36 months,11.99,25000.0,17.41,RENT,C
5000.0, 36 months,17.57,20000.0,34.09,OWN,D
12000.0, 36 months,11.99,75000.0,10.59,RENT,C
6000.0, 36 months,10.78,54000.0,31.56,OWN,B
3000.0, 36 months,10.78,80000.0,20.72,MORTGAGE,B
5025.0, 36 months,14.85,47000.0,14.86,MORTGAGE,C
28000.0, 60 months,8.49,75000.0,24.83,MORTGAGE,B
2400.0, 36 months,12.88,70000.0,9.69,RENT,C
18650.0, 36 months,17.27,37300.0,16.12,MORTGAGE,D
8000.0, 36 months,6.49,41000.0,8.17,MORTGAGE,A
35000.0, 60 months,13.18,105000.0,24.68,MORTGAGE,C
24000.0, 36 months,11.22,135000.0,4.23,RENT,B
10000.0, 36 months,5.32,120000.0,15.5,MORTGAGE,A
6375.0, 36 months,20.99,38000.0,32.22,RENT,E
8000.0, 36 months,8.38,131000.0,14.06,RENT,B
6500.0, 36 months,10.78,22000.0,33.99,OWN,B
16000.0, 60 months,18.2,120000.0,10.57,OWN,E
15000.0, 36 months,16.55,58000.0,23.13,MORTGAGE,D
27500.0, 36 months,18.99,55000.0,22.58,RENT,E
2000.0, 36 months,14.85,72000.0,18.66,RENT,C
14000.0, 60 months,19.48,40280.0,24.88,RENT,E
10000.0, 36 months,13.99,52500.0,16.07,RENT,C
15000.0, 36 months,8.49,50000.0,29.84,MORTGAGE,B
17600.0, 36 months,13.18,40000.0,17.82,OWN,C
14000.0, 36 months,6.99,51914.0,22.56,MORTGAGE,A
28000.0, 36 months,5.32,200000.0,13.82,MORTGAGE,A
20000.0, 36 months,11.99,50000.0,9.44,RENT,C
13050.0, 60 months,26.06,43500.0,22.79,MORTGAGE,F
12000.0, 36 months,7.91,71000.0,24.86,MORTGAGE,A
20000.0, 36 months,9.8,78000.0,16.74,MORTGAGE,B
10000.0, 36 months,11.22,38000.0,16.66,OWN,B
22925.0, 60 months,18.2,65000.0,31.89,RENT,E
13000.0, 36 months,11.99,65000.0,14.77,RENT,C
10000.0, 36 months,9.17,40000.0,19.62,OWN,B
1500.0, 36 months,17.27,45000.0,20.4,RENT,D
15000.0, 36 months,9.8,85000.0,16.81,MORTGAGE,B
18900.0, 36 months,13.44,43000.0,23.36,RENT,C
14000.0, 36 months,10.64,86000.0,20.82,RENT,B
14250.0, 36 months,15.77,31000.0,22.45,MORTGAGE,D
29875.0, 60 months,23.13,76000.0,30.45,MORTGAGE,F
24925.0, 36 months,11.48,70000.0,21.16,MORTGAGE,B
7900.0, 36 months,12.88,18000.0,15.2,OWN,C
5000.0, 36 months,7.49,29520.0,32.07,MORTGAGE,A
15200.0, 36 months,9.17,136000.0,9.35,RENT,B
32000.0, 36 months,18.99,80250.0,23.66,RENT,E
17500.0, 36 months,12.88,95700.0,10.09,OWN,C
20000.0, 36 months,15.77,60000.0,13.24,MORTGAGE,D
8425.0, 36 months,9.8,115000.0,2.78,OWN,B
7000.0, 36 months,9.17,109000.0,33.02,MORTGAGE,B
12000.0, 36 months,7.26,36000.0,11.67,OWN,A
1500.0, 36 months,9.8,93000.0,33.4,OWN,B
27000.0, 60 months,24.24,120000.0,20.52,MORTGAGE,F
10000.0, 36 months,6.99,220000.0,4.76,RENT,A
10000.0, 60 months,12.59,43000.0,15.85,MORTGAGE,C
7200.0, 36 months,9.17,65000.0,14.03,RENT,B
9000.0, 36 months,9.76,55120.0,8.45,RENT,B
2950.0, 36 months,13.99,70000.0,20.47,RENT,C
17000.0, 36 months,13.44,45000.0,25.92,OWN,C
4000.0, 36 months,9.17,60000.0,8.92,RENT,B
10000.0, 36 months,8.49,35000.0,22.67,RENT,B
20000.0, 36 months,11.48,50000.0,14.57,RENT,B
12000.0, 36 months,9.17,105000.0,7.39,RENT,B
35000.0, 36 months,13.67,145000.0,32.14,RENT,C
24300.0, 60 months,21.48,70000.0,34.47,OWN,E
10000.0, 36 months,12.59,30000.0,25.48,RENT,C
8000.0, 36 months,7.89,40000.0,15.36,RENT,A
9000.0, 36 months,7.91,31980.0,6.72,OWN,A
30000.0, 36 months,15.77,175000.0,18.5,MORTGAGE,D
3000.0, 36 months,9.17,32500.0,14.19,RENT,B
7500.0, 36 months,8.49,42500.0,9.74,RENT,B
2700.0, 36 months,11.99,52000.0,9.58,RENT,C
17000.0, 36 months,9.17,80470.0,22.23,MORTGAGE,B
19200.0, 36 months,6.49,105000.0,13.82,MORTGAGE,A
35000.0, 36 months,7.91,125000.0,14.04,MORTGAGE,A
28000.0, 36 months,5.32,350000.0,16.82,MORTGAGE,A
35000.0, 60 months,19.48,70000.0,31.27,RENT,E
10000.0, 36 months,13.44,80000.0,29.28,RENT,C
9000.0, 36 months,5.32,33000.0,22.64,MORTGAGE,A
14000.0, 36 months,9.8,130000.0,11.99,MORTGAGE,B
10000.0, 36 months,9.17,45000.0,3.84,MORTGAGE,B
4000.0, 36 months,11.48,54704.0,27.34,MORTGAGE,B
8000.0, 36 months,16.55,60000.0,12.24,RENT,D
16000.0, 36 months,9.17,60000.0,31.06,OWN,B
16000.0, 60 months,19.89,90000.0,24.9,RENT,E
10000.0, 60 months,12.59,30000.0,19.4,RENT,C
20000.0, 36 months,9.17,125000.0,14.22,MORTGAGE,B
35000.0, 36 months,10.64,100000.0,25.32,MORTGAGE,B
12000.0, 60 months,11.99,70000.0,19.0,RENT,C
10000.0, 36 months,9.76,51000.0,37.6,MORTGAGE,B
20000.0, 36 months,8.49,50000.0,26.81,OWN,B
10000.0, 36 months,11.48,52000.0,15.46,MORTGAGE,B
18000.0, 60 months,11.48,52000.0,26.26,MORTGAGE,B
10000.0, 36 months,9.8,90000.0,3.83,OWN,B
29900.0, 60 months,26.06,65000.0,14.12,RENT,F
28000.0, 60 months,14.48,75000.0,33.95,OWN,C
14000.0, 36 months,13.18,62434.0,18.22,RENT,C
25000.0, 36 months,11.99,90000.0,18.11,MORTGAGE,C
14400.0, 36 months,7.26,68000.0,21.0,MORTGAGE,A
18000.0, 60 months,18.49,145000.0,15.54,RENT,D
16525.0, 60 months,16.59,42000.0,33.66,RENT,D
6500.0, 36 months,9.8,59500.0,15.07,RENT,B
8000.0, 36 months,14.85,38000.0,29.12,MORTGAGE,C
5925.0, 36 months,13.44,50000.0,35.8,OWN,C
7525.0, 36 months,11.22,49700.0,27.94,MORTGAGE,B
5000.0, 36 months,5.32,83000.0,24.73,RENT,A
7500.0, 36 months,14.48,130000.0,18.81,MORTGAGE,C
12000.0, 36 months,7.91,98000.0,16.73,MORTGAGE,A
15000.0, 36 months,12.88,82000.0,24.5,OWN,C
15000.0, 36 months,10.78,65000.0,16.31,RENT,B
2000.0, 36 months,11.99,180000.0,12.66,MORTGAGE,C
21600.0, 36 months,6.99,120000.0,15.84,MORTGAGE,A
10000.0, 36 months,7.91,52000.0,27.65,RENT,A
7200.0, 36 months,6.89,36500.0,33.21,MORTGAGE,A
24000.0, 36 months,6.49,51000.0,21.67,OWN,A
18250.0, 36 months,11.48,39696.0,24.55,MORTGAGE,B
20000.0, 36 months,6.49,121900.0,19.65,RENT,A
9000.0, 36 months,5.32,48000.0,18.55,MORTGAGE,A
7000.0, 36 months,6.99,65000.0,27.0,MORTGAGE,A
12000.0, 36 months,6.49,61500.0,22.81,MORTGAGE,A
3000.0, 36 months,9.17,31200.0,18.77,RENT,B
9575.0, 36 months,7.89,52000.0,31.5,RENT,A
24000.0, 36 months,8.49,80000.0,11.8,MORTGAGE,B
17700.0, 36 months,14.48,94600.0,13.37,RENT,C
30000.0, 36 months,7.91,110000.0,20.18,OWN,A
35000.0, 60 months,15.77,300000.0,7.53,MORTGAGE,D
8400.0, 36 months,12.88,130000.0,10.51,OWN,C
15000.0, 36 months,10.78,35000.0,15.23,RENT,B
6000.0, 36 months,9.17,44359.0,5.57,RENT,B
8800.0, 36 months,17.57,20000.0,36.79,RENT,D
17000.0, 60 months,15.77,39500.0,32.42,MORTGAGE,D
8000.0, 36 months,6.24,48000.0,19.85,RENT,A
16000.0, 36 months,9.17,60000.0,24.76,MORTGAGE,B
17500.0, 60 months,14.85,93288.0,23.9,RENT,C
21000.0, 36 months,8.49,100000.0,17.69,MORTGAGE,B
9600.0, 36 months,13.67,38500.0,22.26,RENT,C
20000.0, 36 months,11.99,78000.0,27.1,MORTGAGE,C
1000.0, 36 months,13.44,50000.0,3.07,RENT,C
28000.0, 36 months,6.89,87000.0,22.55,MORTGAGE,A
25000.0, 60 months,15.77,60000.0,20.92,RENT,D
15000.0, 36 months,9.76,60000.0,20.8,MORTGAGE,B
18400.0, 36 months,15.77,75000.0,22.93,MORTGAGE,D
17000.0, 36 months,7.91,110000.0,5.0,MORTGAGE,A
12950.0, 36 months,11.22,36000.0,9.67,OWN,B
2800.0, 36 months,16.59,29000.0,30.92,RENT,D
9000.0, 36 months,11.99,50000.0,15.24,MORTGAGE,C
15000.0, 60 months,18.49,70000.0,22.54,MORTGAGE,E
24000.0, 36 months,9.8,100000.0,25.55,RENT,B
5000.0, 36 months,10.78,39756.0,34.19,RENT,B
20000.0, 60 months,13.44,58000.0,22.55,MORTGAGE,C
2650.0, 36 months,12.88,23000.0,28.79,RENT,C
35000.0, 36 months,19.48,120000.0,18.99,MORTGAGE,E
11200.0, 60 months,12.88,52000.0,15.81,MORTGAGE,C
35000.0, 36 months,9.76,115000.0,11.41,RENT,B
5000.0, 36 months,9.8,47000.0,16.47,MORTGAGE,B
1975.0, 36 months,13.99,19084.0,26.35,RENT,C
8000.0, 36 months,14.85,40000.0,20.85,OWN,C
30000.0, 60 months,13.44,130000.0,19.36,RENT,C
12000.0, 36 months,9.17,175000.0,11.46,RENT,B
15500.0, 36 months,9.17,80000.0,5.94,RENT,B
5600.0, 36 months,8.38,44000.0,20.92,OWN,B
28000.0, 36 months,6.24,150000.0,19.66,RENT,A
33000.0, 36 months,12.59,88500.0,29.63,MORTGAGE,C
21000.0, 60 months,12.88,86500.0,23.36,OWN,C
32000.0, 36 months,11.48,107000.0,19.13,MORTGAGE,B
20000.0, 36 months,6.89,141000.0,2.34,MORTGAGE,A
2000.0, 36 months,13.99,26700.0,34.02,MORTGAGE,C
6000.0, 36 months,11.99,95000.0,4.51,RENT,C
15000.0, 60 months,11.99,103000.0,32.33,MORTGAGE,C
24000.0, 36 months,6.49,157000.0,21.67,RENT,A
21000.0, 60 months,19.48,133308.0,24.17,MORTGAGE,E
12000.0, 36 months,13.99,50000.0,20.98,RENT,C
25500.0, 36 months,11.99,72000.0,16.37,RENT,C
12000.0, 36 months,7.89,52000.0,20.03,MORTGAGE,A
17000.0, 36 months,11.99,60000.0,28.76,MORTGAGE,C
35000.0, 60 months,20.5,107000.0,29.89,RENT,E
16150.0, 60 months,13.67,60000.0,24.46,RENT,C
3600.0, 36 months,11.99,100000.0,6.73,MORTGAGE,C
16000.0, 36 months,8.49,115000.0,13.16,RENT,B
7200.0, 36 months,8.38,29580.0,10.47,OWN,B
4000.0, 36 months,7.91,70000.0,22.4,MORTGAGE,A
10000.0, 36 months,6.49,80000.0,22.17,MORTGAGE,A
20000.0, 36 months,11.48,185000.0,25.7,RENT,B
14000.0, 60 months,16.59,57000.0,26.97,MORTGAGE,D
20000.0, 36 months,6.89,136500.0,34.55,OWN,A
25000.0, 36 months,7.26,80000.0,19.44,MORTGAGE,A
4175.0, 36 months,24.24,20000.0,15.19,OWN,F
24000.0, 60 months,14.85,80000.0,24.3,MORTGAGE,C
15000.0, 60 months,14.85,50000.0,1.61,OWN,C
21000.0, 60 months,15.41,80100.0,35.49,RENT,D
16000.0, 36 months,7.26,64000.0,14.72,MORTGAGE,A
10000.0, 36 months,13.44,83000.0,15.17,MORTGAGE,C
20000.0, 60 months,16.59,100000.0,20.0,MORTGAGE,D
18000.0, 36 months,5.32,104000.0,21.74,MORTGAGE,A
7725.0, 36 months,11.22,62000.0,17.85,MORTGAGE,B
5000.0, 36 months,16.55,67000.0,10.84,MORTGAGE,D
2400.0, 36 months,7.91,85000.0,28.35,MORTGAGE,A
16000.0, 36 months,5.32,75000.0,13.23,MORTGAGE,A
3500.0, 36 months,11.22,36000.0,29.96,RENT,B
35000.0, 60 months,12.59,190000.0,34.0,RENT,C
9000.0, 36 months,9.8,43000.0,11.61,RENT,B
18000.0, 36 months,9.17,52000.0,25.36,RENT,B
35000.0, 36 months,9.17,105000.0,31.5,MORTGAGE,B
5000.0, 36 months,10.64,27040.0,28.35,OWN,B
15000.0, 36 months,7.49,56000.0,32.77,RENT,A
7000.0, 36 months,9.8,60000.0,18.0,RENT,B
6000.0, 36 months,15.41,36000.0,9.23,RENT,D
12000.0, 36 months,6.99,130000.0,19.33,MORTGAGE,A
15000.0, 60 months,10.78,88000.0,20.07,MORTGAGE,B
9000.0, 36 months,8.49,163000.0,11.7,RENT,B
3600.0, 36 months,13.99,41000.0,24.3,MORTGAGE,C
12000.0, 36 months,8.38,191000.0,18.51,MORTGAGE,B
2400.0, 36 months,20.99,47000.0,22.52,MORTGAGE,E
18000.0, 36 months,13.44,108000.0,16.26,RENT,C
5775.0, 36 months,18.99,40000.0,20.34,MORTGAGE,E
15000.0, 36 months,11.99,65350.0,21.63,MORTGAGE,C
35000.0, 36 months,14.85,100000.0,26.47,MORTGAGE,C
1600.0, 36 months,16.55,53000.0,31.42,RENT,D
15000.0, 36 months,11.48,70000.0,31.08,RENT,B
35000.0, 36 months,10.78,134000.0,23.09,MORTGAGE,B
28000.0, 60 months,13.18,130000.0,18.12,MORTGAGE,C
8000.0, 36 months,11.99,60000.0,23.78,MORTGAGE,C
20000.0, 60 months,16.59,100000.0,12.38,MORTGAGE,D
28000.0, 36 months,5.32,265000.0,9.49,MORTGAGE,A
2400.0, 36 months,17.27,30296.0,19.87,RENT,D
15000.0, 36 months,13.44,42000.0,28.2,RENT,C
20000.0, 36 months,6.99,130000.0,25.03,MORTGAGE,A
5000.0, 36 months,19.48,24000.0,13.2,OWN,E
9600.0, 36 months,10.64,70000.0,17.03,RENT,B
28000.0, 60 months,16.59,146000.0,24.09,MORTGAGE,D
27000.0, 60 months,19.89,125000.0,14.88,MORTGAGE,E
12000.0, 36 months,9.17,45000.0,6.02,RENT,B
6000.0, 36 months,10.64,55000.0,33.25,RENT,B
11200.0, 36 months,9.8,69500.0,19.6,OWN,B
5000.0, 36 months,7.89,47840.0,27.37,RENT,A
8000.0, 36 months,10.78,30000.0,26.71,OWN,B
11175.0, 36 months,17.97,25400.0,21.91,RENT,D
6000.0, 36 months,8.49,100000.0,29.96,MORTGAGE,B
20000.0, 60 months,15.77,60000.0,9.02,OWN,D
13200.0, 60 months,12.88,100000.0,23.39,MORTGAGE,C
16825.0, 36 months,13.44,60000.0,28.41,RENT,C
6000.0, 36 months,11.48,270000.0,11.14,OWN,B
6025.0, 36 months,11.99,70000.0,11.04,RENT,C
14400.0, 60 months,18.2,40000.0,24.69,RENT,E
15400.0, 36 months,16.55,35000.0,25.0,RENT,D
16000.0, 36 months,10.64,200000.0,28.26,OWN,B
7200.0, 36 months,11.99,52000.0,13.71,RENT,C
10000.0, 36 months,8.49,68000.0,25.27,OWN,B
4950.0, 36 months,14.85,105800.0,33.29,MORTGAGE,C
8000.0, 36 months,14.85,53040.0,20.54,RENT,C
9600.0, 36 months,8.49,75000.0,8.62,MORTGAGE,B
10000.0, 36 months,5.32,43000.0,6.03,RENT,A
8200.0, 36 months,9.76,93400.0,25.08,RENT,B
5050.0, 36 months,7.89,12000.0,19.1,RENT,A
20000.0, 36 months,12.88,65000.0,16.49,RENT,C
24000.0, 60 months,11.22,85000.0,18.11,OWN,B
15000.0, 36 months,6.49,74000.0,15.87,RENT,A
16200.0, 60 months,19.99,45000.0,31.73,OWN,E
15000.0, 36 months,10.64,80000.0,16.07,OWN,B
6000.0, 36 months,7.49,74000.0,18.81,MORTGAGE,A
20000.0, 60 months,12.59,105000.0,14.12,MORTGAGE,C
32000.0, 36 months,12.88,110000.0,13.84,MORTGAGE,C
10525.0, 36 months,15.41,34300.0,35.24,MORTGAGE,D
30000.0, 36 months,16.59,124000.0,26.26,RENT,D
14000.0, 36 months,11.99,90000.0,24.15,MORTGAGE,C
20000.0, 36 months,10.78,150000.0,25.02,MORTGAGE,B
15750.0, 36 months,16.59,50000.0,21.96,RENT,D
20000.0, 36 months,7.49,100000.0,12.18,MORTGAGE,A
26400.0, 36 months,11.99,60000.0,8.55,RENT,C
5000.0, 36 months,11.22,28000.0,7.04,RENT,B
35000.0, 60 months,20.5,240000.0,15.26,MORTGAGE,E
10375.0, 60 months,19.89,100000.0,8.89,OWN,E
30000.0, 60 months,18.49,73000.0,17.01,MORTGAGE,E
16700.0, 36 months,8.49,42000.0,19.66,MORTGAGE,B
8000.0, 36 months,9.8,37000.0,39.09,MORTGAGE,B
28000.0, 36 months,5.32,105000.0,17.62,MORTGAGE,A
35000.0, 60 months,19.48,80500.0,18.93,MORTGAGE,E
20000.0, 60 months,13.99,60000.0,23.24,OWN,C
13200.0, 36 months,9.76,50891.0,13.07,MORTGAGE,B
30000.0, 60 months,9.17,400000.0,8.54,RENT,B
3000.0, 36 months,19.89,48000.0,35.33,MORTGAGE,E
8400.0, 36 months,12.59,96500.0,15.11,MORTGAGE,C
10000.0, 36 months,6.99,39000.0,16.25,OWN,A
6000.0, 36 months,9.17,65000.0,10.43,MORTGAGE,B
16000.0, 60 months,11.99,81000.0,16.36,MORTGAGE,C
16000.0, 36 months,9.8,80000.0,4.38,MORTGAGE,B
12000.0, 36 months,5.32,80000.0,17.79,MORTGAGE,A
17000.0, 36 months,13.99,90000.0,18.36,MORTGAGE,C
12600.0, 36 months,11.99,35000.0,32.51,RENT,C
10000.0, 60 months,17.27,110000.0,16.43,RENT,D
16000.0, 36 months,6.89,79000.0,32.09,MORTGAGE,A
4800.0, 36 months,13.44,31200.0,25.5,MORTGAGE,C
7500.0, 36 months,9.17,30000.0,21.48,MORTGAGE,B
3600.0, 36 months,14.85,41200.0,34.66,OWN,C
12225.0, 36 months,16.59,94000.0,10.62,MORTGAGE,D
7000.0, 36 months,8.38,50000.0,7.35,RENT,B
14225.0, 60 months,17.97,35600.0,24.24,OWN,D
5000.0, 36 months,6.99,61000.0,30.53,MORTGAGE,A
18000.0, 60 months,17.57,45000.0,22.0,RENT,D
10000.0, 36 months,6.99,54000.0,14.96,RENT,A
1000.0, 36 months,10.78,27000.0,25.87,RENT,B
14400.0, 36 months,15.77,40000.0,36.93,RENT,D
20000.0, 36 months,9.17,86000.0,24.87,MORTGAGE,B
16800.0, 60 months,13.67,55000.0,16.98,RENT,C
11200.0, 60 months,13.67,60000.0,21.08,MORTGAGE,C
19000.0, 36 months,14.85,38000.0,25.9,RENT,C
20000.0, 36 months,10.78,127000.0,17.54,MORTGAGE,B
4000.0, 36 months,11.48,30000.0,9.44,RENT,B
12000.0, 36 months,6.49,86000.0,13.51,MORTGAGE,A
5000.0, 36 months,8.38,50000.0,23.14,MORTGAGE,B
10000.0, 36 months,11.99,80000.0,15.27,MORTGAGE,C
20000.0, 36 months,11.48,210000.0,15.35,RENT,B
10000.0, 36 months,10.78,72000.0,12.02,MORTGAGE,B
7525.0, 36 months,17.27,32000.0,33.91,RENT,D
8975.0, 36 months,18.49,62000.0,33.22,MORTGAGE,E
10500.0, 36 months,8.49,52000.0,18.62,MORTGAGE,B
20000.0, 60 months,17.27,81360.0,27.78,MORTGAGE,D
35000.0, 36 months,10.64,400000.0,0.57,MORTGAGE,B
19000.0, 36 months,16.59,38000.0,20.13,RENT,D
6300.0, 36 months,10.64,18310.8,28.98,RENT,B
9600.0, 36 months,6.49,130000.0,15.88,MORTGAGE,A
10000.0, 36 months,7.91,55500.0,18.37,MORTGAGE,A
10000.0, 36 months,10.78,43000.0,28.22,MORTGAGE,B
32000.0, 36 months,11.99,110000.0,17.7,MORTGAGE,C
5200.0, 36 months,6.24,50000.0,13.32,RENT,A
18000.0, 36 months,9.8,85000.0,21.49,MORTGAGE,B
16000.0, 36 months,9.17,120000.0,22.61,RENT,B
9150.0, 36 months,17.97,50000.0,1.44,OWN,D
2500.0, 36 months,12.59,75000.0,17.69,MORTGAGE,C
22800.0, 60 months,26.99,80000.0,23.78,OWN,G
35000.0, 60 months,17.86,130000.0,16.31,MORTGAGE,D
7250.0, 36 months,13.99,14544.0,29.42,RENT,C
35000.0, 60 months,17.97,140000.0,21.45,MORTGAGE,D
5000.0, 36 months,9.17,21600.0,19.89,RENT,B
8000.0, 36 months,9.8,26000.0,5.68,RENT,B
13875.0, 36 months,13.99,100000.0,4.01,OWN,C
10000.0, 36 months,11.99,42000.0,37.37,OWN,C
10000.0, 36 months,7.91,23000.0,11.22,RENT,A
35000.0, 36 months,9.17,125000.0,8.24,OWN,B
20000.0, 36 months,9.17,94000.0,28.25,MORTGAGE,B
15000.0, 36 months,11.99,40000.0,29.77,RENT,C
3000.0, 36 months,12.88,52000.0,1.06,MORTGAGE,C
8000.0, 36 months,7.91,65000.0,14.9,OWN,A
28000.0, 60 months,12.88,121000.0,14.35,MORTGAGE,C
10000.0, 36 months,13.99,41200.0,18.23,RENT,C
7600.0, 36 months,18.99,59500.0,18.76,RENT,E
8975.0, 36 months,13.67,52000.0,18.83,RENT,C
14400.0, 36 months,7.26,116900.0,16.03,MORTGAGE,A
12500.0, 36 months,6.24,80000.0,23.28,MORTGAGE,A
35000.0, 36 months,7.91,165000.0,18.89,MORTGAGE,A
25000.0, 36 months,12.88,120000.0,16.57,RENT,C
7000.0, 36 months,5.32,45000.0,11.8,OWN,A
35000.0, 60 months,19.89,103000.0,25.07,MORTGAGE,E
10000.0, 60 months,13.44,50403.0,16.95,RENT,C
7200.0, 36 months,13.67,58000.0,14.38,RENT,C
15000.0, 60 months,10.78,38000.0,19.93,MORTGAGE,B
12000.0, 60 months,14.85,52500.0,31.25,RENT,C
35000.0, 60 months,12.59,100000.0,12.65,MORTGAGE,C
5000.0, 36 months,7.91,55000.0,19.99,MORTGAGE,A
17500.0, 60 months,13.99,55000.0,14.16,RENT,C
24000.0, 36 months,7.91,95000.0,13.11,MORTGAGE,A
9000.0, 36 months,8.49,42000.0,25.2,OWN,B
15000.0, 36 months,11.22,110000.0,19.9,MORTGAGE,B
13600.0, 60 months,25.09,40000.0,28.35,RENT,F
25000.0, 36 months,6.24,96000.0,6.38,RENT,A
5475.0, 36 months,18.99,108000.0,33.47,MORTGAGE,E
10000.0, 36 months,8.49,49000.0,19.25,MORTGAGE,B
25950.0, 60 months,18.99,59000.0,20.93,MORTGAGE,E
19875.0, 60 months,15.77,58000.0,23.19,MORTGAGE,D
24000.0, 36 months,9.17,112000.0,19.56,RENT,B
2400.0, 36 months,10.64,55000.0,19.59,RENT,B
35000.0, 36 months,13.44,125000.0,24.19,MORTGAGE,C
25000.0, 36 months,17.27,50000.0,19.21,RENT,D
11525.0, 36 months,14.85,40000.0,16.68,MORTGAGE,C
5000.0, 36 months,10.78,14400.0,12.25,OWN,B
12000.0, 36 months,5.32,77000.0,15.87,MORTGAGE,A
8000.0, 36 months,10.78,40000.0,28.5,RENT,B
28000.0, 36 months,7.49,100000.0,20.25,MORTGAGE,A
35000.0, 36 months,7.49,150000.0,23.34,MORTGAGE,A
12000.0, 36 months,9.8,34180.0,30.34,RENT,B
19000.0, 60 months,14.48,70000.0,9.3,RENT,C
10400.0, 36 months,7.91,35620.0,21.46,RENT,A
15000.0, 60 months,13.44,31000.0,6.81,RENT,C
9600.0, 36 months,9.17,125000.0,9.06,MORTGAGE,B
17875.0, 60 months,21.99,85000.0,19.84,MORTGAGE,F
15000.0, 36 months,8.49,120000.0,26.85,RENT,B
18550.0, 60 months,17.57,58000.0,21.62,RENT,D
9275.0, 36 months,19.89,62000.0,14.34,MORTGAGE,E
3600.0, 36 months,9.17,100000.0,21.35,MORTGAGE,B
21200.0, 36 months,11.22,53000.0,17.05,RENT,B
30000.0, 36 months,9.8,100000.0,20.82,MORTGAGE,B
12000.0, 60 months,17.97,71400.0,37.48,MORTGAGE,D
10000.0, 36 months,8.38,63000.0,29.39,RENT,B
20850.0, 60 months,15.77,129500.0,34.59,MORTGAGE,D
7500.0, 36 months,7.91,29000.0,23.55,RENT,A
18000.0, 36 months,11.99,45000.0,21.21,MORTGAGE,C
32000.0, 36 months,13.67,142000.0,24.84,RENT,C
5000.0, 36 months,9.8,30000.0,4.72,RENT,B
3500.0, 36 months,10.78,130000.0,19.69,MORTGAGE,B
10000.0, 36 months,6.49,108000.0,5.72,MORTGAGE,A
12450.0, 36 months,17.86,50000.0,28.59,OWN,D
15000.0, 36 months,6.89,52500.0,14.79,RENT,A
25000.0, 60 months,7.91,90000.0,11.29,OWN,A
23450.0, 60 months,15.77,65440.0,30.92,MORTGAGE,D
15000.0, 60 months,11.99,51000.0,8.78,RENT,C
14000.0, 36 months,9.8,175000.0,25.43,MORTGAGE,B
5000.0, 36 months,11.99,104000.0,9.39,RENT,C
10000.0, 36 months,12.88,65000.0,14.73,MORTGAGE,C
25000.0, 36 months,5.32,80000.0,21.0,MORTGAGE,A
15000.0, 36 months,10.78,128000.0,13.75,RENT,B
8700.0, 36 months,9.17,110000.0,2.19,MORTGAGE,B
35000.0, 60 months,23.99,300000.0,9.23,RENT,F
6000.0, 36 months,14.85,90000.0,19.8,MORTGAGE,C
34975.0, 60 months,15.41,120000.0,22.49,RENT,D
5600.0, 36 months,14.85,110000.0,34.74,MORTGAGE,C
20000.0, 36 months,6.49,145000.0,7.37,MORTGAGE,A
12000.0, 60 months,18.2,73000.0,15.44,MORTGAGE,E
18700.0, 60 months,18.49,61259.0,9.89,RENT,D
35000.0, 36 months,17.27,85000.0,35.08,MORTGAGE,D
35000.0, 60 months,13.67,143000.0,15.5,MORTGAGE,C
12000.0, 36 months,6.99,76000.0,4.26,RENT,A
4000.0, 36 months,11.99,42000.0,18.26,RENT,C
8000.0, 36 months,15.77,45000.0,17.92,RENT,D
4300.0, 36 months,10.78,45000.0,1.97,RENT,B
9600.0, 36 months,12.88,89000.0,24.31,MORTGAGE,C
4325.0, 36 months,16.55,42199.0,37.4,MORTGAGE,D
13600.0, 60 months,15.77,123000.0,8.33,RENT,D
30000.0, 36 months,13.99,100000.0,26.23,MORTGAGE,C
4225.0, 36 months,14.85,35000.0,15.22,RENT,C
8000.0, 36 months,6.99,58000.0,18.03,MORTGAGE,A
4200.0, 36 months,12.59,34000.0,5.72,OWN,C
2000.0, 36 months,14.48,75000.0,12.85,MORTGAGE,C
15600.0, 60 months,11.22,48000.0,13.15,RENT,B
35000.0, 36 months,9.17,93000.0,29.06,MORTGAGE,B
3500.0, 36 months,9.8,45000.0,22.29,MORTGAGE,B
14500.0, 36 months,12.59,33000.0,30.47,OWN,C
8400.0, 36 months,9.8,102000.0,8.34,RENT,B
2500.0, 36 months,10.64,60000.0,6.78,RENT,B
35000.0, 36 months,18.99,90000.0,3.04,MORTGAGE,E
30000.0, 36 months,7.49,135000.0,15.53,MORTGAGE,A
20000.0, 36 months,12.88,50000.0,4.94,OWN,C
10400.0, 36 months,8.49,62400.0,24.13,RENT,B
5000.0, 36 months,8.49,38000.0,30.57,RENT,B
12225.0, 36 months,15.77,55000.0,8.27,RENT,D
18000.0, 60 months,12.59,70500.0,27.51,MORTGAGE,C
15000.0, 36 months,6.24,75000.0,18.27,MORTGAGE,A
11050.0, 36 months,17.27,84000.0,15.56,RENT,D
23825.0, 36 months,17.97,117132.0,20.54,MORTGAGE,D
5400.0, 36 months,5.32,41000.0,26.23,RENT,A
20000.0, 36 months,16.59,64500.0,27.57,MORTGAGE,D
25000.0, 60 months,18.49,86000.0,37.5,RENT,E
6400.0, 36 months,11.48,35000.0,19.71,RENT,B
6900.0, 36 months,19.89,80000.0,9.57,RENT,E
17600.0, 36 months,12.59,88000.0,24.85,MORTGAGE,C
22000.0, 36 months,12.59,76000.0,17.74,RENT,C
9600.0, 36 months,7.49,56000.0,32.21,MORTGAGE,A
17500.0, 60 months,19.48,35000.0,35.12,MORTGAGE,E
1800.0, 36 months,7.49,50000.0,8.28,MORTGAGE,A
4500.0, 36 months,13.99,140000.0,9.65,MORTGAGE,C
12000.0, 36 months,7.26,87319.0,21.55,MORTGAGE,A
5000.0, 36 months,8.49,90000.0,15.53,RENT,B
16000.0, 36 months,7.91,115000.0,13.73,RENT,A
4125.0, 36 months,26.06,69000.0,15.13,MORTGAGE,F
12000.0, 36 months,6.89,110000.0,19.12,MORTGAGE,A
20000.0, 36 months,9.17,95000.0,19.37,RENT,B
16300.0, 36 months,11.99,75000.0,24.74,RENT,C
5000.0, 36 months,9.8,37200.0,27.94,RENT,B
10000.0, 36 months,6.49,35000.0,19.24,RENT,A
6000.0, 36 months,7.49,242000.0,19.22,RENT,A
15000.0, 36 months,11.48,55000.0,18.82,RENT,B
22850.0, 60 months,15.41,70000.0,36.28,RENT,D
12000.0, 36 months,5.32,64400.0,2.45,MORTGAGE,A
10650.0, 36 months,15.77,33000.0,31.89,OWN,D
7800.0, 36 months,16.59,48000.0,31.7,MORTGAGE,D
8675.0, 36 months,9.17,18100.0,31.56,RENT,B
30000.0, 36 months,10.78,125000.0,20.45,MORTGAGE,B
15000.0, 36 months,12.88,46000.0,29.79,MORTGAGE,C
5000.0, 36 months,6.99,80000.0,14.3,MORTGAGE,A
6000.0, 36 months,9.8,48000.0,22.18,MORTGAGE,B
12000.0, 36 months,9.8,70000.0,13.46,MORTGAGE,B
15000.0, 36 months,7.26,43188.0,27.23,RENT,A
9100.0, 36 months,9.17,70000.0,25.6,MORTGAGE,B
15000.0, 36 months,11.48,75000.0,8.86,MORTGAGE,B
10000.0, 36 months,13.99,35000.0,29.01,RENT,C
24000.0, 60 months,13.67,130000.0,31.53,MORTGAGE,C
28000.0, 36 months,7.89,75000.0,14.46,MORTGAGE,A
25000.0, 60 months,10.78,50000.0,39.3,RENT,B
10000.0, 36 months,10.78,60000.0,38.23,MORTGAGE,B
11750.0, 36 months,11.99,28000.0,29.86,OWN,C
1500.0, 36 months,14.85,35360.0,20.33,OWN,C
4000.0, 36 months,14.85,55000.0,39.89,RENT,C
21625.0, 60 months,24.24,80000.0,29.84,MORTGAGE,F
24000.0, 36 months,8.49,525000.0,5.14,MORTGAGE,B
2000.0, 36 months,11.99,55000.0,11.37,RENT,C
9600.0, 36 months,14.85,74873.0,22.38,MORTGAGE,C
20000.0, 36 months,7.26,90000.0,12.64,RENT,A
32000.0, 36 months,6.99,144542.0,20.5,MORTGAGE,A
4000.0, 36 months,13.67,37000.0,8.41,RENT,C
6000.0, 36 months,9.17,74000.0,9.0,RENT,B
12300.0, 60 months,22.45,43000.0,24.28,RENT,F
1900.0, 36 months,11.22,78000.0,0.38,MORTGAGE,B
8000.0, 36 months,12.88,55000.0,9.03,MORTGAGE,C
6400.0, 36 months,14.85,45000.0,18.53,RENT,C
8000.0, 36 months,10.78,28000.0,29.02,RENT,B
5000.0, 36 months,12.59,30000.0,13.4,RENT,C
16350.0, 36 months,9.76,68000.0,19.02,MORTGAGE,B
16000.0, 36 months,7.49,47500.0,28.85,MORTGAGE,A
13000.0, 36 months,9.76,95000.0,6.09,MORTGAGE,B
15000.0, 60 months,9.8,35179.0,23.47,MORTGAGE,B
23000.0, 36 months,14.48,57000.0,32.69,RENT,C
18000.0, 60 months,13.99,63000.0,23.25,MORTGAGE,C
16000.0, 36 months,12.88,91000.0,11.78,MORTGAGE,C
15000.0, 36 months,6.99,84480.0,28.81,RENT,A
20000.0, 36 months,13.18,75000.0,24.72,RENT,C
9500.0, 36 months,13.18,57000.0,17.75,RENT,C
14000.0, 36 months,5.32,87000.0,15.74,RENT,A
10000.0, 36 months,6.24,42000.0,3.89,MORTGAGE,A
8675.0, 36 months,13.99,40166.0,27.22,MORTGAGE,C
15000.0, 36 months,11.48,127000.0,28.48,MORTGAGE,B
2400.0, 36 months,16.59,14000.0,30.87,RENT,D
4200.0, 36 months,9.17,100000.0,13.2,MORTGAGE,B
21000.0, 60 months,11.48,52000.0,28.14,RENT,B
20000.0, 60 months,16.55,65000.0,32.59,RENT,D
6000.0, 36 months,16.59,48000.0,7.23,MORTGAGE,D
21000.0, 60 months,13.67,120000.0,20.07,RENT,C
10000.0, 36 months,11.48,72000.0,22.83,RENT,B
18825.0, 60 months,16.55,80000.0,18.83,MORTGAGE,D
8125.0, 36 months,9.76,55000.0,22.63,MORTGAGE,B
11200.0, 36 months,5.32,82500.0,14.79,MORTGAGE,A
14000.0, 36 months,5.32,100000.0,21.38,MORTGAGE,A
18000.0, 36 months,7.89,46000.0,11.66,RENT,A
18375.0, 60 months,11.99,170000.0,7.41,MORTGAGE,C
1500.0, 36 months,13.99,48000.0,24.33,RENT,C
18000.0, 60 months,14.85,70000.0,10.85,MORTGAGE,C
24000.0, 36 months,9.8,67000.0,19.67,MORTGAGE,B
12000.0, 36 months,13.99,90000.0,29.15,MORTGAGE,C
30800.0, 60 months,17.97,111000.0,33.98,MORTGAGE,D
12000.0, 36 months,9.76,61000.0,25.95,MORTGAGE,B
4475.0, 36 months,15.77,35000.0,3.22,RENT,D
23450.0, 60 months,17.86,51000.0,28.42,MORTGAGE,D
20000.0, 36 months,11.22,67000.0,15.21,RENT,B
11200.0, 36 months,13.99,120000.0,6.54,MORTGAGE,C
18000.0, 60 months,17.57,20000.0,44.09,RENT,D
35000.0, 60 months,19.89,166400.0,5.99,MORTGAGE,E
18000.0, 60 months,12.88,87500.0,10.46,MORTGAGE,C
10000.0, 36 months,17.86,20000.0,16.92,RENT,D
14000.0, 36 months,10.78,120000.0,12.52,MORTGAGE,B
15000.0, 36 months,10.78,160000.0,7.85,RENT,B
31950.0, 36 months,19.99,120000.0,16.81,RENT,E
3600.0, 36 months,6.99,150000.0,28.08,MORTGAGE,A
20000.0, 36 months,7.91,80000.0,23.22,MORTGAGE,A
16000.0, 36 months,7.91,58000.0,10.32,RENT,A
6000.0, 36 months,11.48,53000.0,15.92,RENT,B
10000.0, 36 months,11.48,43000.0,20.32,MORTGAGE,B
23100.0, 60 months,19.48,55000.0,22.24,MORTGAGE,E
27600.0, 60 months,7.91,73000.0,23.77,MORTGAGE,A
20000.0, 60 months,13.99,65000.0,14.31,MORTGAGE,C
8000.0, 36 months,6.89,40000.0,19.68,RENT,A
23000.0, 36 months,5.32,90000.0,20.92,MORTGAGE,A
9150.0, 36 months,9.8,52000.0,6.77,RENT,B
2500.0, 36 months,13.18,60000.0,13.82,RENT,C
9600.0, 36 months,9.76,145600.0,3.08,RENT,B
15000.0, 36 months,9.8,55000.0,35.23,RENT,B
21850.0, 36 months,14.48,55000.0,15.27,MORTGAGE,C
3500.0, 36 months,10.78,122400.0,17.97,MORTGAGE,B
5000.0, 36 months,14.48,56000.0,18.41,RENT,C
35000.0, 36 months,22.99,100000.0,20.24,MORTGAGE,F
19675.0, 60 months,21.48,86000.0,8.09,MORTGAGE,E
15000.0, 36 months,5.32,71000.0,26.19,RENT,A
5650.0, 36 months,8.38,50000.0,21.6,RENT,B
1000.0, 36 months,11.99,83000.0,2.92,MORTGAGE,C
17625.0, 60 months,20.99,42000.0,27.03,MORTGAGE,E
35000.0, 60 months,10.78,225000.0,24.71,MORTGAGE,B
10000.0, 36 months,8.49,55000.0,11.08,MORTGAGE,B
10000.0, 36 months,11.99,30000.0,19.32,MORTGAGE,C
14400.0, 60 months,16.59,93000.0,17.29,OWN,D
5000.0, 36 months,8.49,195000.0,14.17,MORTGAGE,B
17500.0, 36 months,5.32,115000.0,9.94,MORTGAGE,A
35000.0, 60 months,12.59,115000.0,27.29,MORTGAGE,C
35000.0, 36 months,15.77,120000.0,13.34,MORTGAGE,D
8000.0, 36 months,10.78,35000.0,11.83,MORTGAGE,B
8000.0, 36 months,21.48,25000.0,33.08,RENT,E
22400.0, 60 months,10.78,68557.0,18.07,MORTGAGE,B
27000.0, 36 months,7.49,120000.0,11.28,MORTGAGE,A
9000.0, 36 months,13.44,29600.0,26.97,OWN,C
30000.0, 60 months,13.99,70000.0,20.72,OWN,C
10000.0, 36 months,9.17,43000.0,12.39,MORTGAGE,B
4000.0, 36 months,14.85,90000.0,9.48,MORTGAGE,C
18000.0, 36 months,6.49,76000.0,14.4,MORTGAGE,A
4675.0, 36 months,17.27,13000.0,34.07,MORTGAGE,D
5000.0, 36 months,11.48,90000.0,17.41,RENT,B
10000.0, 36 months,6.99,50000.0,12.7,MORTGAGE,A
9000.0, 36 months,10.78,84000.0,7.52,OWN,B
10000.0, 36 months,14.85,42000.0,19.23,MORTGAGE,C
21000.0, 36 months,5.32,55000.0,25.13,RENT,A
3000.0, 36 months,5.32,120000.0,20.04,RENT,A
7200.0, 36 months,7.89,55000.0,5.39,RENT,A
7675.0, 36 months,9.8,16000.0,26.11,OWN,B
6500.0, 36 months,8.49,80000.0,7.86,MORTGAGE,B
20000.0, 36 months,11.48,250000.0,17.08,OWN,B
20000.0, 36 months,11.99,90000.0,14.13,MORTGAGE,C
20350.0, 60 months,17.27,70000.0,25.39,RENT,D
26000.0, 36 months,6.49,124400.0,26.03,MORTGAGE,A
24000.0, 36 months,5.32,120000.0,15.82,MORTGAGE,A
18700.0, 36 months,7.49,105000.0,31.94,MORTGAGE,A
20000.0, 60 months,16.59,60000.0,31.88,RENT,D
12000.0, 36 months,13.67,120000.0,10.01,MORTGAGE,C
16000.0, 36 months,7.49,70000.0,12.09,RENT,A
2400.0, 36 months,8.49,28000.0,10.42,MORTGAGE,B
5000.0, 36 months,12.88,45000.0,34.21,MORTGAGE,C
15000.0, 60 months,13.18,65000.0,25.81,RENT,C
20000.0, 36 months,5.32,62000.0,25.71,OWN,A
8000.0, 36 months,11.48,52000.0,30.09,OWN,B
15000.0, 60 months,9.17,42000.0,11.03,OWN,B
12000.0, 60 months,18.2,38000.0,29.88,RENT,E
12000.0, 36 months,6.49,50000.0,28.18,RENT,A
10000.0, 36 months,5.32,67000.0,9.8,MORTGAGE,A
20000.0, 60 months,19.48,68400.0,22.71,RENT,E
30000.0, 60 months,12.88,190617.0,25.57,RENT,C
20000.0, 60 months,22.45,90000.0,20.71,RENT,F
26550.0, 60 months,16.99,68100.0,26.36,MORTGAGE,D
18000.0, 36 months,7.49,120000.0,34.07,MORTGAGE,A
4000.0, 36 months,12.88,70000.0,38.95,MORTGAGE,C
10000.0, 60 months,14.85,45000.0,19.78,MORTGAGE,C
19350.0, 60 months,17.27,75000.0,33.54,MORTGAGE,D
4325.0, 36 months,20.99,74000.0,16.46,RENT,E
25000.0, 36 months,13.67,85000.0,10.62,OWN,C
4000.0, 36 months,9.8,47500.0,5.79,MORTGAGE,B
11000.0, 60 months,16.99,48000.0,19.55,MORTGAGE,D
15000.0, 36 months,8.49,43000.0,25.45,RENT,B
10775.0, 36 months,11.99,28000.0,27.43,OWN,C
10400.0, 60 months,13.99,34000.0,16.81,RENT,C
24000.0, 60 months,7.91,116250.0,19.88,MORTGAGE,A
20000.0, 36 months,10.78,51450.0,27.83,RENT,B
10000.0, 36 months,11.99,130000.0,16.63,RENT,C
6500.0, 36 months,12.88,40000.0,29.7,RENT,C
20000.0, 36 months,10.78,42000.0,23.66,RENT,B
22000.0, 60 months,19.99,75000.0,15.49,RENT,E
3000.0, 36 months,9.17,61000.0,13.9,RENT,B
6000.0, 36 months,6.49,72000.0,25.08,MORTGAGE,A
16200.0, 60 months,18.99,45000.0,23.63,MORTGAGE,E
27600.0, 36 months,11.99,60000.0,25.7,RENT,C
11900.0, 36 months,18.49,35000.0,37.72,MORTGAGE,E
10000.0, 36 months,7.49,70000.0,13.3,RENT,A
6500.0, 36 months,5.32,55250.0,1.98,MORTGAGE,A
13500.0, 60 months,13.44,73000.0,14.75,MORTGAGE,C
15000.0, 36 months,7.49,68201.0,14.99,RENT,A
8000.0, 36 months,12.88,104986.0,11.9,OWN,C
10000.0, 60 months,12.88,120000.0,15.66,MORTGAGE,C
10000.0, 60 months,11.99,60000.0,14.54,RENT,C
4250.0, 36 months,12.88,55950.0,15.59,MORTGAGE,C
10000.0, 60 months,20.99,80000.0,16.15,RENT,E
1400.0, 36 months,16.59,54000.0,20.24,MORTGAGE,D
22000.0, 60 months,17.97,55000.0,22.34,MORTGAGE,D
16000.0, 36 months,9.76,45000.0,13.0,RENT,B
6200.0, 36 months,13.67,42000.0,27.46,MORTGAGE,C
11650.0, 36 months,11.99,35000.0,17.9,MORTGAGE,C
8000.0, 36 months,10.78,35500.0,6.05,MORTGAGE,B
25000.0, 36 months,6.99,160000.0,18.18,MORTGAGE,A
4400.0, 36 months,7.49,49000.0,18.79,MORTGAGE,A
20000.0, 36 months,11.99,65000.0,12.87,MORTGAGE,C
24000.0, 60 months,7.91,100000.0,3.27,MORTGAGE,A
15000.0, 60 months,11.48,113000.0,17.47,MORTGAGE,B
7200.0, 36 months,10.78,160000.0,9.85,MORTGAGE,B
20000.0, 60 months,13.99,70000.0,16.9,OWN,C
10000.0, 36 months,8.49,120000.0,9.44,RENT,B
20000.0, 36 months,11.99,60000.0,13.06,OWN,C
9000.0, 36 months,12.59,110000.0,12.49,OWN,C
15000.0, 36 months,6.49,105000.0,0.62,MORTGAGE,A
12000.0, 36 months,13.44,74000.0,37.56,MORTGAGE,C
30000.0, 60 months,13.99,120000.0,22.76,MORTGAGE,C
10800.0, 60 months,17.27,45000.0,35.84,MORTGAGE,D
6500.0, 36 months,11.48,62000.0,29.27,MORTGAGE,B
18000.0, 60 months,11.48,75000.0,13.74,MORTGAGE,B
20000.0, 36 months,7.89,90000.0,29.2,MORTGAGE,A
16800.0, 36 months,11.22,65000.0,38.15,RENT,B
20000.0, 36 months,11.48,40000.0,12.84,MORTGAGE,B
30000.0, 36 months,14.85,124000.0,15.61,MORTGAGE,C
2025.0, 36 months,19.48,75000.0,12.18,RENT,E
30000.0, 36 months,12.88,72000.0,22.89,RENT,C
13400.0, 60 months,16.55,44000.0,31.45,RENT,D
20000.0, 36 months,15.77,70000.0,22.21,RENT,D
10500.0, 36 months,13.99,38000.0,21.0,MORTGAGE,C
8000.0, 36 months,8.49,55000.0,20.18,RENT,B
1600.0, 36 months,12.59,85000.0,15.73,MORTGAGE,C
13475.0, 36 months,7.91,120000.0,19.79,OWN,A
16275.0, 60 months,17.57,86000.0,38.75,OWN,D
12000.0, 36 months,5.32,108000.0,12.25,RENT,A
12000.0, 36 months,7.91,150000.0,13.39,RENT,A
2700.0, 36 months,10.78,29000.0,2.48,OWN,B
12000.0, 36 months,8.38,120000.0,7.67,MORTGAGE,B
20000.0, 36 months,7.26,50000.0,14.04,OWN,A
14000.0, 36 months,7.49,62000.0,11.16,MORTGAGE,A
16725.0, 60 months,23.13,68190.0,30.14,OWN,F
15000.0, 36 months,13.99,72100.0,31.57,RENT,C
9600.0, 36 months,13.44,90000.0,28.07,MORTGAGE,C
21000.0, 60 months,16.59,90000.0,12.09,RENT,D
1000.0, 36 months,9.17,77463.0,16.44,MORTGAGE,B
10000.0, 36 months,9.8,37000.0,7.69,MORTGAGE,B
8000.0, 36 months,9.17,100000.0,14.52,MORTGAGE,B
18075.0, 60 months,17.57,75000.0,37.23,MORTGAGE,D
35000.0, 36 months,9.8,150000.0,11.04,MORTGAGE,B
30000.0, 36 months,12.88,139000.0,21.38,RENT,C
14000.0, 36 months,7.91,126500.0,9.06,MORTGAGE,A
14000.0, 60 months,9.8,120000.0,29.2,MORTGAGE,B
35000.0, 60 months,10.78,118000.0,20.47,OWN,B
7000.0, 36 months,5.32,16968.0,12.87,RENT,A
6500.0, 36 months,10.78,54000.0,24.61,MORTGAGE,B
7425.0, 36 months,11.99,37000.0,25.69,MORTGAGE,C
12000.0, 36 months,7.49,96000.0,10.9,MORTGAGE,A
12000.0, 36 months,9.76,48000.0,15.48,RENT,B
20000.0, 36 months,13.44,72000.0,18.09,RENT,C
6000.0, 36 months,13.44,29424.0,10.24,MORTGAGE,C
5000.0, 36 months,11.99,68500.0,16.36,MORTGAGE,C
28000.0, 36 months,11.99,135000.0,17.01,MORTGAGE,C
3600.0, 36 months,18.2,25000.0,24.58,RENT,E
10000.0, 36 months,10.64,60000.0,34.36,MORTGAGE,B
18850.0, 60 months,27.31,62000.0,20.44,RENT,G
15000.0, 36 months,13.99,30000.0,22.51,RENT,C
16000.0, 60 months,9.8,96000.0,16.28,MORTGAGE,B
24000.0, 60 months,16.59,70000.0,10.68,RENT,D
1000.0, 36 months,9.17,55000.0,8.34,MORTGAGE,B
3000.0, 36 months,13.18,40000.0,16.23,OWN,C
5000.0, 36 months,5.32,90000.0,4.38,MORTGAGE,A
20000.0, 36 months,11.48,78600.0,17.19,MORTGAGE,B
12000.0, 36 months,11.99,65000.0,14.84,MORTGAGE,C
8000.0, 36 months,9.17,53000.0,27.94,MORTGAGE,B
6000.0, 36 months,9.8,75000.0,9.66,RENT,B
15000.0, 36 months,11.48,45000.0,19.41,MORTGAGE,B
10000.0, 36 months,8.49,72000.0,22.62,MORTGAGE,B
18175.0, 36 months,9.8,38000.0,15.6,OWN,B
10000.0, 36 months,7.49,44000.0,23.19,RENT,A
7000.0, 36 months,11.99,30000.0,25.7,RENT,C
16800.0, 60 months,13.67,88000.0,36.1,MORTGAGE,C
11475.0, 60 months,21.48,35000.0,36.98,OWN,E
17600.0, 36 months,5.32,88000.0,26.59,MORTGAGE,A
26875.0, 60 months,21.48,70000.0,19.1,OWN,E
32000.0, 60 months,10.64,130000.0,11.53,RENT,B
24000.0, 36 months,7.91,109000.0,7.76,RENT,A
16000.0, 36 months,15.77,124000.0,31.42,OWN,D
8000.0, 36 months,9.76,40500.0,30.33,RENT,B
22400.0, 36 months,6.49,115000.0,12.0,MORTGAGE,A
11200.0, 36 months,6.49,58000.0,28.35,RENT,A
30000.0, 36 months,11.99,110000.0,22.97,MORTGAGE,C
13450.0, 60 months,22.45,40000.0,29.43,RENT,F
22000.0, 60 months,15.77,84000.0,29.01,MORTGAGE,D
23800.0, 36 months,18.99,75000.0,17.92,RENT,E
3000.0, 36 months,10.78,48650.0,10.11,MORTGAGE,B
35000.0, 36 months,11.99,200000.0,25.13,MORTGAGE,C
15000.0, 36 months,7.91,95000.0,23.04,MORTGAGE,A
8400.0, 36 months,12.88,52000.0,30.09,RENT,C
8400.0, 36 months,12.59,49000.0,16.39,MORTGAGE,C
20600.0, 36 months,9.17,115000.0,22.62,MORTGAGE,B
29900.0, 60 months,12.88,65000.0,21.77,MORTGAGE,C
12000.0, 36 months,11.48,40000.0,39.66,MORTGAGE,B
20550.0, 36 months,17.27,70000.0,29.21,RENT,D
13000.0, 36 months,5.32,104000.0,8.71,MORTGAGE,A
20000.0, 36 months,10.64,200000.0,7.38,RENT,B
8400.0, 36 months,6.49,48500.0,29.04,MORTGAGE,A
10000.0, 36 months,10.78,43747.0,20.96,RENT,B
23500.0, 36 months,11.48,55000.0,14.73,RENT,B
30000.0, 60 months,19.89,100000.0,12.41,MORTGAGE,E
16800.0, 36 months,10.78,54000.0,19.33,RENT,B
20000.0, 36 months,7.91,75000.0,17.78,RENT,A
6000.0, 36 months,7.91,50000.0,19.42,MORTGAGE,A
30000.0, 60 months,17.27,87500.0,21.01,MORTGAGE,D
10000.0, 36 months,6.24,45000.0,13.76,MORTGAGE,A
17500.0, 36 months,9.17,165000.0,9.02,MORTGAGE,B
12500.0, 36 months,8.38,70000.0,11.71,RENT,B
12000.0, 36 months,9.17,52000.0,15.95,MORTGAGE,B
7200.0, 36 months,10.64,37000.0,26.14,RENT,B
24000.0, 60 months,14.85,65000.0,30.15,OWN,C
15000.0, 36 months,10.78,80000.0,13.64,OWN,B
9000.0, 36 months,9.8,47500.0,24.81,MORTGAGE,B
25000.0, 60 months,18.99,79000.0,30.12,RENT,E
15000.0, 36 months,11.48,50000.0,14.07,RENT,B
15000.0, 36 months,10.78,45000.0,17.28,MORTGAGE,B
10000.0, 36 months,7.91,28000.0,22.55,OWN,A
25000.0, 60 months,13.99,64000.0,7.39,MORTGAGE,C
30000.0, 60 months,13.44,81000.0,12.03,MORTGAGE,C
15000.0, 36 months,12.59,55000.0,16.39,MORTGAGE,C
22525.0, 60 months,15.77,49000.0,17.93,OWN,D
12000.0, 36 months,12.88,75000.0,33.53,OWN,C
1200.0, 36 months,9.17,49000.0,1.22,MORTGAGE,B
6600.0, 36 months,7.91,150000.0,9.66,MORTGAGE,A
25000.0, 36 months,5.32,165000.0,14.98,MORTGAGE,A
10000.0, 36 months,11.99,78000.0,22.74,OWN,C
10000.0, 36 months,9.17,115000.0,10.16,MORTGAGE,B
10000.0, 36 months,13.44,90000.0,16.28,MORTGAGE,C
11400.0, 36 months,10.64,76000.0,24.43,RENT,B
12000.0, 60 months,9.76,62000.0,27.91,MORTGAGE,B
9000.0, 36 months,7.89,150000.0,8.2,OWN,A
3500.0, 36 months,11.48,17000.0,6.0,RENT,B
21000.0, 36 months,8.49,92000.0,19.89,MORTGAGE,B
32475.0, 60 months,18.99,65000.0,43.98,MORTGAGE,E
24000.0, 60 months,12.88,186000.0,8.29,MORTGAGE,C
8000.0, 36 months,16.99,30000.0,31.64,OWN,D
12000.0, 60 months,18.99,100000.0,21.75,MORTGAGE,E
35000.0, 60 months,18.49,160000.0,14.65,OWN,D
19200.0, 36 months,9.8,115000.0,8.78,MORTGAGE,B
5000.0, 36 months,5.32,42000.0,20.0,MORTGAGE,A
14775.0, 36 months,13.99,57200.0,29.88,RENT,C
27200.0, 36 months,6.99,124167.0,7.7,RENT,A
10000.0, 36 months,9.76,62000.0,9.69,OWN,B
8000.0, 36 months,6.99,45000.0,15.15,MORTGAGE,A
6000.0, 36 months,5.32,59000.0,10.59,MORTGAGE,A
25000.0, 36 months,7.49,130000.0,12.83,MORTGAGE,A
8000.0, 36 months,13.99,42000.0,23.26,RENT,C
15000.0, 36 months,12.88,45700.0,8.22,OWN,C
20000.0, 60 months,13.99,99000.0,17.76,RENT,C
15000.0, 60 months,13.18,82000.0,14.03,MORTGAGE,C
3600.0, 36 months,9.76,13300.0,23.71,RENT,B
3700.0, 36 months,18.99,53000.0,33.02,MORTGAGE,E
3000.0, 36 months,15.41,30000.0,24.0,RENT,D
6000.0, 36 months,13.44,22652.0,36.3,OWN,C
25000.0, 36 months,6.0,110000.0,25.97,RENT,C
18000.0, 36 months,12.88,108000.0,23.92,MORTGAGE,C
4350.0, 36 months,10.64,17669.0,26.15,RENT,B
18000.0, 60 months,10.78,70000.0,21.64,MORTGAGE,B
3000.0, 36 months,13.99,70000.0,24.76,RENT,C
27000.0, 36 months,11.22,210000.0,5.01,MORTGAGE,B
28100.0, 36 months,9.17,80000.0,22.38,MORTGAGE,B
20000.0, 60 months,15.77,63600.0,24.3,RENT,D
12000.0, 36 months,13.44,58000.0,12.77,MORTGAGE,C
14000.0, 60 months,18.49,59280.0,26.48,RENT,E
5000.0, 36 months,13.99,65000.0,20.83,OWN,C
7000.0, 36 months,7.26,60000.0,12.84,MORTGAGE,A
6000.0, 36 months,6.99,60000.0,16.64,MORTGAGE,A
8400.0, 36 months,9.8,72701.0,20.42,RENT,B
35000.0, 60 months,14.85,110000.0,4.64,RENT,C
10000.0, 36 months,8.49,72000.0,14.22,MORTGAGE,B
24000.0, 36 months,13.44,89000.0,37.63,MORTGAGE,C
10000.0, 36 months,6.99,115000.0,23.26,MORTGAGE,A
24000.0, 60 months,13.44,90000.0,6.76,MORTGAGE,C
27000.0, 36 months,15.77,80000.0,25.86,MORTGAGE,D
4500.0, 36 months,9.8,24000.0,4.85,RENT,B
5000.0, 36 months,8.49,43507.2,18.46,RENT,B
11500.0, 36 months,11.99,40000.0,23.4,OWN,C
10000.0, 36 months,9.17,42000.0,13.0,RENT,B
20000.0, 60 months,14.85,75000.0,18.76,OWN,C
20000.0, 36 months,11.48,350000.0,10.05,OWN,B
27500.0, 60 months,14.85,195000.0,6.79,MORTGAGE,C
20000.0, 36 months,9.17,60000.0,10.45,MORTGAGE,B
8000.0, 36 months,9.17,42000.0,33.8,RENT,B
8000.0, 36 months,12.88,46000.0,8.87,RENT,C
9000.0, 36 months,10.64,22000.0,17.41,RENT,B
9600.0, 36 months,12.59,92500.0,6.23,MORTGAGE,C
6000.0, 36 months,9.17,150000.0,9.11,RENT,B
25200.0, 36 months,7.49,108000.0,16.31,RENT,A
10000.0, 36 months,8.38,56000.0,38.81,MORTGAGE,B
6000.0, 36 months,11.99,32000.0,29.71,RENT,C
17000.0, 36 months,12.88,85000.0,20.82,OWN,C
9975.0, 36 months,11.22,70000.0,0.45,MORTGAGE,B
20800.0, 36 months,13.99,55000.0,21.21,MORTGAGE,C
5000.0, 36 months,10.78,34600.0,28.62,OWN,B
6500.0, 36 months,17.97,18100.0,34.58,RENT,D
3000.0, 36 months,12.88,60000.0,16.94,RENT,C
34550.0, 60 months,17.27,72000.0,22.93,MORTGAGE,D
26000.0, 36 months,10.78,89000.0,19.71,MORTGAGE,B
34000.0, 36 months,9.17,157000.0,12.0,OWN,B
12000.0, 36 months,6.89,87000.0,12.5,MORTGAGE,A
30000.0, 36 months,9.8,110000.0,16.29,MORTGAGE,B
9325.0, 36 months,7.89,52000.0,22.92,MORTGAGE,A
9000.0, 36 months,13.67,50000.0,22.8,MORTGAGE,C
12000.0, 60 months,13.99,38500.0,26.09,RENT,C
20000.0, 36 months,9.8,100000.0,10.42,MORTGAGE,B
14450.0, 36 months,15.77,42500.0,20.73,RENT,D
24000.0, 60 months,13.44,96000.0,22.7,MORTGAGE,C
24000.0, 36 months,6.99,127000.0,12.07,MORTGAGE,A
12000.0, 60 months,13.67,75000.0,17.44,MORTGAGE,C
28800.0, 36 months,18.49,100000.0,11.03,RENT,E
4000.0, 36 months,11.99,41501.0,12.9,RENT,C
5750.0, 36 months,15.77,65000.0,14.32,RENT,D
10000.0, 36 months,11.22,26000.0,17.82,RENT,B
9600.0, 36 months,7.49,60000.0,22.44,MORTGAGE,A
7325.0, 36 months,10.78,40000.0,10.95,RENT,B
30000.0, 36 months,7.89,122000.0,8.9,MORTGAGE,A
6000.0, 36 months,17.27,33000.0,13.96,OWN,D
15000.0, 36 months,8.38,57600.0,16.1,RENT,B
20000.0, 36 months,14.85,70000.0,7.51,RENT,C
25000.0, 36 months,6.49,80000.0,11.99,OWN,A
9800.0, 36 months,8.38,50000.0,23.09,OWN,B
25000.0, 36 months,11.99,140000.0,10.79,OWN,C
6000.0, 36 months,8.49,90000.0,11.2,RENT,B
16000.0, 60 months,17.97,109000.0,23.35,MORTGAGE,D
10000.0, 36 months,5.32,75000.0,5.17,MORTGAGE,A
12000.0, 36 months,8.49,160000.0,13.11,RENT,B
17550.0, 36 months,13.99,39000.0,33.78,MORTGAGE,C
8000.0, 36 months,6.49,48000.0,16.3,RENT,A
20000.0, 60 months,13.99,63500.0,14.97,OWN,C
8400.0, 36 months,13.18,18000.0,20.73,OWN,C
2000.0, 36 months,9.76,38000.0,20.66,MORTGAGE,B
12000.0, 36 months,7.26,180000.0,16.03,MORTGAGE,A
7000.0, 36 months,7.49,59000.0,13.06,MORTGAGE,A
24000.0, 60 months,11.99,130000.0,23.12,MORTGAGE,C
25000.0, 36 months,7.49,99413.0,19.17,MORTGAGE,A
5000.0, 36 months,9.17,50000.0,15.15,MORTGAGE,B
3500.0, 36 months,13.44,47000.0,32.53,RENT,C
17000.0, 36 months,14.48,100000.0,13.61,OWN,C
27000.0, 36 months,18.99,60000.0,21.4,MORTGAGE,E
7025.0, 36 months,14.85,23427.0,20.65,OWN,C
25075.0, 60 months,23.99,66000.0,34.69,MORTGAGE,F
24925.0, 60 months,24.24,78000.0,25.85,RENT,F
18000.0, 36 months,7.91,63000.0,18.04,MORTGAGE,A
24000.0, 36 months,7.91,165000.0,8.29,MORTGAGE,A
10850.0, 36 months,15.77,65000.0,13.42,RENT,D
6000.0, 36 months,5.32,30000.0,18.39,OWN,A
8425.0, 36 months,19.48,24800.0,26.23,OWN,E
5000.0, 36 months,9.76,35000.0,13.68,RENT,B
4600.0, 36 months,17.27,76000.0,12.87,MORTGAGE,D
7200.0, 36 months,9.17,85000.0,14.57,OWN,B
15000.0, 36 months,5.32,100000.0,12.53,RENT,A
11000.0, 60 months,18.99,55000.0,0.94,RENT,E
2000.0, 36 months,13.44,47000.0,5.67,MORTGAGE,C
16800.0, 60 months,8.49,58000.0,24.56,MORTGAGE,B
8225.0, 36 months,14.85,54000.0,38.98,MORTGAGE,C
15000.0, 60 months,19.89,62800.0,21.19,MORTGAGE,E
11000.0, 36 months,9.8,28000.0,15.43,RENT,B
19200.0, 36 months,5.32,60000.0,26.36,MORTGAGE,A
35000.0, 60 months,14.48,135000.0,21.01,MORTGAGE,C
16800.0, 36 months,8.49,40000.0,30.9,OWN,B
9000.0, 36 months,6.24,55000.0,25.83,MORTGAGE,A
1000.0, 36 months,13.99,30000.0,29.8,RENT,C
24000.0, 36 months,9.8,150000.0,8.67,MORTGAGE,B
18000.0, 36 months,11.48,134000.0,19.24,RENT,B
24000.0, 60 months,9.17,100000.0,18.6,RENT,B
35000.0, 60 months,11.99,77500.0,30.07,MORTGAGE,C
35000.0, 36 months,15.77,85000.0,18.99,MORTGAGE,D
18000.0, 36 months,8.38,58000.0,9.21,RENT,B
5000.0, 36 months,7.26,54500.0,16.34,RENT,A
6000.0, 36 months,11.99,40000.0,18.99,MORTGAGE,C
35000.0, 36 months,13.44,180000.0,23.33,MORTGAGE,C
16000.0, 60 months,16.59,35000.0,33.57,RENT,D
10000.0, 36 months,11.99,60000.0,28.28,MORTGAGE,C
6500.0, 36 months,13.44,41000.0,21.12,RENT,C
6000.0, 36 months,9.17,63000.0,3.83,OWN,B
20000.0, 60 months,11.99,115000.0,5.61,MORTGAGE,C
16000.0, 36 months,14.85,100000.0,11.92,RENT,C
10000.0, 36 months,9.17,100000.0,9.13,MORTGAGE,B
30000.0, 36 months,18.2,123600.0,26.81,OWN,E
12250.0, 36 months,14.85,26679.38,34.1,RENT,C
21000.0, 60 months,7.49,80000.0,20.27,MORTGAGE,A
7200.0, 36 months,13.99,30000.0,18.28,RENT,C
5325.0, 36 months,11.99,30000.0,11.48,RENT,C
20000.0, 36 months,7.49,69400.0,6.62,RENT,A
6700.0, 36 months,7.49,75000.0,24.31,MORTGAGE,A
25000.0, 36 months,7.49,132000.0,13.83,MORTGAGE,A
15000.0, 36 months,10.78,40000.0,10.17,RENT,B
14400.0, 60 months,23.13,40000.0,32.82,RENT,F
18850.0, 36 months,21.48,55000.0,15.56,MORTGAGE,E
5000.0, 36 months,10.78,42000.0,22.09,RENT,B
16000.0, 36 months,6.24,105000.0,31.02,MORTGAGE,A
6000.0, 36 months,9.8,24000.0,18.15,RENT,B
10875.0, 36 months,8.49,85000.0,24.3,MORTGAGE,B
15425.0, 36 months,9.17,70000.0,29.93,MORTGAGE,B
10000.0, 36 months,7.26,70000.0,15.14,MORTGAGE,A
8000.0, 36 months,7.26,85000.0,21.22,MORTGAGE,A
12000.0, 60 months,12.88,75000.0,19.58,MORTGAGE,C
8000.0, 36 months,10.78,53000.0,23.19,MORTGAGE,B
7700.0, 36 months,9.76,25000.0,26.69,MORTGAGE,B
20000.0, 36 months,5.32,82000.0,15.57,MORTGAGE,A
22400.0, 60 months,10.78,70000.0,17.75,MORTGAGE,B
28000.0, 60 months,27.31,70000.0,30.79,RENT,G
12000.0, 36 months,8.49,85567.0,34.43,MORTGAGE,B
35000.0, 60 months,14.85,158000.0,25.27,OWN,C
20250.0, 36 months,16.59,40536.0,17.35,RENT,D
12000.0, 36 months,11.48,70000.0,26.95,RENT,B
19300.0, 36 months,13.44,48261.96,17.11,MORTGAGE,C
26750.0, 60 months,10.64,99732.0,30.83,MORTGAGE,B
9500.0, 36 months,9.17,40000.0,32.22,OWN,B
2000.0, 36 months,9.8,32000.0,16.73,RENT,B
15000.0, 36 months,16.59,67000.0,15.22,OWN,D
10000.0, 36 months,6.49,150000.0,19.66,OWN,A
6000.0, 36 months,13.44,35000.0,16.74,RENT,C
20000.0, 36 months,6.99,65000.0,28.19,MORTGAGE,A
20000.0, 36 months,7.49,107600.0,15.2,MORTGAGE,A
10000.0, 36 months,8.38,104000.0,17.24,RENT,B
6000.0, 36 months,12.88,33280.0,21.93,RENT,C
30000.0, 36 months,13.99,83000.0,13.46,RENT,C
28000.0, 60 months,9.17,80000.0,16.97,MORTGAGE,B
8000.0, 36 months,9.17,60768.0,12.56,RENT,B
11425.0, 36 months,9.8,69000.0,25.84,MORTGAGE,B
12000.0, 36 months,9.17,85000.0,7.54,MORTGAGE,B
31500.0, 60 months,11.99,120000.0,10.55,MORTGAGE,C
35000.0, 60 months,12.59,125195.2,34.14,MORTGAGE,C
10000.0, 36 months,5.32,109000.0,22.12,MORTGAGE,A
20250.0, 60 months,10.64,55000.0,17.54,MORTGAGE,B
3975.0, 36 months,12.88,62000.0,9.91,MORTGAGE,C
10000.0, 60 months,17.27,30200.0,9.02,RENT,D
15000.0, 36 months,11.22,123000.0,17.26,MORTGAGE,B
4425.0, 36 months,15.41,40000.0,14.76,OWN,D
18900.0, 36 months,16.55,52500.0,21.39,RENT,D
7900.0, 36 months,15.41,15800.0,33.93,RENT,D
30000.0, 60 months,19.48,76000.0,17.39,OWN,E
18450.0, 36 months,11.99,41000.0,22.07,RENT,C
9000.0, 36 months,9.17,105000.0,6.31,MORTGAGE,B
2000.0, 36 months,13.44,55000.0,23.43,RENT,C
6700.0, 36 months,9.8,18395.0,25.76,RENT,B
14400.0, 36 months,13.67,73000.0,35.36,MORTGAGE,C
28000.0, 36 months,6.99,252000.0,5.58,RENT,A
18500.0, 36 months,6.49,72450.0,17.23,MORTGAGE,A
6375.0, 36 months,17.97,107000.0,8.24,RENT,D
21000.0, 36 months,7.91,125000.0,13.95,MORTGAGE,A
9600.0, 36 months,8.38,54000.0,23.09,MORTGAGE,B
4825.0, 36 months,12.59,30500.0,6.65,OWN,C
13325.0, 60 months,17.97,29000.0,11.84,MORTGAGE,D
14400.0, 60 months,15.41,69000.0,11.25,MORTGAGE,D
2000.0, 36 months,10.78,55000.0,16.15,MORTGAGE,B
6000.0, 36 months,7.49,60000.0,9.36,RENT,A
4200.0, 36 months,18.49,45000.0,20.13,MORTGAGE,D
5525.0, 36 months,18.2,55000.0,25.66,MORTGAGE,E
16000.0, 36 months,11.22,48000.0,14.58,RENT,B
30000.0, 60 months,9.76,80000.0,20.55,MORTGAGE,B
10000.0, 36 months,6.49,60000.0,8.44,MORTGAGE,A
28000.0, 36 months,7.91,250000.0,17.44,MORTGAGE,A
15175.0, 36 months,14.48,37939.08,19.84,MORTGAGE,C
24000.0, 36 months,7.49,95000.0,7.19,RENT,A
29500.0, 60 months,9.8,120000.0,17.98,MORTGAGE,B
21125.0, 36 months,14.85,78000.0,11.35,RENT,C
4200.0, 36 months,9.17,68000.0,18.83,RENT,B
6600.0, 36 months,13.44,75000.0,11.39,RENT,C
10350.0, 36 months,17.27,66000.0,11.27,MORTGAGE,D
10000.0, 36 months,10.78,30000.0,11.52,RENT,B
24000.0, 36 months,5.32,125000.0,24.54,MORTGAGE,A
10800.0, 36 months,12.88,27000.0,8.58,OWN,C
35000.0, 36 months,8.38,105000.0,5.51,RENT,B
20000.0, 36 months,13.44,64000.0,23.85,MORTGAGE,C
18000.0, 36 months,9.8,110000.0,13.92,RENT,B
25000.0, 60 months,7.91,120000.0,14.86,MORTGAGE,A
35000.0, 36 months,10.78,110000.0,25.38,MORTGAGE,B
15000.0, 36 months,10.78,55000.0,15.27,OWN,B
2150.0, 36 months,9.17,66000.0,4.6,OWN,B
10000.0, 36 months,13.44,30000.0,7.64,RENT,C
35000.0, 60 months,12.88,106000.0,17.36,MORTGAGE,C
8000.0, 36 months,5.32,85000.0,13.55,MORTGAGE,A
11200.0, 36 months,18.99,32000.0,34.06,MORTGAGE,E
12000.0, 36 months,11.22,66500.0,17.02,RENT,B
25000.0, 60 months,17.27,63000.0,10.76,RENT,D
5000.0, 36 months,12.88,55000.0,13.2,MORTGAGE,C
20000.0, 36 months,11.48,46000.0,25.1,MORTGAGE,B
11425.0, 36 months,16.99,35000.0,28.77,MORTGAGE,D
28000.0, 36 months,7.91,230000.0,14.85,MORTGAGE,A
6400.0, 36 months,11.99,40000.0,5.01,RENT,C
5000.0, 36 months,7.49,25000.0,14.4,RENT,A
30000.0, 36 months,10.78,260000.0,14.7,MORTGAGE,B
5000.0, 36 months,10.78,65631.9,18.12,MORTGAGE,B
9000.0, 36 months,9.8,137000.0,10.93,RENT,B
10000.0, 36 months,12.88,56000.0,30.63,RENT,C
12000.0, 36 months,5.32,145000.0,27.81,MORTGAGE,A
35000.0, 60 months,17.57,109626.0,32.82,MORTGAGE,D
29800.0, 36 months,13.44,99000.0,23.28,RENT,C
6000.0, 36 months,15.41,61900.0,20.32,MORTGAGE,D
25500.0, 36 months,11.22,93851.0,4.71,MORTGAGE,B
6000.0, 36 months,13.44,60000.0,5.02,MORTGAGE,C
18000.0, 36 months,11.22,70000.0,19.14,MORTGAGE,B
3000.0, 36 months,11.48,55000.0,3.53,MORTGAGE,B
18000.0, 36 months,5.32,178500.0,12.04,MORTGAGE,A
25000.0, 36 months,7.91,75000.0,27.76,MORTGAGE,A
28000.0, 36 months,6.99,135000.0,34.81,MORTGAGE,A
6000.0, 36 months,11.99,72000.0,2.15,RENT,C
8000.0, 36 months,9.8,65000.0,34.98,OWN,B
4300.0, 36 months,7.89,55000.0,17.94,RENT,A
12000.0, 36 months,5.32,65000.0,21.03,RENT,A
18000.0, 36 months,7.91,60000.0,11.52,OWN,A
3600.0, 36 months,9.17,65986.0,11.46,OWN,B
25200.0, 60 months,13.99,66300.0,22.91,MORTGAGE,C
4000.0, 36 months,18.99,56000.0,20.94,RENT,E
6600.0, 36 months,7.26,16678.9,14.54,OWN,A
5000.0, 36 months,11.48,83000.0,7.69,OWN,B
21000.0, 36 months,11.99,110000.0,18.3,MORTGAGE,C
12000.0, 36 months,14.85,45000.0,14.85,RENT,C
9000.0, 36 months,5.32,25000.0,15.6,OWN,A
14150.0, 60 months,19.89,68000.0,26.9,RENT,E
2800.0, 36 months,17.97,58000.0,18.6,RENT,D
5000.0, 36 months,13.18,50000.0,34.18,OWN,C
5000.0, 36 months,5.32,80000.0,3.89,MORTGAGE,A
5400.0, 36 months,6.49,50000.0,5.74,MORTGAGE,A
12575.0, 60 months,26.99,37000.0,15.26,RENT,G
6000.0, 36 months,17.27,50000.0,10.92,RENT,D
25000.0, 60 months,9.17,156000.0,16.12,MORTGAGE,B
5600.0, 36 months,13.67,41000.0,35.98,MORTGAGE,C
22000.0, 36 months,11.48,65000.0,15.77,MORTGAGE,B
5600.0, 36 months,11.48,95000.0,13.3,RENT,B
30000.0, 36 months,14.85,90000.0,7.76,OWN,C
15400.0, 60 months,18.99,94500.0,10.53,MORTGAGE,E
29500.0, 36 months,13.44,59000.0,20.08,OWN,C
15000.0, 60 months,17.97,55000.0,31.55,RENT,D
20000.0, 36 months,8.38,58000.0,12.1,RENT,B
35000.0, 60 months,18.49,81500.0,26.61,MORTGAGE,E
35000.0, 60 months,9.8,94000.0,11.89,MORTGAGE,B
15950.0, 60 months,26.06,38000.0,28.68,RENT,F
12000.0, 36 months,13.18,50000.0,12.84,RENT,C
12000.0, 36 months,9.8,49500.0,34.49,RENT,B
18050.0, 60 months,24.24,50000.0,34.49,RENT,F
25000.0, 36 months,6.49,62000.0,27.24,MORTGAGE,A
24000.0, 36 months,5.32,110000.0,19.55,RENT,A
4550.0, 36 months,10.78,78000.0,26.08,MORTGAGE,B
5000.0, 36 months,6.49,23000.0,26.36,RENT,A
6300.0, 36 months,9.8,45000.0,16.99,RENT,B
22800.0, 36 months,5.32,76000.0,21.96,MORTGAGE,A
9000.0, 36 months,9.8,70000.0,23.11,RENT,B
30000.0, 36 months,9.17,170000.0,13.83,MORTGAGE,B
10000.0, 36 months,13.44,34000.0,11.19,MORTGAGE,C
13575.0, 60 months,13.67,60000.0,16.18,RENT,C
2000.0, 36 months,13.44,33000.0,38.33,OWN,C
5000.0, 36 months,11.22,29000.0,13.16,OWN,B
16700.0, 60 months,19.99,38000.0,16.2,RENT,E
18000.0, 36 months,6.99,120000.0,14.88,OWN,A
5000.0, 36 months,13.99,35050.0,5.24,RENT,C
7200.0, 36 months,9.76,60000.0,16.62,RENT,B
20000.0, 36 months,13.18,87000.0,34.86,MORTGAGE,C
10000.0, 36 months,6.89,230000.0,13.63,MORTGAGE,A
35000.0, 36 months,17.86,50000.0,35.17,MORTGAGE,D
6000.0, 36 months,17.57,20000.0,11.52,RENT,D
25000.0, 36 months,17.27,150000.0,11.57,MORTGAGE,D
16800.0, 60 months,23.13,50000.0,28.61,RENT,F
23100.0, 60 months,9.76,51200.0,33.97,OWN,B
3600.0, 36 months,13.44,25000.0,26.45,RENT,C
8000.0, 36 months,7.89,50000.0,9.19,OWN,A
12000.0, 36 months,8.49,65000.0,32.77,RENT,B
4000.0, 36 months,9.76,38000.0,27.83,RENT,B
21000.0, 36 months,6.99,85000.0,24.0,MORTGAGE,A
9400.0, 36 months,8.49,31000.0,11.11,RENT,B
28000.0, 60 months,10.78,120000.0,32.58,MORTGAGE,B
9600.0, 36 months,10.78,110000.0,34.79,MORTGAGE,B
24000.0, 60 months,24.24,70000.0,15.98,MORTGAGE,F
16000.0, 36 months,10.78,55000.0,31.14,MORTGAGE,B
18000.0, 36 months,11.99,74000.0,22.94,MORTGAGE,C
8500.0, 36 months,14.85,80000.0,27.99,MORTGAGE,C
35000.0, 60 months,11.99,148000.0,13.33,MORTGAGE,C
23500.0, 36 months,9.8,84700.0,23.83,MORTGAGE,B
9600.0, 36 months,12.59,62000.0,18.68,MORTGAGE,C
10000.0, 60 months,12.88,33000.0,23.23,RENT,C
16000.0, 60 months,16.59,80000.0,10.79,MORTGAGE,D
14000.0, 36 months,7.49,94000.0,26.17,MORTGAGE,A
14000.0, 60 months,14.85,60000.0,24.29,MORTGAGE,C
35000.0, 60 months,13.99,124000.0,19.31,MORTGAGE,C
17025.0, 36 months,15.41,72800.0,34.55,MORTGAGE,D
6000.0, 36 months,9.8,37000.0,6.78,MORTGAGE,B
15600.0, 60 months,17.97,53000.0,32.72,RENT,D
24000.0, 36 months,5.32,125000.0,8.9,MORTGAGE,A
16000.0, 60 months,9.76,220000.0,13.15,MORTGAGE,B
22000.0, 36 months,8.38,85000.0,11.03,RENT,B
13625.0, 36 months,13.44,31000.0,17.58,OWN,C
7000.0, 36 months,12.88,65000.0,6.68,RENT,C
30000.0, 60 months,15.77,85000.0,25.38,MORTGAGE,D
20000.0, 60 months,21.48,120000.0,14.71,RENT,E
12000.0, 36 months,9.17,70000.0,20.14,RENT,B
14000.0, 36 months,7.26,45000.0,26.64,RENT,A
4850.0, 36 months,11.99,39000.0,18.37,MORTGAGE,C
19000.0, 60 months,14.85,75000.0,13.09,OWN,C
8125.0, 36 months,13.18,69000.0,24.54,MORTGAGE,C
35000.0, 36 months,13.44,177000.0,21.43,OWN,C
28100.0, 36 months,17.27,160000.0,14.97,OWN,D
17250.0, 36 months,6.49,65000.0,6.54,MORTGAGE,A
3000.0, 36 months,12.88,41000.0,22.01,RENT,C
4000.0, 36 months,10.78,68000.0,12.35,RENT,B
35000.0, 36 months,13.44,160000.0,12.51,RENT,C
18000.0, 36 months,7.26,117000.0,21.18,OWN,A
11900.0, 36 months,17.97,34000.0,32.83,MORTGAGE,D
12225.0, 36 months,18.49,120000.0,16.11,MORTGAGE,D
2000.0, 36 months,11.99,65000.0,24.37,RENT,C
15000.0, 60 months,13.44,60000.0,10.32,MORTGAGE,C
22925.0, 60 months,16.59,51000.0,31.04,RENT,D
7000.0, 36 months,5.32,68000.0,1.41,OWN,A
10200.0, 36 months,6.49,110000.0,21.44,MORTGAGE,A
20000.0, 36 months,10.64,100000.0,23.34,MORTGAGE,B
12000.0, 36 months,8.49,52000.0,23.1,MORTGAGE,B
4000.0, 36 months,11.48,51000.0,13.51,MORTGAGE,B
22400.0, 36 months,9.8,100000.0,14.5,RENT,B
12000.0, 36 months,5.32,151300.0,8.9,RENT,A
35000.0, 36 months,11.99,115000.0,18.75,RENT,C
15000.0, 60 months,15.41,70000.0,24.6,MORTGAGE,D
15000.0, 36 months,10.78,48000.0,33.6,RENT,B
28000.0, 36 months,7.49,83000.0,15.42,MORTGAGE,A
15000.0, 36 months,12.88,70000.0,39.01,RENT,C
24000.0, 60 months,14.85,70000.0,37.97,MORTGAGE,C
24000.0, 60 months,13.99,82000.0,25.71,RENT,C
16000.0, 36 months,6.49,65000.0,26.74,MORTGAGE,A
22000.0, 36 months,11.99,108500.0,25.98,MORTGAGE,C
4350.0, 36 months,15.77,42000.0,24.03,RENT,D
25000.0, 60 months,10.64,75000.0,16.37,RENT,B
7700.0, 36 months,18.2,45000.0,34.75,MORTGAGE,E
6000.0, 36 months,13.44,31000.0,6.47,MORTGAGE,C
6000.0, 36 months,8.49,57500.0,23.94,OWN,B
18000.0, 36 months,6.99,115000.0,8.24,MORTGAGE,A
12000.0, 60 months,13.44,50000.0,21.32,MORTGAGE,C
28000.0, 36 months,7.89,200000.0,30.05,MORTGAGE,A
25600.0, 36 months,6.24,75000.0,12.9,RENT,A
12000.0, 36 months,15.77,52000.0,5.73,OWN,D
16000.0, 36 months,5.32,96000.0,14.45,MORTGAGE,A
7000.0, 36 months,14.85,37000.0,17.45,RENT,C
16000.0, 60 months,15.77,80000.0,2.0,OWN,D
29000.0, 36 months,12.88,86075.0,27.75,MORTGAGE,C
30000.0, 36 months,12.88,80000.0,16.2,RENT,C
17200.0, 36 months,11.48,43000.0,16.77,OWN,B
35000.0, 36 months,8.49,150000.0,18.88,MORTGAGE,B
3500.0, 36 months,12.88,83200.0,1.3,RENT,C
10000.0, 36 months,11.99,51000.0,11.22,RENT,C
1500.0, 36 months,9.8,63000.0,7.68,MORTGAGE,B
6700.0, 36 months,9.76,58000.0,18.46,MORTGAGE,B
15000.0, 60 months,24.99,43300.0,14.48,RENT,F
9000.0, 36 months,6.24,105000.0,21.2,RENT,A
5350.0, 36 months,18.99,21000.0,19.43,RENT,E
13500.0, 36 months,6.99,96000.0,12.85,MORTGAGE,A
30000.0, 36 months,7.49,160000.0,17.12,MORTGAGE,A
18000.0, 36 months,5.32,80000.0,13.28,MORTGAGE,A
34000.0, 60 months,11.99,106000.0,19.35,MORTGAGE,C
8000.0, 36 months,9.17,37000.0,15.54,RENT,B
16000.0, 36 months,9.8,145000.0,32.09,RENT,B
28975.0, 60 months,13.44,95000.0,36.79,MORTGAGE,C
11150.0, 36 months,17.97,78000.0,34.95,MORTGAGE,D
8000.0, 36 months,6.49,120000.0,4.91,RENT,A
18900.0, 36 months,12.88,45000.0,30.45,RENT,C
16000.0, 60 months,18.49,65000.0,15.73,RENT,D
35000.0, 60 months,12.59,126000.0,32.69,MORTGAGE,C
16000.0, 36 months,17.27,54000.0,20.73,RENT,D
8400.0, 36 months,5.32,95000.0,21.79,MORTGAGE,A
20000.0, 36 months,13.44,53000.0,15.29,RENT,C
24000.0, 60 months,12.88,57000.0,8.24,RENT,C
10000.0, 36 months,6.49,85000.0,13.07,RENT,A
35000.0, 60 months,19.89,165000.0,20.25,RENT,E
14000.0, 36 months,12.88,34000.0,11.19,RENT,C
19750.0, 36 months,7.26,127000.0,18.57,MORTGAGE,A
10800.0, 60 months,13.99,40000.0,26.13,RENT,C
10000.0, 36 months,17.27,40000.0,17.05,OWN,D
25000.0, 60 months,8.49,65000.0,23.86,OWN,B
13000.0, 60 months,13.44,91000.0,30.29,MORTGAGE,C
24000.0, 36 months,6.99,175000.0,6.98,OWN,A
10800.0, 60 months,15.77,87261.0,7.89,RENT,D
7500.0, 36 months,6.49,75000.0,17.31,RENT,A
10000.0, 36 months,11.22,85000.0,25.02,MORTGAGE,B
16000.0, 36 months,9.76,50000.0,11.74,MORTGAGE,B
35000.0, 60 months,17.97,70000.0,26.28,RENT,D
9000.0, 36 months,12.59,45000.0,33.52,RENT,C
1600.0, 36 months,13.44,52000.0,10.48,MORTGAGE,C
1000.0, 36 months,11.99,36522.0,35.72,MORTGAGE,C
20000.0, 36 months,15.41,85000.0,12.58,MORTGAGE,D
5000.0, 36 months,5.32,25896.0,9.34,MORTGAGE,A
24000.0, 36 months,5.32,93750.0,20.57,RENT,A
28000.0, 60 months,11.99,82000.0,10.57,MORTGAGE,C
6000.0, 36 months,11.22,39500.0,11.36,RENT,B
3200.0, 36 months,10.78,49000.0,25.91,MORTGAGE,B
9600.0, 36 months,9.76,95000.0,11.93,RENT,B
21125.0, 60 months,9.17,80000.0,29.87,MORTGAGE,B
15000.0, 36 months,7.89,52000.0,26.17,MORTGAGE,A
10000.0, 36 months,9.17,24080.0,29.16,OWN,B
7000.0, 36 months,8.38,72000.0,13.18,RENT,B
6000.0, 36 months,13.18,40000.0,34.8,RENT,C
16000.0, 36 months,7.91,150000.0,13.62,MORTGAGE,A
9475.0, 36 months,12.88,90000.0,19.24,MORTGAGE,C
5000.0, 36 months,9.17,39000.0,14.66,MORTGAGE,B
6000.0, 36 months,11.99,70000.0,12.24,MORTGAGE,C
32625.0, 60 months,17.97,68000.0,16.63,RENT,D
20000.0, 60 months,13.99,52000.0,17.06,RENT,C
20525.0, 36 months,11.99,54600.0,23.16,MORTGAGE,C
5525.0, 36 months,17.97,60000.0,17.58,RENT,D
6000.0, 36 months,11.48,59500.0,16.42,MORTGAGE,B
30000.0, 60 months,9.76,63000.0,8.02,RENT,B
2000.0, 36 months,9.76,50000.0,18.05,RENT,B
15000.0, 36 months,12.88,109000.0,12.34,RENT,C
7075.0, 36 months,17.97,20000.0,10.73,RENT,D
8000.0, 36 months,9.76,42000.0,25.4,MORTGAGE,B
24000.0, 60 months,13.67,80000.0,17.18,MORTGAGE,C
9900.0, 36 months,13.67,59000.0,15.52,RENT,C
15000.0, 36 months,9.8,72100.0,26.38,RENT,B
10075.0, 36 months,17.97,28000.0,24.47,OWN,D
3600.0, 36 months,15.77,106000.0,12.94,RENT,D
10000.0, 36 months,5.32,52800.0,26.62,MORTGAGE,A
35000.0, 36 months,7.89,142000.0,24.74,MORTGAGE,A
15000.0, 36 months,5.32,200000.0,13.47,MORTGAGE,A
16000.0, 60 months,11.99,44096.0,34.57,OWN,C
14000.0, 36 months,11.99,104000.0,7.59,RENT,C
8000.0, 36 months,5.32,22000.0,20.24,RENT,A
14400.0, 36 months,7.49,90000.0,11.68,MORTGAGE,A
25000.0, 60 months,13.18,139000.0,6.09,MORTGAGE,C
20000.0, 36 months,11.48,115000.0,19.0,RENT,B
4200.0, 36 months,11.99,40000.0,5.91,RENT,C
12000.0, 60 months,13.99,60000.0,12.42,RENT,C
1000.0, 36 months,13.99,30000.0,31.08,RENT,C
14700.0, 36 months,12.59,45000.0,22.64,RENT,C
1400.0, 36 months,17.27,39000.0,14.52,RENT,D
20000.0, 36 months,9.17,125000.0,16.76,MORTGAGE,B
6000.0, 36 months,6.89,45000.0,18.04,MORTGAGE,A
8000.0, 36 months,13.18,45000.0,25.81,RENT,C
35000.0, 36 months,13.99,135000.0,21.05,MORTGAGE,C
18000.0, 36 months,11.48,49200.0,23.07,OWN,B
8000.0, 36 months,6.49,40000.0,6.84,RENT,A
35000.0, 36 months,12.88,300000.0,9.87,RENT,C
8175.0, 36 months,15.41,22600.0,28.15,OWN,D
10500.0, 36 months,7.49,47688.0,10.39,RENT,A
30000.0, 36 months,10.78,70000.0,19.05,MORTGAGE,B
4000.0, 36 months,9.17,44500.0,15.83,RENT,B
16075.0, 60 months,21.48,36111.0,38.25,MORTGAGE,E
15000.0, 36 months,9.17,71000.0,15.91,RENT,B
12000.0, 60 months,9.76,86000.0,34.5,MORTGAGE,B
31500.0, 60 months,20.99,75000.0,24.02,RENT,E
14000.0, 36 months,11.48,99000.0,6.84,MORTGAGE,B
14000.0, 36 months,16.59,124596.0,23.73,MORTGAGE,D
18650.0, 36 months,10.78,48000.0,31.7,MORTGAGE,B
9425.0, 36 months,11.99,31000.0,27.52,RENT,C
25000.0, 60 months,19.89,100000.0,38.69,RENT,E
6000.0, 36 months,11.99,71000.0,26.67,MORTGAGE,C
10000.0, 36 months,5.32,82000.0,4.81,RENT,A
25000.0, 60 months,7.89,280000.0,6.25,MORTGAGE,A
35000.0, 36 months,17.27,178462.0,24.17,OWN,D
24000.0, 60 months,13.18,115000.0,13.58,MORTGAGE,C
7000.0, 36 months,15.41,43200.0,4.06,RENT,D
4525.0, 36 months,12.88,70000.0,21.31,RENT,C
8000.0, 36 months,9.8,80000.0,22.08,OWN,B
22675.0, 60 months,18.99,250000.0,11.24,MORTGAGE,E
33000.0, 60 months,12.88,125000.0,21.54,MORTGAGE,C
16000.0, 60 months,15.77,65000.0,17.95,MORTGAGE,D
11950.0, 36 months,13.99,75000.0,4.33,RENT,C
19375.0, 60 months,23.13,145000.0,16.88,MORTGAGE,F
5050.0, 36 months,11.99,130000.0,31.36,MORTGAGE,C
6000.0, 36 months,8.49,37000.0,16.02,RENT,B
5000.0, 36 months,12.88,51000.0,11.95,OWN,C
20000.0, 36 months,16.55,63800.0,33.69,MORTGAGE,D
18000.0, 36 months,6.24,120000.0,17.72,MORTGAGE,A
15800.0, 60 months,10.78,55000.0,8.43,MORTGAGE,B
15000.0, 36 months,7.91,31000.0,20.05,MORTGAGE,A
6000.0, 36 months,7.91,49000.0,17.92,MORTGAGE,A
2500.0, 36 months,17.27,50000.0,17.6,MORTGAGE,D
15000.0, 60 months,16.59,34880.0,11.29,OWN,D
1600.0, 36 months,6.24,50000.0,15.82,RENT,A
10000.0, 36 months,16.59,75000.0,21.31,MORTGAGE,D
13000.0, 60 months,18.2,40000.0,28.71,RENT,E
3000.0, 36 months,14.48,40000.0,28.77,RENT,C
14800.0, 36 months,12.59,38000.0,32.39,RENT,C
18000.0, 36 months,13.18,60000.0,18.72,MORTGAGE,C
7800.0, 36 months,9.8,60000.0,14.96,MORTGAGE,B
12950.0, 36 months,18.99,36000.0,27.93,RENT,E
6500.0, 36 months,13.18,43500.0,35.61,MORTGAGE,C
7775.0, 36 months,6.49,40000.0,13.41,MORTGAGE,A
25000.0, 60 months,13.99,73000.0,25.04,MORTGAGE,C
8000.0, 36 months,7.91,75000.0,11.74,MORTGAGE,A
10000.0, 60 months,12.88,52000.0,35.01,MORTGAGE,C
9475.0, 36 months,14.48,45000.0,17.47,MORTGAGE,C
5500.0, 36 months,9.17,32000.0,12.68,MORTGAGE,B
25000.0, 60 months,18.99,75000.0,38.37,MORTGAGE,E
4800.0, 36 months,13.67,82000.0,28.42,RENT,C
15000.0, 36 months,9.8,65000.0,38.59,RENT,B
15000.0, 36 months,7.91,39000.0,19.05,MORTGAGE,A
6000.0, 36 months,6.99,55500.0,7.76,OWN,A
28800.0, 36 months,6.99,98000.0,9.22,MORTGAGE,A
15600.0, 36 months,14.85,73500.0,39.77,RENT,C
4800.0, 36 months,10.78,160000.0,23.3,MORTGAGE,B
8000.0, 36 months,16.59,39000.0,16.68,RENT,D
12000.0, 60 months,10.78,60000.0,4.36,MORTGAGE,B
17750.0, 60 months,9.17,47000.0,28.12,MORTGAGE,B
15000.0, 36 months,15.77,73000.0,20.88,MORTGAGE,D
5000.0, 36 months,13.44,25000.0,29.91,OWN,C
9650.0, 36 months,11.99,30000.0,28.52,RENT,C
20000.0, 36 months,13.99,53000.0,20.54,RENT,C
5000.0, 36 months,9.76,72000.0,24.6,RENT,B
9000.0, 36 months,11.22,35000.0,9.5,RENT,B
12000.0, 60 months,17.27,30000.0,12.2,MORTGAGE,D
15000.0, 36 months,14.85,60000.0,31.76,OWN,C
10000.0, 36 months,9.17,70000.0,13.46,RENT,B
16725.0, 60 months,21.48,58000.0,39.18,MORTGAGE,E
12000.0, 36 months,11.48,60000.0,16.44,RENT,B
6400.0, 36 months,9.17,53000.0,14.4,RENT,B
13600.0, 60 months,15.77,110000.0,7.46,RENT,D
7000.0, 36 months,11.48,40000.0,27.87,RENT,B
27500.0, 60 months,21.99,99000.0,37.6,MORTGAGE,F
17000.0, 36 months,11.48,68000.0,21.48,OWN,B
6000.0, 36 months,9.17,101947.0,8.13,MORTGAGE,B
20000.0, 36 months,7.91,117000.0,27.9,MORTGAGE,A
15000.0, 36 months,9.8,79500.0,34.23,RENT,B
4800.0, 36 months,11.48,90000.0,20.51,MORTGAGE,B
12000.0, 36 months,5.32,50000.0,7.54,OWN,A
6000.0, 36 months,9.8,85140.0,14.42,MORTGAGE,B
7000.0, 36 months,9.17,75000.0,6.64,RENT,B
7500.0, 36 months,5.32,60000.0,21.84,RENT,A
12000.0, 36 months,13.67,75000.0,20.3,RENT,C
5000.0, 36 months,11.99,30000.0,9.16,RENT,C
3000.0, 36 months,10.64,66000.0,8.29,MORTGAGE,B
7000.0, 36 months,10.64,95000.0,14.55,RENT,B
15000.0, 36 months,11.48,350000.0,9.09,MORTGAGE,B
10000.0, 36 months,11.99,118000.0,20.48,RENT,C
3275.0, 36 months,14.85,22056.0,25.46,RENT,C
8000.0, 36 months,9.76,72000.0,20.22,RENT,B
6600.0, 36 months,5.32,58000.0,24.79,RENT,A
10000.0, 36 months,10.78,39000.0,27.24,RENT,B
8000.0, 36 months,13.44,55000.0,36.18,MORTGAGE,C
10000.0, 36 months,12.88,39400.0,32.44,RENT,C
30000.0, 36 months,8.49,115000.0,13.54,RENT,B
18575.0, 36 months,17.27,46000.0,8.27,MORTGAGE,D
15000.0, 36 months,5.32,47000.0,22.06,RENT,A
20000.0, 36 months,5.32,162463.0,15.56,MORTGAGE,A
10000.0, 36 months,16.99,50000.0,24.89,RENT,D
35000.0, 36 months,7.91,78000.0,11.31,MORTGAGE,A
20000.0, 60 months,9.8,80000.0,16.8,RENT,B
5000.0, 36 months,14.48,50000.0,34.37,MORTGAGE,C
15000.0, 36 months,7.91,170000.0,7.24,OWN,A
21600.0, 36 months,11.99,60000.0,16.16,RENT,C
25000.0, 60 months,20.5,19800.0,83.64,MORTGAGE,E
11000.0, 60 months,9.17,87000.0,18.88,RENT,B
5000.0, 36 months,9.8,40000.0,38.64,RENT,B
21000.0, 60 months,9.8,82000.0,18.69,MORTGAGE,B
35000.0, 36 months,7.91,300000.0,11.79,OWN,A
20000.0, 36 months,9.8,100000.0,15.83,OWN,B
1500.0, 36 months,6.49,51000.0,23.81,MORTGAGE,A
12000.0, 36 months,8.38,110000.0,9.78,MORTGAGE,B
2800.0, 36 months,9.17,52000.0,3.76,RENT,B
35000.0, 60 months,11.99,170000.0,14.0,MORTGAGE,C
8400.0, 36 months,9.17,85000.0,26.77,RENT,B
15000.0, 36 months,9.8,125000.0,33.38,MORTGAGE,B
5725.0, 36 months,12.88,12468.0,22.96,OWN,C
12000.0, 60 months,11.99,101000.0,8.49,RENT,C
2525.0, 36 months,19.89,28750.0,37.91,MORTGAGE,E
16000.0, 36 months,5.32,115000.0,12.26,RENT,A
2400.0, 36 months,15.41,22000.0,17.02,OWN,D
2200.0, 36 months,9.8,40000.0,15.06,MORTGAGE,B
12000.0, 36 months,11.22,100000.0,22.21,RENT,B
30000.0, 36 months,6.99,202000.0,11.65,MORTGAGE,A
15375.0, 60 months,18.49,89450.55,8.21,RENT,D
20000.0, 36 months,8.38,73000.0,34.95,MORTGAGE,B
1000.0, 36 months,11.48,41000.0,32.87,RENT,B
20000.0, 36 months,14.85,110000.0,12.45,RENT,C
35000.0, 36 months,12.59,133000.0,16.57,OWN,C
8000.0, 36 months,8.49,65000.0,19.33,MORTGAGE,B
5000.0, 36 months,8.49,70000.0,18.86,MORTGAGE,B
10000.0, 36 months,9.8,50000.0,27.44,RENT,B
9200.0, 36 months,17.57,28000.0,31.5,RENT,D
7200.0, 36 months,11.48,50000.0,29.04,RENT,B
10800.0, 60 months,11.99,36000.0,31.53,RENT,C
15200.0, 36 months,12.88,72000.0,28.13,OWN,C
12000.0, 36 months,12.88,48000.0,12.43,RENT,C
12325.0, 60 months,15.41,39700.0,31.32,OWN,D
15000.0, 36 months,5.32,99000.0,2.08,OWN,A
3200.0, 36 months,11.99,62000.0,9.27,OWN,C
28000.0, 60 months,8.49,60000.0,18.59,MORTGAGE,B
34750.0, 60 months,18.49,79000.0,38.74,OWN,D
4500.0, 36 months,12.88,30000.0,25.92,OWN,C
21000.0, 60 months,19.48,120000.0,24.44,RENT,E
14400.0, 36 months,10.64,70000.0,16.89,RENT,B
15000.0, 36 months,5.32,82000.0,29.05,RENT,A
6400.0, 36 months,13.44,54000.0,27.44,RENT,C
1000.0, 36 months,6.24,136000.0,16.78,MORTGAGE,A
24000.0, 60 months,18.49,105000.0,26.14,RENT,D
1400.0, 36 months,12.88,93000.0,10.11,MORTGAGE,C
10000.0, 36 months,9.17,81000.0,13.97,MORTGAGE,B
25600.0, 36 months,13.99,108000.0,33.27,RENT,C
24000.0, 36 months,7.49,48000.0,16.58,MORTGAGE,A
16000.0, 36 months,7.91,117000.0,12.0,RENT,A
8000.0, 36 months,11.99,70000.0,20.16,MORTGAGE,C
16000.0, 36 months,9.76,86000.0,17.09,MORTGAGE,B
4600.0, 36 months,12.59,96000.0,7.45,RENT,C
15000.0, 36 months,7.89,108500.0,5.11,RENT,A
30000.0, 60 months,9.17,150000.0,17.27,RENT,B
18000.0, 60 months,11.99,75000.0,23.96,MORTGAGE,C
10000.0, 36 months,12.59,80000.0,20.03,RENT,C
16000.0, 36 months,5.32,185000.0,29.57,RENT,A
10000.0, 36 months,9.8,54500.0,24.1,OWN,B
7200.0, 36 months,17.27,22000.0,38.63,RENT,D
8000.0, 36 months,12.59,35000.0,20.34,RENT,C
14750.0, 60 months,19.99,65000.0,25.74,RENT,E
20000.0, 36 months,5.32,60000.0,9.5,OWN,A
15000.0, 36 months,6.99,76650.0,25.46,MORTGAGE,A
5900.0, 36 months,9.17,25000.0,25.83,RENT,B
12000.0, 60 months,12.88,75000.0,17.01,RENT,C
24000.0, 60 months,7.89,82000.0,10.88,OWN,A
2000.0, 36 months,7.49,58000.0,16.88,RENT,A
7200.0, 36 months,12.88,22140.0,20.76,RENT,C
9000.0, 36 months,6.99,85000.0,18.57,RENT,A
3000.0, 36 months,11.99,25000.0,18.92,RENT,C
9150.0, 36 months,17.27,26000.0,10.62,MORTGAGE,D
35000.0, 36 months,14.85,89000.0,26.21,MORTGAGE,C
35000.0, 36 months,12.59,78000.0,20.63,RENT,C
11000.0, 36 months,9.17,175000.0,16.83,RENT,B
35000.0, 36 months,17.27,80000.0,15.77,MORTGAGE,D
15000.0, 60 months,16.55,54000.0,23.87,MORTGAGE,D
10000.0, 36 months,9.17,50000.0,30.71,RENT,B
24000.0, 36 months,5.32,108000.0,9.44,MORTGAGE,A
12000.0, 36 months,14.85,39500.0,21.76,OWN,C
27500.0, 60 months,10.64,55000.0,21.69,MORTGAGE,B
20000.0, 36 months,9.17,125000.0,21.53,MORTGAGE,B
14000.0, 36 months,13.18,131016.44,7.18,RENT,C
20000.0, 36 months,13.44,50000.0,31.66,MORTGAGE,C
35000.0, 36 months,13.44,130000.0,20.64,RENT,C
28000.0, 60 months,16.59,95660.0,32.71,MORTGAGE,D
20000.0, 36 months,14.85,90000.0,18.01,RENT,C
6000.0, 36 months,11.99,35000.0,31.42,RENT,C
15000.0, 60 months,14.85,130000.0,12.75,RENT,C
13925.0, 36 months,19.89,80000.0,21.77,MORTGAGE,E
6000.0, 36 months,9.17,20000.0,16.99,RENT,B
9600.0, 36 months,11.99,45000.0,37.81,RENT,C
30000.0, 36 months,19.89,110000.0,32.28,OWN,E
16000.0, 36 months,9.17,70000.0,8.71,RENT,B
15000.0, 36 months,6.89,122000.0,9.71,OWN,A
5600.0, 36 months,10.78,39600.0,12.52,MORTGAGE,B
24000.0, 60 months,19.48,105000.0,27.33,MORTGAGE,E
15000.0, 36 months,7.91,90000.0,9.39,OWN,A
30000.0, 36 months,17.97,79000.0,21.89,MORTGAGE,D
25000.0, 60 months,11.99,185000.0,17.36,OWN,C
1500.0, 36 months,7.91,70000.0,0.96,MORTGAGE,A
6500.0, 36 months,13.99,45000.0,14.99,RENT,C
12000.0, 36 months,9.8,50000.0,26.62,OWN,B
5000.0, 36 months,6.99,30000.0,27.84,RENT,A
15000.0, 36 months,10.78,95000.0,25.21,MORTGAGE,B
2400.0, 36 months,19.89,52000.0,12.99,MORTGAGE,E
19200.0, 36 months,14.48,115000.0,24.11,RENT,C
5000.0, 36 months,9.8,28000.0,20.75,RENT,B
24000.0, 36 months,6.49,145000.0,18.4,MORTGAGE,A
14250.0, 36 months,14.48,45000.0,29.92,RENT,C
10000.0, 36 months,7.49,175000.0,9.82,RENT,A
12000.0, 36 months,11.99,35000.0,20.82,OWN,C
12000.0, 36 months,7.26,35000.0,24.79,RENT,A
22000.0, 36 months,8.49,93000.0,25.52,OWN,B
6025.0, 36 months,11.99,25000.0,6.82,RENT,C
16000.0, 36 months,7.89,38900.0,24.45,MORTGAGE,A
35000.0, 36 months,7.49,296000.0,16.24,OWN,A
20000.0, 36 months,12.59,60000.0,38.72,RENT,C
12000.0, 36 months,10.78,136000.0,15.11,RENT,B
7500.0, 36 months,6.99,37000.0,33.77,RENT,A
6000.0, 36 months,11.48,29500.0,13.89,MORTGAGE,B
20000.0, 60 months,12.88,56000.0,14.06,RENT,C
12800.0, 60 months,13.99,40000.0,8.58,OWN,C
12000.0, 36 months,14.85,30000.0,18.0,RENT,C
8500.0, 36 months,7.49,36000.0,30.03,MORTGAGE,A
33575.0, 60 months,20.99,105000.0,18.26,RENT,E
20000.0, 60 months,22.45,80000.0,9.05,RENT,F
8000.0, 36 months,11.22,60000.0,13.9,MORTGAGE,B
25000.0, 36 months,13.44,176000.0,15.91,MORTGAGE,C
16200.0, 60 months,13.99,65000.0,21.94,MORTGAGE,C
12000.0, 60 months,14.48,87000.0,32.57,MORTGAGE,C
10000.0, 36 months,16.55,70000.0,21.93,MORTGAGE,D
9600.0, 36 months,11.48,80000.0,12.03,RENT,B
9600.0, 36 months,5.32,250000.0,13.52,MORTGAGE,A
15875.0, 36 months,18.99,35100.0,20.1,RENT,E
20000.0, 36 months,12.88,85198.0,20.0,RENT,C
8000.0, 36 months,10.64,29088.0,16.21,OWN,B
9100.0, 36 months,7.49,68000.0,19.31,OWN,A
15000.0, 60 months,13.67,44800.0,28.85,RENT,C
30000.0, 36 months,8.49,118000.0,18.68,MORTGAGE,B
28000.0, 60 months,12.88,96000.0,31.0,MORTGAGE,C
14000.0, 60 months,19.89,52000.0,10.44,RENT,E
12500.0, 36 months,5.32,150000.0,14.38,MORTGAGE,A
15000.0, 36 months,12.59,51000.0,20.61,RENT,C
10000.0, 36 months,10.78,55000.0,15.75,MORTGAGE,B
18000.0, 36 months,11.99,48000.0,20.68,RENT,C
4600.0, 36 months,11.99,14688.0,14.79,RENT,C
5000.0, 36 months,6.99,90000.0,8.59,RENT,A
9000.0, 36 months,7.91,90000.0,9.28,MORTGAGE,A
10000.0, 60 months,14.85,45000.0,26.76,MORTGAGE,C
4200.0, 36 months,14.85,14000.0,13.72,RENT,C
24000.0, 60 months,12.88,130000.0,18.96,MORTGAGE,C
18000.0, 60 months,13.99,85000.0,6.72,MORTGAGE,C
3000.0, 36 months,14.85,42000.0,32.6,MORTGAGE,C
2000.0, 36 months,12.88,46000.0,18.37,RENT,C
5000.0, 36 months,17.57,52000.0,15.09,MORTGAGE,D
21000.0, 36 months,9.17,150000.0,13.09,MORTGAGE,B
18000.0, 36 months,11.48,86000.0,31.23,RENT,B
10000.0, 36 months,8.49,59600.0,3.34,MORTGAGE,B
6775.0, 36 months,11.99,170000.0,2.49,MORTGAGE,C
35000.0, 36 months,9.17,111000.0,29.77,RENT,B
3000.0, 36 months,8.38,41000.0,10.66,MORTGAGE,B
15925.0, 60 months,19.99,84840.0,31.5,MORTGAGE,E
20000.0, 36 months,5.32,240000.0,21.08,MORTGAGE,A
10000.0, 36 months,6.99,150000.0,6.54,MORTGAGE,A
31800.0, 60 months,16.59,65000.0,24.15,MORTGAGE,D
4700.0, 36 months,13.99,88000.0,14.21,MORTGAGE,C
16000.0, 36 months,7.26,270000.0,5.55,RENT,A
21600.0, 60 months,18.49,48000.0,33.25,OWN,D
25000.0, 36 months,17.97,70560.0,28.61,MORTGAGE,D
6525.0, 36 months,15.77,30000.0,8.44,RENT,D
6000.0, 36 months,7.49,110000.0,18.8,MORTGAGE,A
30000.0, 60 months,13.99,144000.0,15.14,RENT,C
30000.0, 36 months,11.99,105000.0,19.76,RENT,C
16000.0, 36 months,8.49,35000.0,24.49,RENT,B
12000.0, 36 months,5.32,107000.0,21.61,MORTGAGE,A
20000.0, 36 months,11.48,90000.0,16.08,RENT,B
8000.0, 36 months,7.91,64000.0,27.75,RENT,A
9000.0, 36 months,11.99,89000.0,23.95,MORTGAGE,C
20000.0, 60 months,15.77,63000.0,25.39,MORTGAGE,D
20950.0, 36 months,11.99,90000.0,33.37,MORTGAGE,C
20000.0, 60 months,15.77,60000.0,9.92,RENT,D
8500.0, 36 months,9.17,120000.0,7.99,RENT,B
13000.0, 60 months,13.99,115000.0,9.9,RENT,C
11200.0, 36 months,18.2,35000.0,24.52,RENT,E
12000.0, 36 months,9.17,50000.0,33.94,RENT,B
11000.0, 36 months,11.22,45000.0,23.6,RENT,B
10000.0, 60 months,10.64,31000.0,23.62,RENT,B
18200.0, 36 months,9.76,70000.0,28.1,MORTGAGE,B
20000.0, 36 months,13.99,75000.0,6.68,RENT,C
6600.0, 36 months,17.97,45000.0,32.56,RENT,D
35000.0, 36 months,13.44,108000.0,14.62,MORTGAGE,C
16500.0, 36 months,19.48,57000.0,34.36,MORTGAGE,E
4925.0, 36 months,23.99,71200.0,17.79,RENT,F
8000.0, 36 months,9.8,95000.0,9.46,MORTGAGE,B
8375.0, 36 months,13.99,32000.0,7.5,OWN,C
35000.0, 60 months,13.67,72000.0,36.98,RENT,C
16550.0, 36 months,19.48,46000.0,21.84,RENT,E
10000.0, 36 months,6.49,62400.0,19.75,RENT,A
9000.0, 36 months,11.48,128000.0,17.72,OWN,B
2400.0, 36 months,13.44,33000.0,32.47,RENT,C
3600.0, 36 months,9.8,30000.0,11.08,RENT,B
10825.0, 36 months,18.99,36000.0,15.9,RENT,E
10000.0, 36 months,11.48,85000.0,22.91,RENT,B
8175.0, 36 months,16.59,63000.0,19.9,RENT,D
15000.0, 60 months,13.18,110403.0,23.58,MORTGAGE,C
10250.0, 36 months,16.59,57000.0,29.03,MORTGAGE,D
20000.0, 36 months,5.32,120000.0,16.56,MORTGAGE,A
19000.0, 60 months,9.17,135000.0,14.04,MORTGAGE,B
16000.0, 36 months,6.99,60000.0,26.94,MORTGAGE,A
32500.0, 36 months,11.99,95700.0,33.33,MORTGAGE,C
12000.0, 36 months,9.17,105000.0,16.86,MORTGAGE,B
10000.0, 36 months,11.99,30000.0,6.72,RENT,C
8000.0, 36 months,5.32,45000.0,18.16,RENT,A
9175.0, 36 months,13.67,65000.0,23.91,RENT,C
5000.0, 36 months,5.32,370000.0,9.8,OWN,A
8000.0, 36 months,13.99,31000.0,12.54,RENT,C
35000.0, 36 months,13.99,115000.0,18.67,RENT,C
9000.0, 36 months,6.99,75000.0,19.7,MORTGAGE,A
6000.0, 36 months,19.48,28000.0,19.59,RENT,E
15000.0, 36 months,5.32,85000.0,13.56,MORTGAGE,A
24000.0, 36 months,5.32,158000.0,8.65,MORTGAGE,A
20000.0, 60 months,18.99,52000.0,26.93,OWN,E
12000.0, 36 months,11.48,135000.0,25.05,RENT,B
22500.0, 36 months,13.18,110000.0,15.06,RENT,C
24000.0, 36 months,16.55,120000.0,9.59,RENT,D
35000.0, 36 months,7.89,200000.0,20.48,MORTGAGE,A
12000.0, 36 months,7.49,67000.0,9.92,RENT,A
9425.0, 36 months,18.99,74796.8,23.15,RENT,E
28000.0, 60 months,19.48,87500.0,21.03,MORTGAGE,E
21000.0, 36 months,7.91,75000.0,38.98,MORTGAGE,A
12600.0, 36 months,10.78,85700.0,15.88,RENT,B
15000.0, 36 months,10.78,60000.0,10.74,RENT,B
20000.0, 36 months,9.76,85000.0,20.29,RENT,B
35000.0, 36 months,14.85,155000.0,20.02,MORTGAGE,C
10800.0, 36 months,10.78,100000.0,13.48,RENT,B
15000.0, 36 months,6.49,180000.0,4.47,MORTGAGE,A
21000.0, 36 months,10.78,80000.0,12.04,RENT,B
15000.0, 36 months,11.99,42400.0,31.44,RENT,C
23000.0, 60 months,8.38,71000.0,29.83,MORTGAGE,B
7200.0, 36 months,11.99,26000.0,34.86,RENT,C
14000.0, 36 months,6.49,95000.0,15.56,MORTGAGE,A
1000.0, 36 months,16.59,21600.0,37.44,RENT,D
15850.0, 60 months,23.13,45000.0,34.85,OWN,F
10000.0, 36 months,12.59,80000.0,2.43,RENT,C
18000.0, 36 months,9.17,80000.0,6.47,MORTGAGE,B
5400.0, 36 months,13.99,46000.0,24.94,RENT,C
4200.0, 36 months,17.27,106000.0,5.19,RENT,D
20000.0, 36 months,11.48,67400.0,16.45,RENT,B
15000.0, 60 months,13.99,70000.0,4.32,OWN,C
4200.0, 36 months,13.44,80000.0,20.54,RENT,C
1800.0, 36 months,19.48,20832.0,32.09,RENT,E
2500.0, 36 months,8.49,51500.0,15.08,MORTGAGE,B
28500.0, 60 months,18.49,71200.0,12.44,MORTGAGE,E
5000.0, 36 months,6.99,32000.0,17.75,RENT,A
21425.0, 36 months,18.99,67000.0,6.66,OWN,E
35000.0, 36 months,12.88,240000.0,4.3,MORTGAGE,C
8650.0, 36 months,5.32,100000.0,7.28,MORTGAGE,A
24000.0, 60 months,19.89,134000.0,10.85,MORTGAGE,E
6650.0, 36 months,16.55,81000.0,11.45,RENT,D
15000.0, 36 months,7.49,55000.0,24.9,RENT,A
9800.0, 36 months,13.67,35000.0,35.08,RENT,C
28600.0, 36 months,15.41,65000.0,17.3,OWN,D
28000.0, 36 months,5.32,116000.0,29.45,MORTGAGE,A
5000.0, 36 months,14.85,53000.0,30.1,OWN,C
2100.0, 36 months,10.78,28000.0,21.13,MORTGAGE,B
5000.0, 36 months,6.89,105565.0,8.58,OWN,A
24000.0, 36 months,14.85,66000.0,6.02,RENT,C
35000.0, 36 months,12.88,150000.0,12.37,MORTGAGE,C
6000.0, 36 months,9.8,80000.0,13.58,RENT,B
15000.0, 36 months,9.8,50000.0,36.95,RENT,B
10000.0, 36 months,9.8,50000.0,22.9,MORTGAGE,B
10000.0, 36 months,12.88,27000.0,24.67,RENT,C
6000.0, 36 months,11.99,108000.0,14.58,RENT,C
5600.0, 36 months,12.88,38000.0,30.98,RENT,C
15825.0, 36 months,16.55,35000.0,5.93,RENT,D
30000.0, 36 months,12.88,95000.0,34.7,MORTGAGE,C
6000.0, 36 months,11.22,42000.0,13.09,RENT,B
6000.0, 36 months,11.48,70000.0,23.98,OWN,B
2400.0, 36 months,15.77,24000.0,37.6,RENT,D
6000.0, 36 months,5.32,42000.0,16.11,MORTGAGE,A
12000.0, 36 months,9.8,46000.0,27.42,RENT,B
20000.0, 36 months,9.17,100000.0,11.52,MORTGAGE,B
35000.0, 36 months,11.48,73485.0,26.1,MORTGAGE,B
8000.0, 36 months,13.44,74000.0,6.88,MORTGAGE,C
12000.0, 36 months,9.8,55000.0,9.46,RENT,B
24000.0, 36 months,6.89,98000.0,28.09,MORTGAGE,A
14000.0, 36 months,11.99,57400.0,10.64,RENT,C
14825.0, 36 months,10.78,71000.0,30.57,MORTGAGE,B
16000.0, 60 months,18.99,85000.0,10.12,MORTGAGE,E
4600.0, 36 months,17.57,100000.0,20.7,MORTGAGE,D
12000.0, 36 months,5.32,75000.0,25.95,MORTGAGE,A
10000.0, 60 months,16.55,65500.0,17.99,OWN,D
7200.0, 36 months,10.78,102000.0,17.08,MORTGAGE,B
12600.0, 36 months,7.91,73000.0,21.58,RENT,A
11000.0, 36 months,13.99,65000.0,21.88,RENT,C
3000.0, 36 months,17.27,85000.0,4.64,MORTGAGE,D
16500.0, 36 months,8.49,55000.0,15.54,RENT,B
35000.0, 36 months,18.49,170000.0,16.04,OWN,D
15000.0, 60 months,10.64,75000.0,36.96,OWN,B
11000.0, 36 months,10.78,39000.0,12.74,RENT,B
4475.0, 36 months,16.59,114000.0,8.36,RENT,D
30225.0, 36 months,15.41,250000.0,29.49,MORTGAGE,D
24000.0, 36 months,7.91,98000.0,39.02,MORTGAGE,A
1000.0, 36 months,14.85,12000.0,3.4,RENT,C
8000.0, 36 months,6.49,128000.0,24.73,MORTGAGE,A
20000.0, 60 months,11.99,82000.0,22.44,MORTGAGE,C
16000.0, 36 months,9.76,95000.0,18.6,RENT,B
14000.0, 36 months,7.89,95000.0,29.93,RENT,A
28000.0, 60 months,7.89,97000.0,16.73,MORTGAGE,A
13000.0, 60 months,13.99,48000.0,29.2,MORTGAGE,C
5600.0, 36 months,13.44,54000.0,13.84,RENT,C
6500.0, 36 months,10.78,35000.0,12.14,MORTGAGE,B
3250.0, 36 months,19.48,12000.0,28.4,RENT,E
8000.0, 36 months,13.99,60000.0,33.28,RENT,C
30000.0, 36 months,7.49,140000.0,15.16,MORTGAGE,A
5000.0, 36 months,12.88,60000.0,30.24,MORTGAGE,C
7200.0, 36 months,12.59,48000.0,12.38,RENT,C
3600.0, 36 months,10.78,39000.0,9.48,MORTGAGE,B
10000.0, 36 months,9.8,120000.0,9.42,MORTGAGE,B
4000.0, 36 months,10.78,51000.0,20.75,RENT,B
30000.0, 36 months,13.44,350000.0,14.13,MORTGAGE,C
30000.0, 36 months,12.88,120000.0,18.72,RENT,C
14000.0, 60 months,17.57,52000.0,13.27,RENT,D
16000.0, 36 months,10.78,98000.0,6.97,RENT,B
16000.0, 60 months,17.86,74000.0,26.35,RENT,D
24000.0, 60 months,9.17,123000.0,22.85,MORTGAGE,B
8950.0, 36 months,8.49,48000.0,8.06,MORTGAGE,B
7000.0, 36 months,9.17,35000.0,16.15,RENT,B
14000.0, 60 months,16.59,50000.0,31.11,RENT,D
9000.0, 36 months,12.59,26000.0,32.13,OWN,C
10400.0, 60 months,15.77,55000.0,11.35,RENT,D
14500.0, 36 months,7.26,100000.0,6.29,MORTGAGE,A
10000.0, 60 months,22.45,37000.0,32.47,RENT,F
16900.0, 60 months,17.57,47000.0,23.19,MORTGAGE,D
7000.0, 36 months,10.64,34500.0,20.87,RENT,B
1600.0, 36 months,13.67,28000.0,11.53,MORTGAGE,C
6000.0, 36 months,13.18,50000.0,21.63,OWN,C
20000.0, 36 months,6.99,145000.0,9.89,OWN,A
3400.0, 36 months,9.8,45000.0,15.09,MORTGAGE,B
13500.0, 36 months,10.78,42000.0,11.8,MORTGAGE,B
10000.0, 36 months,11.48,65000.0,28.82,MORTGAGE,B
26400.0, 60 months,10.78,146000.0,9.45,MORTGAGE,B
10000.0, 36 months,14.48,80000.0,17.93,MORTGAGE,C
6000.0, 36 months,10.78,50000.0,25.58,OWN,B
3750.0, 36 months,10.78,30000.0,8.96,RENT,B
8000.0, 36 months,11.99,23200.0,33.78,OWN,C
18000.0, 60 months,18.99,57000.0,13.66,RENT,E
15000.0, 36 months,11.48,95000.0,17.47,MORTGAGE,B
26400.0, 36 months,17.97,67000.0,21.33,RENT,D
26500.0, 60 months,13.44,53000.0,25.84,RENT,C
35000.0, 36 months,12.88,98000.0,18.93,RENT,C
15350.0, 36 months,18.99,61000.0,19.83,RENT,E
35000.0, 60 months,17.27,110000.0,15.09,RENT,D
6000.0, 36 months,13.18,80000.0,20.27,MORTGAGE,C
14400.0, 60 months,11.99,125000.0,21.86,MORTGAGE,C
34300.0, 36 months,15.77,78000.0,14.48,OWN,D
16000.0, 36 months,8.49,65800.0,18.62,RENT,B
25000.0, 36 months,7.49,103000.0,15.29,MORTGAGE,A
10000.0, 36 months,8.49,45000.0,31.8,RENT,B
28000.0, 60 months,15.77,95000.0,8.59,MORTGAGE,D
4800.0, 36 months,9.17,78000.0,33.03,MORTGAGE,B
5000.0, 36 months,6.89,41000.0,16.06,MORTGAGE,A
35000.0, 36 months,16.59,90000.0,27.43,RENT,D
5000.0, 36 months,8.49,36500.0,5.85,RENT,B
20000.0, 36 months,11.99,72000.0,17.33,OWN,C
8000.0, 36 months,7.91,40000.0,21.45,MORTGAGE,A
20000.0, 36 months,8.49,60000.0,34.56,MORTGAGE,B
4200.0, 36 months,8.49,58500.0,12.78,MORTGAGE,B
20250.0, 60 months,17.86,103000.0,10.82,RENT,D
10000.0, 36 months,13.44,55000.0,2.23,MORTGAGE,C
12000.0, 36 months,16.59,52000.0,23.33,RENT,D
10000.0, 36 months,7.49,85000.0,39.7,MORTGAGE,A
7375.0, 36 months,19.48,60000.0,16.08,RENT,E
30000.0, 60 months,13.67,80000.0,21.11,RENT,C
8000.0, 36 months,15.77,65899.0,21.74,RENT,D
13000.0, 36 months,7.91,70000.0,26.32,RENT,A
18000.0, 60 months,10.78,38000.0,30.92,MORTGAGE,B
16925.0, 60 months,21.48,47000.0,22.09,RENT,E
35000.0, 36 months,9.17,105000.0,25.07,RENT,B
26000.0, 36 months,5.32,181000.0,10.0,MORTGAGE,A
12000.0, 36 months,6.49,88000.0,19.91,MORTGAGE,A
17100.0, 36 months,16.59,72000.0,23.63,RENT,D
16000.0, 36 months,12.88,54000.0,16.31,RENT,C
7000.0, 36 months,11.99,52000.0,11.43,RENT,C
30000.0, 36 months,11.99,102900.0,21.61,MORTGAGE,C
10650.0, 36 months,14.48,37000.0,9.73,MORTGAGE,C
16800.0, 60 months,22.45,50000.0,20.51,MORTGAGE,F
10000.0, 36 months,11.22,41000.0,9.19,RENT,B
12000.0, 60 months,25.09,104000.0,23.2,MORTGAGE,F
22400.0, 60 months,14.85,70000.0,18.69,RENT,C
5000.0, 36 months,7.89,32000.0,27.64,OWN,A
28000.0, 36 months,7.91,225000.0,12.13,MORTGAGE,A
30000.0, 36 months,12.88,85000.0,35.0,OWN,C
10000.0, 60 months,17.97,55000.0,35.7,MORTGAGE,D
1000.0, 36 months,14.85,9000.0,28.46,RENT,C
22775.0, 60 months,15.77,65000.0,12.76,MORTGAGE,D
7800.0, 36 months,11.99,31722.0,34.01,RENT,C
10000.0, 36 months,9.8,50000.0,22.73,RENT,B
6000.0, 36 months,9.8,54200.0,9.94,RENT,B
15000.0, 36 months,5.32,86000.0,10.22,RENT,A
7000.0, 36 months,15.77,80000.0,13.28,MORTGAGE,D
11000.0, 36 months,6.99,78000.0,21.64,MORTGAGE,A
7200.0, 36 months,13.67,70000.0,17.44,MORTGAGE,C
10000.0, 36 months,12.88,62000.0,22.18,MORTGAGE,C
22675.0, 60 months,21.48,72000.0,20.06,MORTGAGE,E
14000.0, 36 months,6.49,67500.0,10.79,RENT,A
14400.0, 36 months,6.49,40000.0,17.7,OWN,A
7000.0, 36 months,10.64,52000.0,22.08,RENT,B
1000.0, 36 months,13.99,120000.0,20.84,OWN,C
16000.0, 36 months,7.91,58000.0,10.83,MORTGAGE,A
13725.0, 60 months,17.27,31200.0,33.46,OWN,D
8000.0, 36 months,9.17,38480.0,29.2,RENT,B
9800.0, 36 months,14.48,35600.0,29.8,OWN,C
16000.0, 36 months,6.99,65000.0,12.48,MORTGAGE,A
8000.0, 36 months,8.49,48000.0,15.15,MORTGAGE,B
32000.0, 36 months,17.27,88000.0,14.07,MORTGAGE,D
9600.0, 36 months,9.8,130000.0,18.82,MORTGAGE,B
3800.0, 36 months,11.48,29244.0,18.1,RENT,B
25000.0, 36 months,11.99,84000.0,16.41,RENT,C
13000.0, 36 months,5.32,72000.0,21.02,MORTGAGE,A
15000.0, 36 months,13.18,55000.0,33.93,MORTGAGE,C
8000.0, 36 months,12.88,115000.0,15.69,OWN,C
1600.0, 36 months,10.64,70000.0,25.46,MORTGAGE,B
1500.0, 36 months,14.48,42000.0,17.31,RENT,C
8000.0, 36 months,5.32,80000.0,14.66,RENT,A
16000.0, 60 months,13.18,63000.0,25.43,RENT,C
8000.0, 36 months,8.49,35000.0,24.61,RENT,B
35000.0, 60 months,12.88,195300.0,17.64,RENT,C
8000.0, 36 months,13.44,100000.0,9.7,MORTGAGE,C
4875.0, 36 months,17.97,49000.0,17.98,RENT,D
19850.0, 36 months,10.78,85005.0,17.2,RENT,B
31525.0, 36 months,15.77,85000.0,14.65,MORTGAGE,D
20000.0, 36 months,7.91,124000.0,11.4,MORTGAGE,A
7200.0, 36 months,9.8,86000.0,13.24,MORTGAGE,B
30000.0, 60 months,13.44,125000.0,9.15,MORTGAGE,C
35000.0, 36 months,13.99,80000.0,13.21,RENT,C
15000.0, 36 months,5.32,100000.0,15.76,RENT,A
20150.0, 60 months,20.5,48000.0,28.2,RENT,E
8400.0, 36 months,6.99,90000.0,20.8,RENT,A
7500.0, 36 months,7.91,35380.0,24.14,RENT,A
14000.0, 36 months,11.48,52000.0,31.13,RENT,B
35000.0, 36 months,17.86,100000.0,12.14,OWN,D
15000.0, 60 months,17.27,42000.0,25.11,RENT,D
5000.0, 36 months,13.44,35500.0,18.73,RENT,C
30000.0, 60 months,18.2,108000.0,16.96,RENT,E
12000.0, 36 months,11.99,50000.0,36.32,MORTGAGE,C
8400.0, 36 months,12.88,20000.0,26.11,RENT,C
35000.0, 36 months,9.8,95000.0,4.8,MORTGAGE,B
16000.0, 60 months,9.17,125000.0,30.89,RENT,B
5000.0, 36 months,9.8,32000.0,22.21,RENT,B
8400.0, 36 months,12.88,41000.0,37.97,MORTGAGE,C
25000.0, 36 months,17.97,132000.0,9.05,MORTGAGE,D
5600.0, 36 months,10.78,75000.0,12.26,MORTGAGE,B
8400.0, 36 months,6.89,55000.0,14.18,RENT,A
11200.0, 36 months,8.49,64000.0,23.29,RENT,B
20000.0, 36 months,8.38,96000.0,2.66,MORTGAGE,B
10000.0, 36 months,10.64,55000.0,26.55,MORTGAGE,B
4800.0, 36 months,7.49,82000.0,11.37,MORTGAGE,A
24000.0, 36 months,9.76,128000.0,13.26,OWN,B
10000.0, 36 months,13.18,70000.0,6.14,RENT,C
9000.0, 36 months,9.76,39000.0,20.92,OWN,B
2000.0, 36 months,12.88,86564.0,27.73,RENT,C
23000.0, 60 months,18.49,52700.0,35.49,RENT,D
9600.0, 36 months,11.99,103000.0,36.49,MORTGAGE,C
15000.0, 60 months,17.57,70000.0,9.47,RENT,D
16000.0, 36 months,9.8,99906.0,6.97,MORTGAGE,B
27275.0, 60 months,22.45,62000.0,31.94,MORTGAGE,F
11875.0, 36 months,14.85,33000.0,18.73,RENT,C
28000.0, 36 months,7.91,75000.0,16.64,MORTGAGE,A
19000.0, 36 months,7.49,58000.0,14.01,MORTGAGE,A
14000.0, 60 months,18.49,45000.0,17.44,RENT,D
2400.0, 36 months,9.17,250000.0,7.46,RENT,B
15000.0, 60 months,7.91,180000.0,5.45,MORTGAGE,A
13200.0, 36 months,22.45,41300.0,30.08,RENT,F
15000.0, 36 months,9.17,45000.0,16.93,RENT,B
7550.0, 36 months,14.85,21000.0,25.54,MORTGAGE,C
16000.0, 36 months,6.99,80000.0,6.36,RENT,A
22000.0, 36 months,10.78,58000.0,12.35,RENT,B
14200.0, 60 months,20.99,48135.62,7.8,MORTGAGE,E
10000.0, 36 months,9.8,75000.0,15.75,MORTGAGE,B
10000.0, 36 months,5.32,180000.0,7.08,MORTGAGE,A
5450.0, 36 months,13.18,40000.0,37.59,RENT,C
20150.0, 60 months,22.45,56000.0,26.03,RENT,F
28000.0, 60 months,16.59,80000.0,16.46,MORTGAGE,D
21000.0, 36 months,18.49,90000.0,22.6,MORTGAGE,D
20000.0, 60 months,13.99,88000.0,26.92,RENT,C
18000.0, 36 months,14.85,76000.0,25.97,RENT,C
35000.0, 60 months,12.88,110000.0,13.39,MORTGAGE,C
21000.0, 60 months,16.59,65000.0,34.71,MORTGAGE,D
11500.0, 60 months,11.99,25000.0,12.48,RENT,C
12000.0, 60 months,12.88,59000.0,13.7,OWN,C
10500.0, 60 months,13.99,88400.0,8.51,MORTGAGE,C
17475.0, 36 months,13.99,39750.0,23.58,RENT,C
8400.0, 36 months,9.17,62000.0,10.88,MORTGAGE,B
20000.0, 36 months,13.44,97000.0,26.5,MORTGAGE,C
24000.0, 60 months,15.77,65000.0,27.58,MORTGAGE,D
2500.0, 36 months,10.64,87000.0,17.19,RENT,B
20000.0, 36 months,6.99,100000.0,7.1,MORTGAGE,A
32000.0, 60 months,15.77,124000.0,24.82,RENT,D
5600.0, 36 months,11.99,80000.0,16.41,RENT,C
20000.0, 36 months,13.44,60000.0,16.08,RENT,C
15000.0, 60 months,9.8,86000.0,16.36,MORTGAGE,B
7000.0, 36 months,6.49,52000.0,8.14,MORTGAGE,A
2000.0, 36 months,11.99,50000.0,23.81,RENT,C
9600.0, 36 months,14.48,65000.0,6.65,RENT,C
16000.0, 36 months,11.48,70000.0,26.11,RENT,B
10650.0, 36 months,19.89,87500.0,11.41,RENT,E
12475.0, 36 months,13.67,52000.0,18.06,RENT,C
18175.0, 36 months,17.97,50500.0,21.03,OWN,D
7850.0, 36 months,17.27,45000.0,28.96,RENT,D
10000.0, 36 months,9.76,177000.0,17.93,MORTGAGE,B
15000.0, 36 months,10.64,40000.0,3.3,MORTGAGE,B
5000.0, 36 months,11.48,55000.0,19.62,RENT,B
2400.0, 36 months,13.44,120000.0,34.09,RENT,C
10450.0, 60 months,21.99,38500.0,25.37,MORTGAGE,F
25000.0, 60 months,13.67,95000.0,23.88,MORTGAGE,C
21000.0, 60 months,11.99,54603.0,33.84,RENT,C
25000.0, 36 months,11.99,72000.0,16.38,RENT,C
11875.0, 36 months,13.67,33000.0,29.91,RENT,C
13625.0, 36 months,13.44,34100.0,9.79,RENT,C
8000.0, 36 months,6.24,73000.0,23.39,RENT,A
35000.0, 36 months,7.49,135000.0,18.15,MORTGAGE,A
1550.0, 36 months,16.99,17500.0,14.27,RENT,D
18000.0, 60 months,8.49,120000.0,6.42,MORTGAGE,B
6000.0, 36 months,11.99,92000.0,16.81,MORTGAGE,C
12000.0, 36 months,6.89,72000.0,27.9,RENT,A
20000.0, 36 months,14.85,90000.0,2.64,MORTGAGE,C
3475.0, 36 months,18.49,29000.0,22.85,OWN,E
11500.0, 60 months,16.55,61459.0,11.64,OWN,D
8000.0, 36 months,6.99,119000.0,7.48,RENT,A
20000.0, 36 months,6.49,80000.0,9.54,RENT,A
6000.0, 36 months,9.8,59245.0,11.83,MORTGAGE,B
1600.0, 36 months,7.91,76500.0,16.42,MORTGAGE,A
15000.0, 36 months,6.24,90000.0,7.11,MORTGAGE,A
35000.0, 36 months,9.17,123000.0,23.98,MORTGAGE,B
8775.0, 36 months,22.45,75000.0,20.37,RENT,F
6200.0, 36 months,8.49,44800.0,21.06,MORTGAGE,B
6000.0, 36 months,13.67,50000.0,12.73,RENT,C
6000.0, 36 months,11.48,48000.0,7.73,MORTGAGE,B
18000.0, 60 months,14.85,49535.0,26.01,RENT,C
21000.0, 60 months,13.99,52000.0,14.47,RENT,C
25000.0, 36 months,7.89,82000.0,31.0,OWN,A
12000.0, 60 months,13.99,40000.0,31.68,MORTGAGE,C
35000.0, 60 months,18.2,120000.0,15.98,RENT,E
1000.0, 36 months,11.48,40000.0,18.36,OWN,B
14000.0, 36 months,11.48,55000.0,17.7,RENT,B
18525.0, 36 months,17.97,70000.0,21.6,MORTGAGE,D
20000.0, 60 months,22.45,84000.0,13.21,RENT,F
18000.0, 36 months,17.86,90000.0,13.04,MORTGAGE,D
12000.0, 60 months,14.85,75000.0,15.12,MORTGAGE,C
12000.0, 36 months,11.48,45000.0,7.63,RENT,B
19175.0, 60 months,17.27,102000.0,37.2,MORTGAGE,D
11400.0, 36 months,19.48,69000.0,28.26,MORTGAGE,E
25000.0, 36 months,7.91,145000.0,22.38,MORTGAGE,A
7000.0, 36 months,12.59,43900.0,13.59,MORTGAGE,C
15000.0, 36 months,6.99,42000.0,20.54,MORTGAGE,A
25000.0, 36 months,6.24,147000.0,24.0,MORTGAGE,A
5000.0, 36 months,12.59,75000.0,8.7,MORTGAGE,C
24000.0, 36 months,9.17,113000.0,20.92,RENT,B
11500.0, 36 months,5.32,151000.0,18.99,MORTGAGE,A
6000.0, 36 months,9.17,44000.0,20.62,RENT,B
6000.0, 36 months,14.85,50000.0,14.21,RENT,C
33000.0, 60 months,13.99,72500.0,18.19,RENT,C
28000.0, 36 months,10.78,120000.0,24.91,MORTGAGE,B
25000.0, 36 months,9.8,114000.0,29.18,OWN,B
6000.0, 36 months,15.41,75000.0,32.45,OWN,D
12375.0, 36 months,18.2,57000.0,27.22,MORTGAGE,E
1400.0, 36 months,10.64,45000.0,20.93,OWN,B
28000.0, 36 months,5.32,140000.0,6.52,OWN,A
33600.0, 60 months,16.55,76524.0,38.17,MORTGAGE,D
25600.0, 36 months,10.78,67000.0,13.43,RENT,B
7500.0, 36 months,10.64,52500.0,26.79,RENT,B
35000.0, 60 months,21.48,130000.0,5.36,OWN,E
6025.0, 36 months,12.88,38000.0,3.92,RENT,C
23000.0, 36 months,7.91,100000.0,10.49,MORTGAGE,A
30000.0, 60 months,13.44,70000.0,12.69,MORTGAGE,C
5000.0, 36 months,10.78,50246.0,11.7,MORTGAGE,B
24000.0, 36 months,8.49,101000.0,29.26,MORTGAGE,B
21575.0, 60 months,16.59,52000.0,10.76,MORTGAGE,D
35000.0, 36 months,7.26,220000.0,13.6,MORTGAGE,A
5000.0, 36 months,8.38,45000.0,17.95,MORTGAGE,B
15000.0, 36 months,13.44,55000.0,11.63,RENT,C
3000.0, 36 months,11.99,70000.0,1.29,RENT,C
20000.0, 36 months,11.99,68000.0,33.62,RENT,C
10000.0, 36 months,9.8,52000.0,18.69,OWN,B
23250.0, 60 months,17.97,70000.0,19.51,MORTGAGE,D
8000.0, 36 months,9.17,55000.0,15.4,RENT,B
35000.0, 60 months,13.44,96000.0,28.6,RENT,C
13350.0, 36 months,12.88,37500.0,12.74,MORTGAGE,C
15200.0, 36 months,7.91,38000.0,30.8,MORTGAGE,A
30000.0, 36 months,7.89,127500.0,15.24,RENT,A
10000.0, 36 months,8.49,55000.0,21.62,RENT,B
9500.0, 36 months,8.49,65000.0,18.13,RENT,B
11800.0, 36 months,15.77,75000.0,21.86,MORTGAGE,D
10400.0, 36 months,7.91,55000.0,12.96,MORTGAGE,A
20000.0, 60 months,11.99,75000.0,18.41,MORTGAGE,C
1800.0, 36 months,13.67,62897.12,24.39,MORTGAGE,C
18000.0, 36 months,5.32,200000.0,13.57,OWN,A
15000.0, 36 months,8.38,150000.0,14.13,MORTGAGE,B
26525.0, 60 months,27.31,53072.0,17.48,RENT,G
9000.0, 36 months,9.17,55000.0,19.91,MORTGAGE,B
10450.0, 36 months,15.41,40000.0,17.82,MORTGAGE,D
21600.0, 36 months,13.99,60000.0,20.68,RENT,C
5950.0, 36 months,11.48,100000.0,9.67,MORTGAGE,B
10000.0, 36 months,6.49,76000.0,28.69,OWN,A
24000.0, 36 months,10.64,60000.0,23.05,RENT,B
15000.0, 36 months,11.99,46000.0,31.23,RENT,C
10000.0, 60 months,12.88,48500.0,23.29,RENT,C
21000.0, 60 months,8.38,221000.0,4.28,MORTGAGE,B
16000.0, 36 months,11.48,230000.0,23.24,OWN,B
15000.0, 36 months,11.99,175000.0,5.6,RENT,C
7200.0, 36 months,9.17,50000.0,19.25,MORTGAGE,B
25000.0, 36 months,7.89,80000.0,11.9,MORTGAGE,A
2100.0, 36 months,10.64,68000.0,7.94,MORTGAGE,B
10100.0, 36 months,5.32,45000.0,9.47,MORTGAGE,A
25000.0, 36 months,13.44,144993.0,15.85,MORTGAGE,C
21000.0, 36 months,11.22,67537.0,23.12,MORTGAGE,B
10950.0, 36 months,17.97,36000.0,4.0,RENT,D
20300.0, 60 months,16.99,96000.0,37.34,MORTGAGE,D
11900.0, 36 months,13.44,65000.0,4.23,MORTGAGE,C
6000.0, 36 months,13.99,26000.0,18.93,RENT,C
9675.0, 36 months,11.48,70000.0,30.71,MORTGAGE,B
19200.0, 60 months,18.2,48000.0,32.23,RENT,E
12000.0, 60 months,9.17,130000.0,12.46,OWN,B
19200.0, 36 months,18.99,230000.0,9.27,RENT,E
26000.0, 36 months,13.44,85000.0,28.14,MORTGAGE,C
5000.0, 36 months,13.18,35000.0,17.56,RENT,C
5500.0, 36 months,11.48,54000.0,38.0,OWN,B
15850.0, 36 months,11.99,50000.0,21.08,RENT,C
10000.0, 36 months,10.78,34000.0,19.13,RENT,B
9000.0, 36 months,5.32,105000.0,20.22,MORTGAGE,A
15000.0, 60 months,15.77,65500.0,20.58,MORTGAGE,D
20000.0, 60 months,9.17,65500.0,23.47,OWN,B
10000.0, 60 months,15.41,45000.0,18.89,MORTGAGE,D
3000.0, 36 months,11.99,42000.0,9.97,MORTGAGE,C
20675.0, 60 months,17.57,70000.0,15.91,MORTGAGE,D
4200.0, 36 months,6.89,91000.0,23.35,RENT,A
35000.0, 36 months,12.88,95000.0,7.19,RENT,C
15000.0, 36 months,8.49,145000.0,19.35,MORTGAGE,B
7200.0, 36 months,7.91,36000.0,12.62,RENT,A
30000.0, 36 months,17.27,88000.0,28.06,MORTGAGE,D
23975.0, 60 months,19.89,70000.0,33.2,RENT,E
7500.0, 36 months,7.49,26000.0,20.96,OWN,A
28000.0, 60 months,21.48,103000.0,9.38,RENT,E
20000.0, 36 months,9.17,225000.0,6.72,MORTGAGE,B
10000.0, 36 months,6.99,70000.0,21.79,MORTGAGE,A
18000.0, 36 months,6.99,430000.0,19.62,MORTGAGE,A
6225.0, 36 months,11.48,35000.0,34.16,MORTGAGE,B
2800.0, 36 months,11.99,71000.0,22.23,RENT,C
5000.0, 36 months,7.91,93000.0,14.3,RENT,A
12000.0, 36 months,12.88,75000.0,12.7,RENT,C
13000.0, 36 months,7.91,70000.0,8.11,MORTGAGE,A
28000.0, 36 months,13.44,125000.0,7.49,OWN,C
15000.0, 36 months,10.64,93811.0,11.94,MORTGAGE,B
6000.0, 36 months,8.49,65000.0,3.31,RENT,B
15000.0, 36 months,17.27,50000.0,12.7,MORTGAGE,D
15000.0, 60 months,12.88,77000.0,15.76,MORTGAGE,C
3600.0, 36 months,9.17,71000.0,20.89,MORTGAGE,B
14400.0, 60 months,18.99,40000.0,12.24,RENT,E
7725.0, 36 months,5.32,100000.0,13.15,MORTGAGE,A
12250.0, 36 months,17.57,35000.0,14.3,MORTGAGE,D
15000.0, 36 months,13.44,51480.0,18.28,RENT,C
12000.0, 36 months,16.99,63036.0,16.49,RENT,D
5600.0, 36 months,10.78,46000.0,13.18,OWN,B
6200.0, 36 months,13.44,12406.8,22.36,OWN,C
7200.0, 36 months,9.8,53000.0,20.79,MORTGAGE,B
6000.0, 36 months,6.89,32000.0,23.13,RENT,A
25000.0, 60 months,10.64,72000.0,12.67,RENT,B
18000.0, 36 months,6.89,46000.0,26.04,OWN,A
12000.0, 36 months,9.76,70000.0,11.01,RENT,B
16000.0, 60 months,14.85,77000.0,14.84,MORTGAGE,C
16000.0, 36 months,9.8,115000.0,9.41,MORTGAGE,B
6000.0, 36 months,7.49,100000.0,13.28,MORTGAGE,A
20000.0, 36 months,6.49,95000.0,12.63,MORTGAGE,A
18000.0, 36 months,5.32,415000.0,8.59,MORTGAGE,A
35000.0, 36 months,9.17,100000.0,19.18,MORTGAGE,B
8000.0, 36 months,13.44,65000.0,33.07,MORTGAGE,C
24975.0, 60 months,23.13,59500.0,11.54,MORTGAGE,F
3000.0, 36 months,11.99,60000.0,4.54,OWN,C
15000.0, 36 months,7.26,70000.0,8.93,MORTGAGE,A
10800.0, 36 months,11.48,123000.0,23.62,OWN,B
12000.0, 60 months,9.17,50000.0,19.25,MORTGAGE,B
10000.0, 36 months,5.32,125000.0,11.51,MORTGAGE,A
3200.0, 36 months,8.49,30407.0,20.61,RENT,B
9600.0, 36 months,7.26,82000.0,12.47,MORTGAGE,A
10900.0, 60 months,8.49,122000.0,15.98,MORTGAGE,B
11000.0, 36 months,8.38,32000.0,11.78,MORTGAGE,B
14400.0, 36 months,14.48,65000.0,17.86,RENT,C
15200.0, 36 months,17.97,132000.0,10.83,MORTGAGE,D
16000.0, 36 months,9.17,40000.0,34.26,MORTGAGE,B
30000.0, 60 months,27.49,115000.0,17.73,MORTGAGE,G
16000.0, 36 months,11.99,80000.0,30.32,RENT,C
10000.0, 36 months,12.59,25000.0,3.74,RENT,C
6025.0, 36 months,12.59,52000.0,12.99,RENT,C
11000.0, 36 months,8.49,140000.0,9.27,MORTGAGE,B
3000.0, 36 months,12.88,40000.0,8.16,RENT,C
35000.0, 60 months,11.99,128000.0,6.46,MORTGAGE,C
24000.0, 36 months,5.32,200000.0,22.55,MORTGAGE,A
10000.0, 36 months,9.8,80000.0,8.94,MORTGAGE,B
35000.0, 36 months,14.85,110000.0,13.3,OWN,C
15000.0, 36 months,11.48,65000.0,14.35,MORTGAGE,B
15000.0, 36 months,13.18,100000.0,6.07,RENT,C
35000.0, 60 months,18.49,120000.0,16.33,MORTGAGE,E
15000.0, 36 months,9.17,125000.0,10.57,MORTGAGE,B
14000.0, 36 months,9.76,60000.0,30.42,MORTGAGE,B
13250.0, 36 months,12.59,34882.0,18.34,RENT,C
20000.0, 36 months,6.99,160000.0,8.83,MORTGAGE,A
21000.0, 60 months,9.17,98700.0,22.16,MORTGAGE,B
6300.0, 36 months,11.99,96000.0,6.38,MORTGAGE,C
5000.0, 36 months,14.85,40000.0,31.35,RENT,C
10175.0, 36 months,9.8,65000.0,28.03,MORTGAGE,B
27000.0, 60 months,13.18,82000.0,15.59,MORTGAGE,C
18000.0, 36 months,5.32,95000.0,3.45,MORTGAGE,A
12000.0, 36 months,11.22,102000.0,26.76,MORTGAGE,B
4800.0, 36 months,15.41,37812.0,5.57,OWN,D
10000.0, 36 months,9.8,75000.0,14.16,RENT,B
12000.0, 36 months,5.32,75000.0,29.55,OWN,A
24000.0, 60 months,18.2,50000.0,39.63,RENT,E
3600.0, 36 months,13.67,25990.0,32.38,MORTGAGE,C
10000.0, 60 months,11.99,50000.0,15.89,MORTGAGE,C
4000.0, 36 months,10.78,69000.0,19.06,MORTGAGE,B
2000.0, 36 months,8.49,58000.0,29.88,MORTGAGE,B
15000.0, 60 months,10.78,65000.0,29.28,MORTGAGE,B
32000.0, 36 months,16.55,550000.0,4.43,MORTGAGE,D
20700.0, 36 months,13.18,45000.0,28.19,RENT,C
25000.0, 36 months,9.8,130000.0,11.73,MORTGAGE,B
25000.0, 36 months,7.49,109000.0,26.02,MORTGAGE,A
15000.0, 36 months,9.76,52000.0,24.56,MORTGAGE,B
20000.0, 36 months,6.24,70000.0,15.38,MORTGAGE,A
15000.0, 36 months,5.32,74000.0,22.57,OWN,A
12000.0, 36 months,6.24,87500.0,27.38,MORTGAGE,A
12775.0, 60 months,19.89,57000.0,34.4,MORTGAGE,E
10000.0, 36 months,13.99,107000.0,16.85,RENT,C
5000.0, 36 months,11.22,145000.0,25.88,MORTGAGE,B
12000.0, 36 months,5.32,215000.0,11.17,OWN,A
5000.0, 36 months,8.49,141934.0,25.58,MORTGAGE,B
8000.0, 36 months,9.8,76000.0,12.29,MORTGAGE,B
28000.0, 36 months,6.49,125000.0,18.63,MORTGAGE,A
25000.0, 60 months,8.49,100000.0,19.56,MORTGAGE,B
5200.0, 36 months,9.76,62000.0,21.25,MORTGAGE,B
3600.0, 36 months,18.99,40000.0,12.54,RENT,E
20000.0, 60 months,16.59,50000.0,28.18,RENT,D
11000.0, 60 months,9.17,50000.0,33.01,MORTGAGE,B
10800.0, 36 months,11.48,79000.0,10.57,RENT,B
20000.0, 36 months,10.78,90000.0,13.69,MORTGAGE,B
2000.0, 36 months,9.8,52500.0,25.01,MORTGAGE,B
10000.0, 36 months,10.78,73000.0,19.56,OWN,B
6000.0, 36 months,9.8,45000.0,15.2,RENT,B
18625.0, 36 months,13.44,44400.0,7.78,MORTGAGE,C
32000.0, 60 months,17.27,146000.0,10.26,RENT,D
15500.0, 36 months,14.85,50000.0,25.54,MORTGAGE,C
7500.0, 36 months,19.99,61000.0,18.24,RENT,E
5000.0, 36 months,11.22,75000.0,12.62,OWN,B
21600.0, 60 months,12.59,62500.0,20.13,RENT,C
27125.0, 60 months,13.44,65000.0,37.65,MORTGAGE,C
15000.0, 36 months,21.48,75000.0,14.97,MORTGAGE,E
11000.0, 60 months,13.99,54000.0,14.93,MORTGAGE,C
21875.0, 36 months,11.99,47590.0,17.76,RENT,C
28800.0, 60 months,11.99,105000.0,12.78,RENT,C
13000.0, 60 months,12.88,130000.0,5.51,MORTGAGE,C
3600.0, 36 months,6.24,80000.0,13.15,RENT,A
14075.0, 36 months,11.99,32000.0,22.51,RENT,C
7000.0, 36 months,11.99,51000.0,3.39,RENT,C
35000.0, 60 months,18.49,95000.0,33.8,MORTGAGE,D
10000.0, 36 months,11.99,110000.0,20.33,MORTGAGE,C
10000.0, 60 months,17.57,35000.0,22.94,MORTGAGE,D
35000.0, 36 months,13.67,145000.0,21.25,MORTGAGE,C
15000.0, 36 months,6.49,100000.0,23.72,MORTGAGE,A
15000.0, 36 months,11.48,65000.0,23.73,MORTGAGE,B
20000.0, 36 months,17.97,180000.0,25.1,MORTGAGE,D
15000.0, 36 months,11.99,58000.0,28.31,RENT,C
28500.0, 36 months,17.97,75000.0,27.11,MORTGAGE,D
24000.0, 36 months,9.8,90000.0,20.97,MORTGAGE,B
6000.0, 36 months,5.32,35830.0,10.69,MORTGAGE,A
34000.0, 36 months,9.17,85000.0,19.67,RENT,B
12000.0, 36 months,12.88,72000.0,18.92,MORTGAGE,C
12000.0, 60 months,12.59,60000.0,12.74,MORTGAGE,C
15000.0, 36 months,12.88,154000.0,35.77,MORTGAGE,C
24000.0, 36 months,13.18,203000.0,11.88,RENT,C
5000.0, 36 months,11.22,300000.0,14.27,MORTGAGE,B
15000.0, 60 months,16.59,55000.0,10.17,MORTGAGE,D
10000.0, 36 months,11.99,40000.0,32.34,RENT,C
35000.0, 60 months,12.88,108000.0,22.14,MORTGAGE,C
20000.0, 36 months,10.78,50000.0,11.28,RENT,B
28000.0, 36 months,11.99,75000.0,11.36,MORTGAGE,C
5500.0, 36 months,15.77,101000.0,25.55,MORTGAGE,D
3000.0, 36 months,12.88,59000.0,20.71,MORTGAGE,C
6000.0, 36 months,9.17,55000.0,16.02,RENT,B
12000.0, 36 months,10.78,110000.0,4.13,OWN,B
9600.0, 36 months,11.22,45000.0,11.2,RENT,B
24000.0, 60 months,13.18,68000.0,10.74,MORTGAGE,C
15500.0, 36 months,13.99,75000.0,20.34,MORTGAGE,C
12000.0, 36 months,7.49,53000.0,21.17,RENT,A
11200.0, 36 months,7.89,55000.0,24.66,MORTGAGE,A
3200.0, 36 months,7.91,30000.0,19.66,RENT,A
35000.0, 60 months,16.59,150000.0,14.56,MORTGAGE,D
4000.0, 36 months,11.99,30000.0,31.28,RENT,C
24000.0, 36 months,6.49,105000.0,17.15,MORTGAGE,A
9000.0, 36 months,6.99,70000.0,16.2,RENT,A
6000.0, 36 months,12.88,50000.0,5.43,OWN,C
16000.0, 36 months,6.24,160000.0,8.36,MORTGAGE,A
12000.0, 36 months,11.22,50000.0,18.58,RENT,B
3000.0, 36 months,13.99,16152.0,18.64,MORTGAGE,C
20525.0, 36 months,18.99,90000.0,27.99,MORTGAGE,E
15000.0, 60 months,12.88,50000.0,30.08,OWN,C
13500.0, 60 months,13.67,56000.0,16.4,MORTGAGE,C
21000.0, 60 months,13.44,50000.0,18.05,MORTGAGE,C
12000.0, 36 months,8.49,70000.0,13.39,RENT,B
2500.0, 36 months,13.67,52000.0,30.26,OWN,C
16000.0, 36 months,7.49,70000.0,8.98,MORTGAGE,A
5600.0, 36 months,10.78,41000.0,28.51,OWN,B
13200.0, 36 months,6.99,90000.0,30.61,OWN,A
6000.0, 36 months,6.24,92000.0,6.67,MORTGAGE,A
6000.0, 36 months,11.99,80000.0,22.5,MORTGAGE,C
6000.0, 36 months,5.32,41175.0,4.14,MORTGAGE,A
22400.0, 36 months,8.38,59000.0,13.89,MORTGAGE,B
21825.0, 60 months,18.99,52000.0,30.39,RENT,E
35000.0, 36 months,13.99,83000.0,15.49,MORTGAGE,C
15000.0, 36 months,7.49,67879.0,29.6,MORTGAGE,A
20400.0, 60 months,14.85,67500.0,10.01,RENT,C
7200.0, 36 months,7.26,50000.0,18.77,RENT,A
23000.0, 36 months,11.48,66000.0,19.65,MORTGAGE,B
3600.0, 36 months,11.99,30000.0,23.36,RENT,C
10000.0, 36 months,8.49,70000.0,12.29,MORTGAGE,B
7200.0, 36 months,12.59,57030.0,24.2,RENT,C
25500.0, 60 months,19.99,75072.0,13.12,MORTGAGE,E
10000.0, 36 months,9.76,60000.0,10.78,RENT,B
6000.0, 36 months,7.49,90000.0,3.41,MORTGAGE,A
15000.0, 60 months,13.44,77213.0,18.17,RENT,C
12000.0, 36 months,7.89,40899.0,12.53,RENT,A
17750.0, 36 months,8.49,65000.0,29.52,MORTGAGE,B
7000.0, 36 months,11.48,41000.0,19.79,OWN,B
5000.0, 36 months,18.99,48000.0,29.18,MORTGAGE,E
21000.0, 36 months,9.17,95000.0,20.0,MORTGAGE,B
10000.0, 36 months,8.49,89000.0,13.43,MORTGAGE,B
26000.0, 36 months,10.78,88000.0,24.04,MORTGAGE,B
10000.0, 36 months,10.78,48000.0,7.05,MORTGAGE,B
1050.0, 36 months,12.88,130000.0,25.43,MORTGAGE,C
7525.0, 36 months,18.99,20930.0,31.6,OWN,E
5000.0, 36 months,9.17,45000.0,15.47,RENT,B
5600.0, 36 months,15.77,58000.0,28.35,MORTGAGE,D
12000.0, 36 months,6.99,24000.0,22.4,OWN,A
15000.0, 60 months,13.99,50000.0,28.92,RENT,C
10800.0, 36 months,7.49,45000.0,20.99,RENT,A
11900.0, 36 months,5.32,150000.0,14.93,MORTGAGE,A
11000.0, 36 months,14.85,48000.0,16.95,RENT,C
18700.0, 60 months,18.49,52000.0,21.62,MORTGAGE,E
35000.0, 36 months,9.8,95000.0,3.2,MORTGAGE,B
15000.0, 36 months,11.99,68000.0,30.85,RENT,C
24550.0, 36 months,13.44,78500.0,27.73,MORTGAGE,C
12000.0, 60 months,8.38,37500.0,14.21,RENT,B
8025.0, 36 months,16.99,20102.0,32.36,RENT,D
14075.0, 60 months,14.85,30600.0,26.27,MORTGAGE,C
5000.0, 36 months,6.49,96000.0,10.45,RENT,A
5000.0, 36 months,5.32,60000.0,19.22,MORTGAGE,A
22575.0, 36 months,13.67,96300.0,39.5,OWN,C
6000.0, 36 months,6.24,34657.2,5.3,RENT,A
16000.0, 36 months,11.99,98000.0,23.06,MORTGAGE,C
15000.0, 36 months,5.32,75000.0,8.75,MORTGAGE,A
10000.0, 36 months,14.85,27000.0,25.91,RENT,C
12000.0, 36 months,9.8,43000.0,18.28,RENT,B
21000.0, 60 months,10.78,89000.0,21.88,MORTGAGE,B
22400.0, 36 months,16.59,66000.0,34.84,RENT,D
6000.0, 36 months,9.17,45000.0,38.56,MORTGAGE,B
35000.0, 60 months,13.99,190000.0,13.18,MORTGAGE,C
8000.0, 36 months,14.85,110000.0,28.62,MORTGAGE,C
4800.0, 36 months,9.8,33000.0,6.91,RENT,B
9000.0, 36 months,5.32,150000.0,0.63,MORTGAGE,A
26000.0, 60 months,7.91,75000.0,19.44,MORTGAGE,A
35000.0, 60 months,18.99,80000.0,0.9,RENT,E
10000.0, 36 months,12.88,60000.0,3.3,RENT,C
18000.0, 60 months,13.18,91280.0,22.14,MORTGAGE,C
10100.0, 36 months,7.91,41000.0,26.77,RENT,A
10000.0, 36 months,13.44,55000.0,21.49,RENT,C
15000.0, 36 months,8.49,50500.0,24.76,RENT,B
25000.0, 36 months,17.27,200000.0,10.95,OWN,D
3775.0, 36 months,11.48,62000.0,8.75,RENT,B
3250.0, 36 months,17.86,33839.0,27.7,MORTGAGE,D
2800.0, 36 months,16.99,55660.0,13.84,MORTGAGE,D
9500.0, 36 months,16.59,21600.0,35.53,RENT,D
24000.0, 60 months,17.97,75000.0,39.81,MORTGAGE,D
25000.0, 60 months,17.97,55000.0,26.64,RENT,D
5000.0, 36 months,6.99,106000.0,16.96,MORTGAGE,A
8000.0, 36 months,10.78,72000.0,25.4,MORTGAGE,B
30000.0, 60 months,18.49,80000.0,18.66,RENT,E
12500.0, 36 months,9.17,34000.0,12.9,RENT,B
10000.0, 36 months,5.32,85000.0,28.06,MORTGAGE,A
21000.0, 36 months,7.26,105000.0,29.36,RENT,A
15000.0, 36 months,10.78,200000.0,13.57,MORTGAGE,B
20000.0, 36 months,10.78,54000.0,18.98,RENT,B
9425.0, 36 months,15.77,30000.0,27.48,MORTGAGE,D
22400.0, 60 months,13.67,100000.0,11.8,RENT,C
9000.0, 36 months,9.17,38000.0,32.6,RENT,B
7125.0, 36 months,15.41,17000.0,34.6,OWN,D
10400.0, 36 months,14.48,65000.0,26.97,RENT,C
4800.0, 36 months,9.17,133760.0,25.16,MORTGAGE,B
10000.0, 36 months,8.38,95000.0,12.39,OWN,B
7000.0, 36 months,8.49,48000.0,4.28,RENT,B
15000.0, 36 months,7.49,110000.0,6.74,MORTGAGE,A
12600.0, 36 months,7.91,60000.0,15.64,MORTGAGE,A
10000.0, 36 months,13.67,30000.0,13.32,RENT,C
15000.0, 36 months,9.8,62300.0,23.6,MORTGAGE,B
12000.0, 36 months,10.64,45000.0,24.16,MORTGAGE,B
15000.0, 36 months,8.49,45000.0,7.17,RENT,B
4800.0, 36 months,8.49,42000.0,14.71,RENT,B
6000.0, 36 months,17.27,55000.0,7.23,RENT,D
15000.0, 36 months,8.38,66000.0,31.88,RENT,B
18700.0, 36 months,17.27,52000.0,36.07,RENT,D
16000.0, 60 months,13.67,56700.0,21.34,RENT,C
9000.0, 36 months,11.99,75000.0,28.98,OWN,C
28500.0, 60 months,18.99,70000.0,29.37,MORTGAGE,E
9000.0, 36 months,11.99,175000.0,15.31,MORTGAGE,C
15375.0, 36 months,17.97,55000.0,21.91,MORTGAGE,D
15000.0, 60 months,10.64,48500.0,22.72,OWN,B
1000.0, 36 months,9.76,68000.0,1.81,RENT,B
3450.0, 36 months,19.48,10800.0,8.78,OWN,E
6000.0, 36 months,11.99,44900.0,6.71,RENT,C
8000.0, 36 months,10.64,80000.0,21.2,MORTGAGE,B
10000.0, 36 months,13.67,60000.0,12.38,OWN,C
15000.0, 36 months,10.78,37000.0,26.69,RENT,B
5000.0, 36 months,11.99,108250.0,29.85,RENT,C
9500.0, 36 months,8.38,64000.0,14.57,MORTGAGE,B
24000.0, 36 months,9.76,72000.0,31.67,MORTGAGE,B
16000.0, 36 months,9.8,60000.0,15.3,RENT,B
12000.0, 60 months,9.17,39500.0,18.54,OWN,B
29325.0, 36 months,9.17,58656.0,26.43,MORTGAGE,B
28000.0, 36 months,5.32,202000.0,12.14,MORTGAGE,A
25000.0, 60 months,9.17,101000.0,19.19,RENT,B
7000.0, 36 months,5.32,75000.0,5.66,MORTGAGE,A
19125.0, 36 months,13.44,43500.0,4.39,RENT,C
30000.0, 36 months,6.24,250000.0,13.08,MORTGAGE,A
10000.0, 36 months,10.78,48000.0,22.43,RENT,B
20950.0, 60 months,17.97,87500.0,10.81,MORTGAGE,D
2000.0, 36 months,13.44,140000.0,23.01,MORTGAGE,C
24000.0, 60 months,11.99,77000.0,22.32,MORTGAGE,C
6400.0, 36 months,6.99,42000.0,17.29,MORTGAGE,A
2000.0, 36 months,9.17,80000.0,1.13,MORTGAGE,B
2000.0, 36 months,11.48,115000.0,24.64,RENT,B
7500.0, 36 months,17.86,48396.0,33.23,MORTGAGE,D
10000.0, 36 months,11.99,56160.0,2.18,RENT,C
15400.0, 36 months,13.44,35000.0,12.69,RENT,C
9375.0, 36 months,17.27,36000.0,25.4,MORTGAGE,D
12000.0, 60 months,13.18,30000.0,9.04,RENT,C
8400.0, 36 months,12.88,44000.0,1.45,MORTGAGE,C
7200.0, 36 months,9.8,68000.0,10.57,MORTGAGE,B
19000.0, 36 months,10.78,155000.0,18.42,MORTGAGE,B
35000.0, 60 months,14.85,90000.0,19.13,OWN,C
8000.0, 36 months,9.76,65000.0,30.32,RENT,B
20000.0, 36 months,12.88,93534.0,13.95,RENT,C
8000.0, 36 months,7.89,35000.0,7.72,RENT,A
13200.0, 36 months,12.88,45000.0,32.56,MORTGAGE,C
15000.0, 36 months,6.49,150000.0,5.15,RENT,A
5000.0, 36 months,11.48,55000.0,22.78,RENT,B
11000.0, 36 months,8.49,110000.0,11.88,OWN,B
18000.0, 60 months,12.88,100000.0,16.19,MORTGAGE,C
10000.0, 36 months,16.55,66000.0,38.64,MORTGAGE,D
15000.0, 36 months,5.32,90000.0,16.91,MORTGAGE,A
25000.0, 36 months,10.64,140000.0,7.6,RENT,B
5600.0, 36 months,13.44,50000.0,28.73,RENT,C
18000.0, 36 months,12.88,135000.0,23.44,MORTGAGE,C
20000.0, 36 months,10.64,52000.0,13.02,MORTGAGE,B
5000.0, 36 months,7.91,50000.0,25.85,MORTGAGE,A
21000.0, 36 months,10.78,130000.0,13.72,MORTGAGE,B
22950.0, 60 months,26.06,51000.0,12.4,RENT,F
3000.0, 36 months,9.17,50000.0,28.52,OWN,B
20400.0, 60 months,18.49,75000.0,38.65,MORTGAGE,D
12000.0, 60 months,16.55,70000.0,37.72,MORTGAGE,D
24000.0, 36 months,7.89,162000.0,12.9,MORTGAGE,A
15825.0, 60 months,21.99,44000.0,3.06,RENT,F
8000.0, 36 months,12.88,85000.0,19.55,RENT,C
5600.0, 36 months,9.8,80000.0,14.78,RENT,B
6000.0, 36 months,9.8,58000.0,22.59,RENT,B
3000.0, 36 months,7.49,44000.0,12.27,RENT,A
16625.0, 60 months,23.13,46200.0,21.58,MORTGAGE,F
14000.0, 36 months,9.17,72277.0,35.81,MORTGAGE,B
17500.0, 36 months,10.78,35000.0,18.0,OWN,B
10000.0, 36 months,9.17,38000.0,13.9,MORTGAGE,B
27850.0, 60 months,25.09,150000.0,24.91,RENT,F
30000.0, 36 months,10.64,100000.0,19.47,RENT,B
7000.0, 36 months,8.49,50000.0,8.04,MORTGAGE,B
5500.0, 36 months,9.17,39000.0,17.11,MORTGAGE,B
21000.0, 36 months,9.17,200000.0,8.11,RENT,B
5000.0, 36 months,7.26,44000.0,18.77,MORTGAGE,A
14075.0, 36 months,13.99,32000.0,18.23,RENT,C
3500.0, 36 months,7.89,28000.0,7.7,MORTGAGE,A
19200.0, 36 months,7.89,60000.0,8.12,MORTGAGE,A
9000.0, 36 months,7.49,64000.0,12.32,MORTGAGE,A
5000.0, 36 months,9.8,150000.0,8.5,MORTGAGE,B
5600.0, 36 months,13.44,57000.0,11.94,RENT,C
10000.0, 36 months,5.32,118000.0,7.37,MORTGAGE,A
6500.0, 36 months,6.49,35000.0,12.53,MORTGAGE,A
10925.0, 36 months,14.85,60000.0,17.44,RENT,C
24000.0, 36 months,9.17,195000.0,12.54,RENT,B
5000.0, 36 months,11.48,85000.0,8.28,MORTGAGE,B
1000.0, 36 months,14.85,44000.0,20.16,MORTGAGE,C
23800.0, 60 months,9.17,80000.0,25.83,RENT,B
25000.0, 36 months,7.91,70000.0,29.26,MORTGAGE,A
12000.0, 36 months,6.99,60000.0,15.42,MORTGAGE,A
25000.0, 60 months,13.99,78000.0,11.89,RENT,C
15000.0, 36 months,6.99,60000.0,24.68,MORTGAGE,A
20000.0, 36 months,8.49,85000.0,17.61,MORTGAGE,B
9300.0, 36 months,7.49,39090.0,24.56,MORTGAGE,A
9000.0, 36 months,7.26,40000.0,17.55,MORTGAGE,A
28000.0, 60 months,18.49,76000.0,13.66,OWN,D
11200.0, 36 months,9.76,50000.0,2.69,MORTGAGE,B
15000.0, 36 months,10.78,90000.0,18.47,RENT,B
4000.0, 36 months,11.99,53000.0,15.53,RENT,C
6000.0, 36 months,8.38,46000.0,14.74,RENT,B
7000.0, 36 months,8.49,80000.0,10.49,RENT,B
3000.0, 36 months,11.99,75000.0,7.25,MORTGAGE,C
16000.0, 36 months,17.27,48305.0,23.33,RENT,D
35000.0, 36 months,17.57,129999.0,27.4,MORTGAGE,D
20000.0, 60 months,10.64,93875.0,10.29,MORTGAGE,B
25800.0, 36 months,17.27,89400.0,6.65,MORTGAGE,D
9800.0, 36 months,9.8,108000.0,12.81,MORTGAGE,B
19200.0, 36 months,8.49,168000.0,13.49,RENT,B
19775.0, 36 months,12.59,95000.0,7.4,MORTGAGE,C
5000.0, 36 months,10.64,47000.0,15.37,RENT,B
12500.0, 36 months,6.49,69500.0,14.5,MORTGAGE,A
12000.0, 36 months,6.49,54700.0,16.45,RENT,A
27300.0, 60 months,11.99,155000.0,23.23,MORTGAGE,C
35000.0, 36 months,13.18,450000.0,7.22,MORTGAGE,C
3500.0, 36 months,18.49,56000.0,14.57,RENT,D
11000.0, 36 months,9.8,42000.0,28.46,RENT,B
21000.0, 60 months,18.99,215000.0,13.04,MORTGAGE,E
24000.0, 60 months,13.99,100000.0,25.87,MORTGAGE,C
6400.0, 36 months,12.88,30000.0,23.24,RENT,C
16700.0, 36 months,10.78,110000.0,19.25,MORTGAGE,B
20000.0, 36 months,9.17,86000.0,30.32,RENT,B
7000.0, 36 months,8.49,100000.0,29.75,MORTGAGE,B
16000.0, 36 months,14.85,81500.0,29.24,MORTGAGE,C
30000.0, 60 months,13.67,82000.0,31.54,RENT,C
12000.0, 36 months,10.64,47940.0,19.78,RENT,B
18000.0, 36 months,16.59,50000.0,14.69,MORTGAGE,D
12000.0, 36 months,7.49,84540.0,20.16,MORTGAGE,A
24000.0, 36 months,12.59,84200.0,25.98,RENT,C
8000.0, 36 months,5.32,50000.0,14.86,RENT,A
15000.0, 60 months,18.99,82000.0,10.6,RENT,E
11000.0, 36 months,9.17,32000.0,13.73,RENT,B
9000.0, 36 months,8.49,47000.0,8.43,MORTGAGE,B
12000.0, 36 months,13.99,52200.0,8.92,RENT,C
1500.0, 36 months,13.99,25000.0,16.03,MORTGAGE,C
35000.0, 36 months,9.76,109000.0,24.23,MORTGAGE,B
10000.0, 36 months,10.64,90000.0,27.48,RENT,B
16000.0, 60 months,11.22,72000.0,23.35,MORTGAGE,B
5500.0, 36 months,6.99,100000.0,23.02,MORTGAGE,A
4000.0, 36 months,9.8,105000.0,9.31,RENT,B
2200.0, 36 months,13.18,29120.0,15.95,MORTGAGE,C
6025.0, 36 months,14.85,75000.0,23.81,RENT,C
24000.0, 36 months,7.89,240000.0,8.62,MORTGAGE,A
22000.0, 36 months,6.99,140000.0,12.31,RENT,A
11000.0, 36 months,15.77,110000.0,14.45,MORTGAGE,D
15000.0, 36 months,5.32,85000.0,18.48,RENT,A
8525.0, 36 months,17.57,36000.0,39.37,MORTGAGE,D
16000.0, 36 months,10.64,160000.0,8.89,MORTGAGE,B
14000.0, 36 months,9.17,70000.0,31.1,OWN,B
30000.0, 36 months,16.59,75000.0,22.7,RENT,D
17375.0, 60 months,17.86,48266.0,10.12,MORTGAGE,D
20000.0, 36 months,6.89,64000.0,18.75,MORTGAGE,A
24000.0, 36 months,7.89,66000.0,23.57,MORTGAGE,A
12600.0, 36 months,6.99,73000.0,5.56,RENT,A
16800.0, 36 months,10.64,40000.0,13.83,RENT,B
18000.0, 36 months,9.76,110000.0,0.68,MORTGAGE,B
35000.0, 60 months,14.85,333600.0,4.29,OWN,C
10000.0, 36 months,11.99,36000.0,26.47,RENT,C
12000.0, 60 months,17.57,78500.0,23.24,RENT,D
7000.0, 36 months,14.48,76000.0,24.29,MORTGAGE,C
25000.0, 36 months,16.55,85000.0,23.25,RENT,D
14000.0, 60 months,14.85,55000.0,29.11,MORTGAGE,C
35000.0, 60 months,11.99,98000.0,19.94,MORTGAGE,C
18000.0, 36 months,5.32,135000.0,8.48,RENT,A
5000.0, 36 months,10.64,40399.0,15.03,MORTGAGE,B
13200.0, 36 months,5.32,150000.0,15.45,MORTGAGE,A
5000.0, 36 months,11.99,60000.0,25.76,RENT,C
12000.0, 60 months,10.78,56000.0,25.98,OWN,B
30000.0, 36 months,7.49,160630.0,19.87,MORTGAGE,A
6000.0, 36 months,7.91,250000.0,16.17,MORTGAGE,A
10825.0, 36 months,12.59,36000.0,10.83,RENT,C
20000.0, 36 months,9.8,95000.0,21.31,RENT,B
8000.0, 36 months,11.99,80000.0,25.55,RENT,C
8500.0, 36 months,8.38,73000.0,12.43,MORTGAGE,B
15000.0, 36 months,11.22,42000.0,23.74,RENT,B
6000.0, 36 months,11.22,54000.0,21.56,MORTGAGE,B
30000.0, 36 months,19.48,90000.0,11.29,RENT,E
20000.0, 36 months,7.89,62000.0,14.45,RENT,A
20000.0, 36 months,5.32,77865.0,7.0,MORTGAGE,A
11500.0, 36 months,7.91,130200.0,21.56,MORTGAGE,A
30000.0, 60 months,20.5,90000.0,14.71,RENT,E
18000.0, 36 months,7.49,83000.0,7.93,MORTGAGE,A
5000.0, 36 months,10.64,30000.0,24.0,RENT,B
10000.0, 36 months,8.38,25000.0,18.1,RENT,B
13600.0, 60 months,19.48,247000.0,11.44,MORTGAGE,E
21600.0, 60 months,14.85,78000.0,28.18,MORTGAGE,C
35000.0, 36 months,9.17,144000.0,12.77,OWN,B
16200.0, 60 months,10.78,60000.0,25.5,MORTGAGE,B
15000.0, 36 months,12.88,66248.0,31.67,MORTGAGE,C
7200.0, 36 months,14.48,44000.0,19.61,RENT,C
16000.0, 60 months,10.64,62000.0,15.95,MORTGAGE,B
15000.0, 60 months,16.59,90000.0,3.19,MORTGAGE,D
23650.0, 36 months,11.99,72000.0,2.55,MORTGAGE,C
7500.0, 36 months,9.8,45000.0,22.74,MORTGAGE,B
21000.0, 60 months,14.85,75000.0,22.44,RENT,C
6000.0, 36 months,11.99,51000.0,25.04,RENT,C
1700.0, 36 months,9.17,35000.0,18.18,RENT,B
2000.0, 36 months,10.78,90000.0,15.81,RENT,B
21000.0, 60 months,11.48,127000.0,28.36,MORTGAGE,B
12000.0, 36 months,6.99,114000.0,18.99,MORTGAGE,A
1000.0, 36 months,13.99,35000.0,26.82,RENT,C
28000.0, 36 months,5.32,205200.0,21.6,MORTGAGE,A
10000.0, 36 months,7.49,55500.0,15.05,MORTGAGE,A
6000.0, 36 months,7.49,125000.0,9.02,MORTGAGE,A
25000.0, 36 months,6.89,75000.0,30.24,RENT,A
16000.0, 60 months,12.88,64000.0,5.76,MORTGAGE,C
5725.0, 36 months,6.99,25000.0,12.67,RENT,A
20000.0, 36 months,7.91,62000.0,28.97,MORTGAGE,A
15000.0, 36 months,11.99,69000.0,25.86,MORTGAGE,C
35000.0, 36 months,18.49,109000.0,29.88,MORTGAGE,D
21000.0, 36 months,9.76,80000.0,11.24,MORTGAGE,B
5625.0, 36 months,17.57,100000.0,25.56,MORTGAGE,D
35000.0, 60 months,17.86,109500.0,26.93,RENT,D
23650.0, 60 months,20.5,52560.0,36.64,RENT,E
21125.0, 36 months,16.99,60000.0,27.44,RENT,D
28000.0, 36 months,12.88,140000.0,10.94,MORTGAGE,C
9550.0, 36 months,17.97,64627.0,36.04,MORTGAGE,D
11400.0, 36 months,11.48,50000.0,23.64,RENT,B
29000.0, 60 months,18.99,90000.0,1.83,MORTGAGE,E
12000.0, 36 months,16.99,73000.0,21.9,MORTGAGE,D
7500.0, 36 months,6.99,68000.0,12.27,MORTGAGE,A
5875.0, 36 months,13.99,14000.0,18.87,RENT,C
10000.0, 36 months,7.49,35000.0,15.33,RENT,A
10000.0, 36 months,9.8,75000.0,10.94,RENT,B
15000.0, 36 months,9.17,110000.0,5.41,MORTGAGE,B
10000.0, 36 months,11.99,110000.0,20.59,MORTGAGE,C
5000.0, 36 months,5.32,250000.0,23.23,MORTGAGE,A
10800.0, 36 months,9.8,50000.0,29.86,RENT,B
10000.0, 36 months,11.48,25000.0,17.33,RENT,B
15600.0, 36 months,13.99,220000.0,7.73,MORTGAGE,C
20000.0, 36 months,7.89,78000.0,8.89,RENT,A
8000.0, 36 months,9.76,34000.0,30.49,RENT,B
4000.0, 36 months,11.48,32500.0,33.46,RENT,B
1200.0, 36 months,6.24,38000.0,29.69,MORTGAGE,A
7450.0, 36 months,8.49,26000.0,28.53,MORTGAGE,B
8000.0, 36 months,11.48,152000.0,7.17,MORTGAGE,B
14425.0, 36 months,17.97,59304.0,12.93,OWN,D
10000.0, 36 months,11.99,50000.0,15.05,MORTGAGE,C
7025.0, 36 months,15.77,22500.0,17.71,MORTGAGE,D
18000.0, 36 months,6.49,79317.0,20.4,RENT,A
8000.0, 36 months,9.17,65000.0,22.05,RENT,B
24575.0, 60 months,22.45,92000.0,24.16,MORTGAGE,F
28000.0, 36 months,6.99,93000.0,34.22,MORTGAGE,A
18000.0, 36 months,11.99,67500.0,32.92,RENT,C
7000.0, 36 months,7.26,74976.0,15.84,RENT,A
20000.0, 60 months,18.49,54000.0,30.27,MORTGAGE,D
15225.0, 36 months,8.49,40000.0,21.21,OWN,B
24375.0, 60 months,12.59,53000.0,28.57,RENT,C
15000.0, 36 months,9.8,75000.0,20.21,RENT,B
9350.0, 36 months,18.49,32500.0,39.24,RENT,D
6000.0, 36 months,7.89,180000.0,2.11,OWN,A
16000.0, 60 months,11.99,75000.0,22.86,MORTGAGE,C
20000.0, 36 months,12.88,50000.0,27.48,RENT,C
20000.0, 36 months,11.22,120000.0,19.45,RENT,B
9600.0, 36 months,15.41,38500.0,16.96,OWN,D
5400.0, 36 months,11.48,58000.0,27.95,RENT,B
21000.0, 36 months,10.78,74196.0,18.62,RENT,B
15000.0, 36 months,13.99,55000.0,17.7,OWN,C
5550.0, 36 months,16.55,54600.0,7.47,RENT,D
9025.0, 36 months,14.85,45000.0,17.68,RENT,C
15075.0, 36 months,10.64,105000.0,13.86,RENT,B
8000.0, 36 months,10.78,54000.0,28.1,RENT,B
16000.0, 36 months,6.89,92000.0,21.39,OWN,A
4000.0, 36 months,13.67,59800.0,34.62,RENT,C
24000.0, 60 months,22.45,110000.0,29.21,MORTGAGE,F
25000.0, 36 months,9.8,115000.0,18.04,RENT,B
13000.0, 36 months,8.38,38000.0,14.28,OWN,B
22000.0, 36 months,8.49,94000.0,7.66,RENT,B
4875.0, 36 months,21.48,14364.0,30.24,RENT,E
14750.0, 60 months,19.89,41000.0,17.42,OWN,E
19000.0, 36 months,13.99,135000.0,9.72,MORTGAGE,C
8200.0, 36 months,14.48,37000.0,17.35,RENT,C
4250.0, 36 months,14.85,29000.0,16.72,MORTGAGE,C
4000.0, 36 months,13.67,47000.0,30.44,MORTGAGE,C
21000.0, 36 months,5.32,149000.0,10.07,RENT,A
33300.0, 36 months,13.99,125000.0,21.69,RENT,C
22100.0, 60 months,23.13,65000.0,3.42,OWN,F
5000.0, 36 months,7.91,40000.0,28.26,OWN,A
21000.0, 36 months,11.99,150000.0,16.86,MORTGAGE,C
7000.0, 36 months,7.91,105000.0,13.62,MORTGAGE,A
7900.0, 36 months,11.99,30000.0,10.73,MORTGAGE,C
12000.0, 36 months,5.32,100000.0,10.4,MORTGAGE,A
30000.0, 36 months,7.91,100000.0,17.66,MORTGAGE,A
15000.0, 36 months,7.89,137790.0,27.66,MORTGAGE,A
35000.0, 60 months,23.13,65000.0,22.3,MORTGAGE,F
20000.0, 36 months,12.88,145000.0,12.28,MORTGAGE,C
5000.0, 36 months,11.99,70000.0,27.74,OWN,C
15000.0, 36 months,17.27,55000.0,25.81,RENT,D
6000.0, 36 months,12.88,31000.0,9.68,MORTGAGE,C
20000.0, 36 months,13.67,95000.0,25.69,RENT,C
24000.0, 60 months,17.27,67000.0,29.07,MORTGAGE,D
12650.0, 36 months,11.99,45000.0,22.91,RENT,C
25000.0, 60 months,17.86,88000.0,15.25,MORTGAGE,D
25000.0, 36 months,11.22,66509.0,17.97,MORTGAGE,B
12000.0, 36 months,9.8,55000.0,12.61,RENT,B
4800.0, 36 months,6.49,65000.0,28.6,MORTGAGE,A
18000.0, 36 months,6.24,82234.0,31.29,MORTGAGE,A
25200.0, 60 months,13.18,85000.0,25.84,MORTGAGE,C
20000.0, 36 months,11.99,118000.0,25.76,MORTGAGE,C
9000.0, 36 months,8.38,72000.0,9.56,RENT,B
6000.0, 36 months,16.99,40000.0,26.97,RENT,D
15725.0, 36 months,15.77,75000.0,21.3,MORTGAGE,D
9450.0, 36 months,21.48,60000.0,36.76,RENT,E
24500.0, 36 months,7.49,79000.0,7.98,RENT,A
16575.0, 36 months,12.59,45628.0,18.15,MORTGAGE,C
28000.0, 60 months,13.99,110400.0,6.3,MORTGAGE,C
12000.0, 36 months,11.48,80000.0,1.8,OWN,B
26425.0, 36 months,9.17,110000.0,27.55,MORTGAGE,B
10000.0, 36 months,10.78,45000.0,20.37,RENT,B
8000.0, 36 months,7.49,57000.0,25.01,MORTGAGE,A
8000.0, 36 months,12.88,56000.0,29.23,RENT,C
7550.0, 36 months,10.64,25480.0,26.19,RENT,B
35000.0, 36 months,9.17,127000.0,15.95,MORTGAGE,B
13000.0, 36 months,11.48,47000.0,19.2,RENT,B
5000.0, 36 months,11.48,55000.0,11.61,MORTGAGE,B
24800.0, 60 months,21.48,70000.0,14.17,RENT,E
12000.0, 36 months,10.78,35000.0,4.6,RENT,B
5000.0, 36 months,14.85,90000.0,23.01,MORTGAGE,C
11000.0, 36 months,9.76,40000.0,9.93,MORTGAGE,B
17000.0, 36 months,6.24,72000.0,23.88,MORTGAGE,A
15000.0, 36 months,11.99,120000.0,17.3,MORTGAGE,C
8400.0, 36 months,17.86,42000.0,31.04,OWN,D
18000.0, 36 months,11.99,60000.0,26.14,MORTGAGE,C
6000.0, 36 months,11.99,51000.0,8.35,MORTGAGE,C
15000.0, 36 months,7.91,78000.0,3.4,OWN,A
3600.0, 36 months,16.55,158000.0,1.59,MORTGAGE,D
18000.0, 60 months,11.99,112000.0,8.68,MORTGAGE,C
9600.0, 36 months,11.22,46400.0,11.69,RENT,B
12000.0, 36 months,6.99,100000.0,9.19,RENT,A
18000.0, 36 months,13.99,63000.0,17.49,OWN,C
6000.0, 36 months,10.78,47630.0,7.05,RENT,B
10800.0, 36 months,11.99,56000.0,24.3,RENT,C
8000.0, 36 months,9.17,40000.0,18.9,MORTGAGE,B
3500.0, 36 months,13.99,105000.0,17.65,RENT,C
12000.0, 36 months,8.49,100000.0,14.53,MORTGAGE,B
23000.0, 36 months,11.99,50000.0,19.35,MORTGAGE,C
8000.0, 36 months,11.48,38000.0,23.52,RENT,B
15000.0, 60 months,17.27,60000.0,35.43,MORTGAGE,D
8000.0, 36 months,11.48,42000.0,34.8,MORTGAGE,B
21600.0, 36 months,13.44,54000.0,17.64,MORTGAGE,C
32975.0, 60 months,17.86,70000.0,32.28,MORTGAGE,D
21000.0, 60 months,13.44,54649.0,12.14,RENT,C
9000.0, 36 months,5.32,45000.0,15.18,MORTGAGE,A
20000.0, 36 months,11.48,60000.0,29.54,MORTGAGE,B
13300.0, 36 months,11.99,37000.0,15.8,OWN,C
25000.0, 36 months,5.32,90000.0,14.88,MORTGAGE,A
10975.0, 36 months,16.99,40000.0,30.69,RENT,D
18000.0, 60 months,13.18,64000.0,16.13,RENT,C
5000.0, 36 months,9.17,52000.0,24.79,MORTGAGE,B
6000.0, 36 months,7.91,75000.0,21.34,MORTGAGE,A
24000.0, 60 months,14.85,100000.0,21.73,MORTGAGE,C
20000.0, 36 months,6.99,80000.0,11.76,RENT,A
20000.0, 36 months,9.17,48000.0,20.78,MORTGAGE,B
1125.0, 36 months,17.86,3800.0,34.81,MORTGAGE,D
3400.0, 36 months,16.99,52000.0,6.67,OWN,D
22000.0, 60 months,13.99,63000.0,21.61,MORTGAGE,C
14000.0, 60 months,13.67,100000.0,22.45,OWN,C
6025.0, 36 months,16.99,50000.0,13.83,MORTGAGE,D
7000.0, 36 months,6.89,58000.0,28.88,MORTGAGE,A
18000.0, 36 months,11.22,95000.0,17.6,MORTGAGE,B
26400.0, 36 months,11.99,70000.0,24.55,MORTGAGE,C
4050.0, 36 months,18.99,53000.0,17.55,RENT,E
17125.0, 36 months,15.77,51000.0,20.54,RENT,D
16000.0, 36 months,7.91,300000.0,13.98,MORTGAGE,A
9600.0, 36 months,17.27,53000.0,30.27,OWN,D
10000.0, 36 months,9.76,41000.0,26.11,RENT,B
14000.0, 36 months,5.32,125000.0,9.66,RENT,A
19800.0, 60 months,16.59,115000.0,8.22,OWN,D
5600.0, 36 months,12.59,75000.0,34.93,MORTGAGE,C
3975.0, 36 months,17.27,43000.0,34.3,MORTGAGE,D
15000.0, 36 months,9.8,125000.0,17.62,MORTGAGE,B
8000.0, 36 months,11.99,57000.0,16.76,MORTGAGE,C
8000.0, 36 months,12.88,58000.0,25.59,MORTGAGE,C
35000.0, 60 months,10.78,135000.0,11.43,OWN,B
8500.0, 36 months,7.89,58000.0,20.34,RENT,A
35000.0, 36 months,10.64,130000.0,29.85,MORTGAGE,B
3375.0, 36 months,10.64,35000.0,14.64,MORTGAGE,B
18500.0, 36 months,14.48,84000.0,30.96,MORTGAGE,C
25000.0, 36 months,6.49,120000.0,21.3,OWN,A
8000.0, 36 months,7.91,45960.0,8.85,RENT,A
5000.0, 36 months,11.99,19000.0,25.77,RENT,C
5000.0, 36 months,6.24,104000.0,6.99,MORTGAGE,A
10000.0, 36 months,5.32,95000.0,7.33,MORTGAGE,A
30000.0, 36 months,9.17,120000.0,16.47,MORTGAGE,B
23200.0, 60 months,13.67,58000.0,12.04,RENT,C
17675.0, 60 months,21.48,40000.0,39.12,RENT,E
12000.0, 36 months,14.48,62000.0,11.17,RENT,C
15000.0, 36 months,14.85,115000.0,17.7,MORTGAGE,C
12000.0, 36 months,9.17,72000.0,17.81,MORTGAGE,B
17850.0, 60 months,21.48,42500.0,30.25,MORTGAGE,E
30000.0, 36 months,9.76,120000.0,19.35,MORTGAGE,B
12000.0, 36 months,9.8,101000.0,14.9,RENT,B
19200.0, 36 months,5.32,50000.0,19.24,MORTGAGE,A
21000.0, 36 months,14.85,104000.0,4.64,MORTGAGE,C
20000.0, 36 months,5.32,135000.0,15.9,MORTGAGE,A
2000.0, 36 months,11.99,94000.0,9.51,MORTGAGE,C
20000.0, 36 months,13.99,65000.0,13.81,MORTGAGE,C
20000.0, 60 months,9.17,83370.0,12.88,MORTGAGE,B
18000.0, 36 months,11.22,96000.0,18.56,RENT,B
17325.0, 36 months,16.99,262000.0,0.46,RENT,D
24000.0, 60 months,19.89,76000.0,16.94,MORTGAGE,E
25000.0, 60 months,7.91,205000.0,12.89,MORTGAGE,A
13200.0, 36 months,6.49,110000.0,8.49,MORTGAGE,A
20000.0, 36 months,9.8,295000.0,14.88,RENT,B
20500.0, 36 months,8.49,77700.0,18.56,RENT,B
30000.0, 36 months,11.48,200000.0,6.45,RENT,B
8000.0, 36 months,9.17,51000.0,16.5,MORTGAGE,B
15000.0, 36 months,17.27,55000.0,33.86,RENT,D
12000.0, 36 months,11.99,65000.0,15.21,RENT,C
26875.0, 60 months,18.99,80000.0,13.13,MORTGAGE,E
5000.0, 36 months,9.76,50000.0,16.75,MORTGAGE,B
5800.0, 36 months,13.67,41000.0,2.69,MORTGAGE,C
8750.0, 36 months,13.44,25000.0,29.81,MORTGAGE,C
13650.0, 36 months,14.85,60000.0,28.04,RENT,C
2000.0, 36 months,11.99,35000.0,4.01,RENT,C
8000.0, 36 months,9.8,34250.0,20.32,MORTGAGE,B
28000.0, 36 months,17.27,125000.0,12.62,MORTGAGE,D
10500.0, 36 months,8.49,70000.0,26.68,RENT,B
7500.0, 36 months,8.49,52000.0,19.2,RENT,B
10650.0, 36 months,11.22,65000.0,27.79,MORTGAGE,B
6000.0, 36 months,10.78,100000.0,30.21,MORTGAGE,B
20400.0, 60 months,16.59,60000.0,23.76,MORTGAGE,D
3000.0, 36 months,11.48,10000.0,21.01,RENT,B
28000.0, 36 months,6.24,150000.0,20.28,MORTGAGE,A
13100.0, 36 months,13.18,66461.0,31.92,MORTGAGE,C
34000.0, 36 months,13.18,85500.0,34.53,RENT,C
21000.0, 60 months,11.48,113000.0,14.44,MORTGAGE,B
10000.0, 36 months,17.27,46800.0,11.69,RENT,D
33075.0, 36 months,17.27,105100.0,10.58,OWN,D
15000.0, 36 months,6.99,80000.0,6.96,MORTGAGE,A
16400.0, 36 months,21.48,56157.0,27.53,OWN,E
15000.0, 60 months,7.91,117000.0,10.93,MORTGAGE,A
18000.0, 36 months,12.59,36000.0,35.87,MORTGAGE,C
35000.0, 60 months,13.44,105000.0,8.87,MORTGAGE,C
8325.0, 36 months,12.88,27000.0,27.69,RENT,C
17500.0, 36 months,10.78,89000.0,24.61,MORTGAGE,B
19000.0, 36 months,6.89,61000.0,30.45,RENT,A
7000.0, 36 months,16.99,75150.0,1.01,RENT,D
14400.0, 36 months,6.49,71500.0,13.54,MORTGAGE,A
9000.0, 36 months,13.18,30000.0,21.52,RENT,C
16000.0, 36 months,11.22,64000.0,23.78,MORTGAGE,B
12000.0, 36 months,10.78,64500.0,25.73,RENT,B
18500.0, 60 months,12.88,70000.0,13.2,MORTGAGE,C
3250.0, 36 months,16.99,55000.0,17.7,RENT,D
19300.0, 36 months,13.99,42000.0,23.2,RENT,C
10000.0, 36 months,12.88,25200.0,23.47,RENT,C
32725.0, 60 months,28.99,75000.0,19.85,MORTGAGE,G
35000.0, 60 months,9.8,145000.0,16.12,MORTGAGE,B
7000.0, 36 months,12.88,65805.0,7.61,RENT,C
6000.0, 36 months,7.91,46000.0,4.38,MORTGAGE,A
20000.0, 36 months,8.49,98000.0,16.7,MORTGAGE,B
11150.0, 36 months,16.99,63000.0,18.46,MORTGAGE,D
5000.0, 36 months,11.99,50000.0,19.8,RENT,C
20000.0, 36 months,10.78,231000.0,20.09,MORTGAGE,B
23000.0, 36 months,10.78,50000.0,29.5,MORTGAGE,B
9475.0, 36 months,19.48,50000.0,19.49,OWN,E
21300.0, 60 months,18.49,70095.0,8.08,MORTGAGE,D
28000.0, 36 months,5.32,144000.0,29.88,MORTGAGE,A
10000.0, 36 months,7.26,45000.0,8.96,RENT,A
6075.0, 36 months,15.77,80000.0,26.88,MORTGAGE,D
6000.0, 36 months,11.48,28000.0,19.72,RENT,B
24000.0, 36 months,5.32,103000.0,7.72,MORTGAGE,A
16000.0, 36 months,11.99,38000.0,18.95,RENT,C
10000.0, 36 months,6.99,60000.0,29.15,MORTGAGE,A
20000.0, 36 months,11.22,190000.0,19.16,RENT,B
18025.0, 60 months,21.48,41000.0,38.29,RENT,E
3000.0, 36 months,9.17,55000.0,5.28,MORTGAGE,B
8275.0, 36 months,10.78,55000.0,38.05,MORTGAGE,B
2000.0, 36 months,11.99,85000.0,7.72,RENT,C
24000.0, 36 months,5.32,104000.0,18.81,RENT,A
30000.0, 60 months,11.99,226000.0,7.32,OWN,C
30000.0, 60 months,9.17,132000.0,5.27,MORTGAGE,B
1000.0, 36 months,7.49,35360.0,24.95,MORTGAGE,A
6000.0, 36 months,17.27,27500.0,28.2,MORTGAGE,D
8800.0, 36 months,9.8,32000.0,12.0,MORTGAGE,B
5000.0, 36 months,15.41,30000.0,28.96,RENT,D
5875.0, 36 months,7.91,70000.0,9.53,RENT,A
20000.0, 60 months,13.67,84000.0,22.09,MORTGAGE,C
35000.0, 36 months,13.67,84800.0,17.0,MORTGAGE,C
21900.0, 36 months,14.85,100000.0,20.22,MORTGAGE,C
6500.0, 36 months,5.32,37500.0,29.95,RENT,A
3000.0, 36 months,11.22,90000.0,6.53,MORTGAGE,B
4225.0, 36 months,18.49,100000.0,17.18,RENT,D
20000.0, 36 months,8.49,58000.0,31.78,RENT,B
21500.0, 36 months,5.32,137000.0,6.73,RENT,A
6650.0, 36 months,17.27,18480.0,22.21,RENT,D
24000.0, 60 months,7.49,147000.0,23.81,OWN,A
5600.0, 36 months,9.17,56000.0,19.95,MORTGAGE,B
10000.0, 36 months,14.85,51000.0,29.81,MORTGAGE,C
10000.0, 36 months,10.64,40000.0,30.56,MORTGAGE,B
10000.0, 36 months,8.49,50000.0,34.71,RENT,B
11000.0, 36 months,16.59,55000.0,22.37,RENT,D
9100.0, 36 months,5.32,57000.0,24.57,MORTGAGE,A
35000.0, 60 months,13.67,114000.0,17.28,MORTGAGE,C
10000.0, 60 months,12.88,50000.0,13.01,MORTGAGE,C
5000.0, 36 months,10.64,47000.0,23.75,RENT,B
27600.0, 36 months,13.67,100000.0,11.54,RENT,C
5000.0, 36 months,5.32,55000.0,9.3,MORTGAGE,A
10000.0, 36 months,11.99,55952.0,18.98,OWN,C
10000.0, 36 months,15.77,128000.0,36.23,RENT,D
32000.0, 60 months,9.17,125000.0,11.7,MORTGAGE,B
25000.0, 36 months,13.99,89500.0,27.13,RENT,C
7000.0, 36 months,7.26,50000.0,3.36,MORTGAGE,A
9500.0, 36 months,13.44,89000.0,7.46,MORTGAGE,C
16000.0, 60 months,17.97,65000.0,29.71,MORTGAGE,D
25000.0, 60 months,9.17,140000.0,17.91,MORTGAGE,B
20000.0, 36 months,17.27,80000.0,27.44,MORTGAGE,D
8000.0, 36 months,9.76,20000.0,21.41,RENT,B
5000.0, 36 months,9.17,150000.0,5.32,RENT,B
6000.0, 36 months,6.99,42000.0,10.14,MORTGAGE,A
7200.0, 36 months,12.88,70000.0,18.28,MORTGAGE,C
20000.0, 36 months,9.17,101000.0,36.23,OWN,B
7000.0, 36 months,7.49,38000.0,15.7,RENT,A
6175.0, 36 months,16.59,35000.0,21.57,RENT,D
12000.0, 36 months,12.59,63000.0,26.29,RENT,C
16000.0, 36 months,17.27,32000.0,35.3,MORTGAGE,D
12000.0, 36 months,11.22,70000.0,14.06,MORTGAGE,B
14000.0, 36 months,14.85,44500.0,20.05,RENT,C
24000.0, 36 months,5.32,280000.0,9.27,MORTGAGE,A
15000.0, 36 months,9.8,53500.0,27.01,MORTGAGE,B
3600.0, 36 months,11.99,55000.0,27.93,RENT,C
10000.0, 36 months,12.88,60000.0,23.9,RENT,C
8000.0, 36 months,11.48,50000.0,34.14,RENT,B
32200.0, 60 months,24.24,70000.0,28.44,MORTGAGE,F
6000.0, 36 months,14.48,85000.0,18.34,RENT,C
35000.0, 36 months,13.67,205639.0,15.51,RENT,C
25000.0, 36 months,6.49,52000.0,27.03,MORTGAGE,A
16000.0, 36 months,11.99,73000.0,16.52,RENT,C
8000.0, 36 months,9.17,41198.0,29.8,MORTGAGE,B
11200.0, 36 months,11.99,37000.0,7.78,RENT,C
28000.0, 36 months,15.77,116000.0,24.72,OWN,D
18000.0, 36 months,11.99,41000.0,38.35,RENT,C
10500.0, 36 months,14.85,40917.0,25.34,OWN,C
22425.0, 36 months,13.99,51000.0,22.61,RENT,C
21000.0, 60 months,21.48,62000.0,17.65,MORTGAGE,E
1000.0, 36 months,9.8,22880.0,4.04,MORTGAGE,B
12000.0, 36 months,5.32,120000.0,15.99,MORTGAGE,A
24000.0, 60 months,9.8,105000.0,8.32,MORTGAGE,B
10000.0, 60 months,15.41,30000.0,30.8,MORTGAGE,D
22000.0, 60 months,18.2,55000.0,19.11,MORTGAGE,E
7200.0, 36 months,12.88,75000.0,18.08,MORTGAGE,C
28000.0, 36 months,7.26,200000.0,17.02,MORTGAGE,A
10000.0, 36 months,6.24,51000.0,19.4,RENT,A
15000.0, 36 months,11.48,61000.0,7.4,RENT,B
3000.0, 36 months,13.99,115000.0,17.48,MORTGAGE,C
28000.0, 36 months,6.49,92000.0,21.6,MORTGAGE,A
24000.0, 60 months,9.8,60000.0,27.56,MORTGAGE,B
10000.0, 36 months,7.49,115000.0,21.04,MORTGAGE,A
5000.0, 36 months,8.49,45000.0,14.8,MORTGAGE,B
35000.0, 60 months,12.88,85000.0,16.66,RENT,C
8800.0, 36 months,13.99,32000.0,20.69,RENT,C
9800.0, 36 months,8.49,45000.0,5.97,RENT,B
35000.0, 60 months,13.67,150000.0,5.23,MORTGAGE,C
10000.0, 36 months,7.91,44298.0,25.22,OWN,A
34625.0, 60 months,22.99,182000.0,25.54,MORTGAGE,F
12000.0, 36 months,10.78,85000.0,28.36,MORTGAGE,B
2400.0, 36 months,13.44,26000.0,16.39,RENT,C
32850.0, 36 months,13.18,125000.0,13.86,MORTGAGE,C
5000.0, 36 months,11.99,60000.0,19.27,RENT,C
23000.0, 60 months,11.99,93423.0,17.77,MORTGAGE,C
25000.0, 36 months,7.26,350000.0,4.16,RENT,A
25000.0, 36 months,10.64,93500.0,7.38,MORTGAGE,B
6000.0, 36 months,8.38,22000.0,32.95,RENT,B
5600.0, 36 months,11.99,30000.0,29.42,RENT,C
9500.0, 36 months,17.27,36000.0,15.03,MORTGAGE,D
10000.0, 36 months,13.99,90000.0,5.89,RENT,C
30000.0, 36 months,7.49,130000.0,9.73,OWN,A
11200.0, 36 months,14.85,50000.0,36.22,MORTGAGE,C
5000.0, 36 months,8.49,45000.0,17.97,MORTGAGE,B
3000.0, 36 months,15.41,36000.0,3.7,MORTGAGE,D
5000.0, 36 months,8.49,56000.0,22.72,RENT,B
6650.0, 36 months,11.22,18500.0,7.38,OWN,B
7000.0, 36 months,15.41,65000.0,12.19,RENT,D
16000.0, 36 months,18.49,40000.0,34.41,OWN,D
10000.0, 36 months,8.38,46000.0,32.32,MORTGAGE,B
10400.0, 36 months,13.44,150000.0,18.51,MORTGAGE,C
4000.0, 36 months,9.17,38000.0,4.58,OWN,B
12000.0, 60 months,12.88,48000.0,6.7,RENT,C
14000.0, 60 months,19.89,80000.0,14.39,MORTGAGE,E
3425.0, 36 months,15.77,40000.0,21.57,RENT,D
2400.0, 36 months,9.76,8328.0,34.58,OWN,B
25000.0, 36 months,7.49,61900.0,29.93,MORTGAGE,A
20000.0, 60 months,17.27,64000.0,24.26,OWN,D
15000.0, 36 months,13.44,60000.0,28.88,MORTGAGE,C
5000.0, 36 months,11.48,78000.0,21.21,MORTGAGE,B
6375.0, 36 months,17.86,85000.0,14.67,MORTGAGE,D
29000.0, 60 months,8.49,101000.0,7.69,MORTGAGE,B
3000.0, 36 months,14.48,20000.0,23.65,RENT,C
3600.0, 36 months,9.8,80000.0,31.73,RENT,B
6150.0, 36 months,17.27,14000.0,39.71,RENT,D
9000.0, 36 months,13.67,25000.0,24.87,RENT,C
12000.0, 60 months,11.99,98000.0,10.36,RENT,C
6500.0, 36 months,9.17,60000.0,24.34,RENT,B
5500.0, 36 months,11.99,42000.0,17.97,RENT,C
10000.0, 36 months,7.91,75000.0,26.19,MORTGAGE,A
28000.0, 60 months,13.18,80000.0,15.66,MORTGAGE,C
7850.0, 36 months,17.27,52625.0,7.18,RENT,D
20800.0, 60 months,12.88,60000.0,18.72,RENT,C
12150.0, 36 months,11.99,60000.0,9.96,MORTGAGE,C
19200.0, 36 months,11.48,125000.0,18.33,RENT,B
25000.0, 60 months,17.97,105000.0,22.57,MORTGAGE,D
4000.0, 36 months,6.49,87000.0,12.26,MORTGAGE,A
35000.0, 36 months,12.88,85000.0,23.63,MORTGAGE,C
10000.0, 36 months,8.49,110000.0,5.09,RENT,B
12000.0, 36 months,12.88,110000.0,9.44,MORTGAGE,C
23525.0, 60 months,17.97,70000.0,13.33,MORTGAGE,D
15000.0, 36 months,10.78,35000.0,10.91,RENT,B
12000.0, 60 months,10.64,56000.0,31.76,RENT,B
7000.0, 36 months,11.22,80000.0,24.37,RENT,B
24000.0, 60 months,11.48,53000.0,3.49,MORTGAGE,B
20000.0, 36 months,5.32,200000.0,10.38,MORTGAGE,A
12000.0, 36 months,11.99,40000.0,29.79,MORTGAGE,C
35000.0, 36 months,8.49,105000.0,25.62,MORTGAGE,B
3600.0, 36 months,15.77,70000.0,14.33,RENT,D
15000.0, 36 months,9.17,40500.0,31.17,MORTGAGE,B
14750.0, 36 months,16.99,41000.0,18.38,RENT,D
19675.0, 36 months,10.64,78000.0,19.63,OWN,B
18000.0, 36 months,8.38,55000.0,18.2,MORTGAGE,B
2975.0, 36 months,21.48,40000.0,6.9,RENT,E
10000.0, 36 months,6.49,51000.0,6.0,RENT,A
10000.0, 36 months,11.48,75000.0,25.06,OWN,B
28000.0, 36 months,5.32,205000.0,18.87,MORTGAGE,A
32000.0, 60 months,22.45,225000.0,9.89,MORTGAGE,F
5000.0, 36 months,20.5,18406.0,31.89,RENT,E
11200.0, 60 months,12.88,42000.0,18.23,MORTGAGE,C
1500.0, 36 months,6.49,45000.0,16.11,MORTGAGE,A
28000.0, 36 months,7.91,150000.0,11.51,RENT,A
6050.0, 36 months,7.89,52000.0,24.11,MORTGAGE,A
5600.0, 36 months,9.17,41500.0,15.64,MORTGAGE,B
3850.0, 36 months,21.48,88000.0,6.23,RENT,E
4000.0, 36 months,21.48,28000.0,11.66,MORTGAGE,E
20000.0, 36 months,11.99,55000.0,15.98,MORTGAGE,C
4200.0, 36 months,13.18,80000.0,29.81,RENT,C
5500.0, 36 months,7.91,49500.0,14.19,RENT,A
2200.0, 36 months,13.99,48000.0,6.81,MORTGAGE,C
2925.0, 36 months,17.27,50000.0,6.6,RENT,D
13000.0, 36 months,5.32,86000.0,18.53,RENT,A
24000.0, 36 months,6.24,107444.0,10.54,RENT,A
35000.0, 60 months,20.99,132000.0,1.44,MORTGAGE,E
2400.0, 36 months,10.64,38946.0,5.24,RENT,B
8000.0, 36 months,13.44,95000.0,38.42,RENT,C
25000.0, 36 months,11.48,110000.0,14.3,MORTGAGE,B
6000.0, 36 months,11.99,48000.0,18.95,RENT,C
7000.0, 36 months,8.49,46000.0,1.54,RENT,B
25000.0, 36 months,7.89,100000.0,15.69,RENT,A
7900.0, 36 months,17.57,54000.0,7.6,MORTGAGE,D
20000.0, 36 months,9.17,113544.0,21.86,MORTGAGE,B
7500.0, 36 months,8.49,95000.0,5.15,MORTGAGE,B
12000.0, 36 months,10.78,63000.0,10.08,RENT,B
17600.0, 36 months,9.8,98000.0,24.88,MORTGAGE,B
5000.0, 36 months,6.49,38000.0,16.36,RENT,A
35000.0, 36 months,9.17,164000.0,7.08,MORTGAGE,B
24000.0, 60 months,11.99,100000.0,13.2,MORTGAGE,C
2325.0, 36 months,16.59,72000.0,13.55,MORTGAGE,D
12225.0, 36 months,19.48,34000.0,31.31,OWN,E
6000.0, 36 months,10.78,30000.0,8.16,RENT,B
14000.0, 36 months,7.91,110000.0,20.17,OWN,A
12000.0, 36 months,6.49,65000.0,19.24,MORTGAGE,A
7200.0, 36 months,10.78,30000.0,21.12,RENT,B
20000.0, 60 months,15.77,57000.0,21.09,RENT,D
12000.0, 36 months,13.44,53500.0,31.83,MORTGAGE,C
5000.0, 36 months,13.18,96500.0,18.49,OWN,C
4000.0, 36 months,7.91,41027.0,24.98,RENT,A
15000.0, 36 months,7.89,85000.0,13.58,MORTGAGE,A
30000.0, 36 months,13.99,95000.0,12.39,RENT,C
24000.0, 60 months,15.77,80000.0,26.97,MORTGAGE,D
20000.0, 36 months,11.22,107500.0,25.14,MORTGAGE,B
5600.0, 36 months,13.44,46000.0,7.99,RENT,C
10000.0, 36 months,25.09,110000.0,11.83,RENT,F
6000.0, 36 months,6.24,40000.0,7.68,RENT,A
30000.0, 60 months,19.48,88000.0,18.47,MORTGAGE,E
18000.0, 36 months,10.78,91000.0,5.5,OWN,B
11000.0, 36 months,10.78,65000.0,13.79,RENT,B
11225.0, 36 months,16.59,31200.0,12.85,RENT,D
12000.0, 36 months,17.97,38000.0,39.42,RENT,D
26400.0, 60 months,15.77,72000.0,33.47,OWN,D
16450.0, 36 months,14.48,34320.0,19.09,RENT,C
4000.0, 36 months,12.88,40000.0,14.43,MORTGAGE,C
20000.0, 36 months,9.8,64000.0,20.63,MORTGAGE,B
9000.0, 36 months,11.48,115000.0,9.47,RENT,B
18000.0, 36 months,11.48,106931.0,22.9,MORTGAGE,B
35000.0, 60 months,19.48,123000.0,21.53,MORTGAGE,E
2150.0, 36 months,7.91,60000.0,6.88,RENT,A
8000.0, 36 months,9.8,55000.0,10.16,RENT,B
25000.0, 36 months,11.48,60000.0,18.12,OWN,B
2500.0, 36 months,15.77,48000.0,17.13,OWN,D
6000.0, 36 months,6.49,101000.0,4.19,MORTGAGE,A
12000.0, 60 months,8.49,68000.0,12.02,MORTGAGE,B
5125.0, 36 months,12.59,40884.0,36.84,MORTGAGE,C
7400.0, 36 months,8.49,128000.0,6.73,RENT,B
12000.0, 60 months,16.59,101000.0,22.96,MORTGAGE,D
20000.0, 36 months,11.99,115000.0,19.64,RENT,C
10800.0, 60 months,18.99,50000.0,34.76,MORTGAGE,E
32000.0, 60 months,9.17,114400.0,10.21,MORTGAGE,B
17725.0, 60 months,18.49,75000.0,34.13,RENT,E
19300.0, 60 months,11.48,45000.0,23.07,MORTGAGE,B
5200.0, 36 months,11.22,27000.0,14.18,RENT,B
16000.0, 60 months,12.88,50000.0,19.39,RENT,C
7000.0, 36 months,13.67,58000.0,35.3,MORTGAGE,C
35000.0, 60 months,13.99,100000.0,16.84,MORTGAGE,C
20000.0, 36 months,6.49,100000.0,0.92,RENT,A
35000.0, 36 months,8.49,90000.0,15.71,OWN,B
6000.0, 36 months,12.88,38969.0,17.06,RENT,C
15000.0, 36 months,9.8,33000.0,2.73,MORTGAGE,B
3950.0, 36 months,11.99,50000.0,32.79,MORTGAGE,C
12000.0, 36 months,9.17,40000.0,22.92,MORTGAGE,B
5400.0, 36 months,14.85,53000.0,28.83,RENT,C
10000.0, 36 months,10.78,80000.0,13.67,MORTGAGE,B
24000.0, 60 months,13.18,110000.0,18.53,RENT,C
7200.0, 36 months,14.85,52000.0,39.21,RENT,C
28000.0, 60 months,21.48,78000.0,26.35,MORTGAGE,E
12000.0, 36 months,9.17,68000.0,21.78,RENT,B
14100.0, 36 months,16.59,42000.0,15.97,RENT,D
22000.0, 36 months,11.48,117000.0,15.34,RENT,B
15000.0, 36 months,11.99,75000.0,5.28,MORTGAGE,C
22500.0, 60 months,18.2,45000.0,21.26,RENT,E
10000.0, 36 months,7.91,25000.0,23.33,OWN,A
21000.0, 36 months,15.77,120000.0,24.36,MORTGAGE,D
17300.0, 36 months,18.99,88000.0,22.2,MORTGAGE,E
35000.0, 36 months,10.78,130000.0,25.24,OWN,B
10000.0, 36 months,18.2,65000.0,13.81,RENT,E
4000.0, 36 months,11.99,85000.0,5.92,MORTGAGE,C
22000.0, 60 months,8.49,110000.0,9.32,MORTGAGE,B
29850.0, 36 months,17.97,225000.0,0.37,OWN,D
19200.0, 60 months,19.89,75000.0,8.96,RENT,E
4500.0, 36 months,16.59,86000.0,28.79,MORTGAGE,D
4200.0, 36 months,9.17,40000.0,28.65,OWN,B
11000.0, 36 months,14.48,73000.0,39.47,MORTGAGE,C
20000.0, 36 months,8.49,63000.0,16.19,MORTGAGE,B
30000.0, 60 months,9.8,104000.0,22.57,MORTGAGE,B
8000.0, 36 months,13.44,60000.0,20.14,MORTGAGE,C
30000.0, 36 months,7.26,103000.0,13.11,RENT,A
19200.0, 60 months,14.85,48961.0,25.47,MORTGAGE,C
28000.0, 60 months,14.85,85000.0,34.29,MORTGAGE,C
20000.0, 36 months,13.99,81000.0,34.55,MORTGAGE,C
26400.0, 36 months,13.99,60000.0,37.92,MORTGAGE,C
9000.0, 36 months,7.91,55000.0,19.2,MORTGAGE,A
25600.0, 60 months,7.91,150000.0,10.88,OWN,A
8000.0, 36 months,7.49,80000.0,3.23,MORTGAGE,A
16500.0, 36 months,7.49,57225.0,7.15,RENT,A
22000.0, 36 months,7.49,75000.0,24.78,RENT,A
3600.0, 36 months,18.49,65000.0,16.36,MORTGAGE,D
12350.0, 36 months,11.99,34000.0,34.16,MORTGAGE,C
5000.0, 36 months,11.48,38000.0,28.49,RENT,B
15675.0, 60 months,16.99,41000.0,30.71,MORTGAGE,D
6000.0, 36 months,13.44,38700.0,23.26,OWN,C
8500.0, 36 months,17.27,85000.0,15.76,MORTGAGE,D
10000.0, 36 months,5.32,68000.0,14.61,RENT,A
13150.0, 36 months,7.91,59000.0,24.69,RENT,A
35000.0, 36 months,17.97,115000.0,16.1,RENT,D
6600.0, 36 months,9.76,40000.0,19.08,RENT,B
15000.0, 36 months,9.8,89000.0,19.5,RENT,B
17000.0, 60 months,19.89,50000.0,5.2,MORTGAGE,E
19900.0, 60 months,21.48,64000.0,28.05,MORTGAGE,E
15300.0, 36 months,16.99,45000.0,18.35,MORTGAGE,D
10000.0, 36 months,12.88,80000.0,14.8,MORTGAGE,C
10000.0, 36 months,9.76,94000.0,9.46,MORTGAGE,B
31000.0, 36 months,6.99,87000.0,20.29,MORTGAGE,A
10000.0, 60 months,14.85,78000.0,27.0,RENT,C
12000.0, 36 months,8.38,40000.0,18.17,RENT,B
5000.0, 36 months,14.85,53000.0,22.72,RENT,C
10000.0, 36 months,12.88,150000.0,17.09,RENT,C
29750.0, 36 months,15.77,62000.0,21.54,MORTGAGE,D
10000.0, 60 months,17.27,50000.0,33.35,RENT,D
5000.0, 36 months,6.89,48000.0,24.28,RENT,A
4850.0, 36 months,7.49,56000.0,6.15,MORTGAGE,A
10000.0, 36 months,9.17,120000.0,12.13,MORTGAGE,B
20150.0, 36 months,14.48,56000.0,29.49,RENT,C
12000.0, 36 months,11.48,93000.0,13.52,RENT,B
10000.0, 36 months,5.32,80000.0,25.73,MORTGAGE,A
17600.0, 36 months,5.32,50000.0,11.76,RENT,A
4450.0, 36 months,15.41,23892.0,28.47,OWN,D
30000.0, 36 months,14.85,100000.0,10.79,RENT,C
10000.0, 36 months,11.48,49000.0,21.7,MORTGAGE,B
15000.0, 36 months,11.99,70000.0,13.41,RENT,C
21000.0, 60 months,11.22,86000.0,10.97,MORTGAGE,B
12000.0, 36 months,11.99,60000.0,14.12,RENT,C
20275.0, 60 months,18.2,110000.0,12.23,OWN,E
7400.0, 36 months,17.97,88000.0,28.41,RENT,D
14400.0, 36 months,11.99,50000.0,25.32,MORTGAGE,C
8000.0, 36 months,12.59,76700.0,14.79,RENT,C
6000.0, 36 months,14.48,34000.0,19.06,RENT,C
7500.0, 36 months,12.59,47000.0,20.45,OWN,C
23000.0, 36 months,9.8,90247.0,17.09,MORTGAGE,B
7000.0, 36 months,9.76,70000.0,28.28,MORTGAGE,B
10000.0, 36 months,9.17,75000.0,17.71,MORTGAGE,B
7200.0, 36 months,7.91,75000.0,27.33,MORTGAGE,A
15000.0, 36 months,5.32,170000.0,9.37,MORTGAGE,A
13000.0, 60 months,7.91,52000.0,9.42,MORTGAGE,A
12000.0, 36 months,8.49,90000.0,19.83,RENT,B
6000.0, 36 months,8.49,60000.0,8.12,RENT,B
5000.0, 36 months,11.48,65000.0,13.74,RENT,B
3600.0, 36 months,11.48,85000.0,17.44,MORTGAGE,B
1000.0, 36 months,11.22,40000.0,34.41,MORTGAGE,B
14000.0, 60 months,18.99,52000.0,14.1,MORTGAGE,E
4200.0, 36 months,13.67,30000.0,24.24,MORTGAGE,C
2800.0, 36 months,9.76,65000.0,11.28,RENT,B
8525.0, 36 months,18.99,65000.0,15.77,MORTGAGE,E
35000.0, 36 months,13.99,121000.0,9.23,OWN,C
15000.0, 36 months,9.17,100000.0,34.89,RENT,B
30000.0, 36 months,11.99,95500.0,10.56,OWN,C
15000.0, 36 months,9.17,90509.0,6.27,RENT,B
9000.0, 36 months,9.17,84000.0,15.36,MORTGAGE,B
15000.0, 36 months,5.32,103000.0,15.54,RENT,A
6500.0, 36 months,7.26,65000.0,29.36,MORTGAGE,A
30000.0, 60 months,11.99,106000.0,20.25,MORTGAGE,C
8000.0, 36 months,11.48,65000.0,13.0,MORTGAGE,B
14000.0, 36 months,7.89,45000.0,16.88,MORTGAGE,A
25000.0, 60 months,15.77,68015.0,36.42,MORTGAGE,D
9700.0, 36 months,17.97,40000.0,20.97,RENT,D
11150.0, 36 months,11.48,49000.0,14.11,MORTGAGE,B
16500.0, 36 months,8.38,67000.0,15.06,RENT,B
16000.0, 36 months,6.49,70000.0,25.22,RENT,A
12000.0, 36 months,10.78,54000.0,15.07,RENT,B
13150.0, 36 months,5.32,40000.0,20.25,RENT,A
20000.0, 60 months,16.59,68500.0,32.31,MORTGAGE,D
8000.0, 36 months,7.49,150000.0,7.6,RENT,A
9000.0, 36 months,5.32,34068.0,11.62,MORTGAGE,A
28000.0, 36 months,5.32,105000.0,23.67,MORTGAGE,A
19300.0, 36 months,8.49,42000.0,16.74,MORTGAGE,B
27000.0, 60 months,18.49,55000.0,36.18,RENT,D
20000.0, 36 months,9.76,105000.0,17.81,MORTGAGE,B
18000.0, 36 months,10.78,68000.0,9.75,MORTGAGE,B
16000.0, 36 months,8.49,65000.0,7.77,MORTGAGE,B
20000.0, 36 months,5.32,85000.0,21.35,MORTGAGE,A
35000.0, 36 months,18.99,96437.0,25.29,OWN,E
9000.0, 36 months,17.97,50000.0,30.68,MORTGAGE,D
9600.0, 36 months,8.38,45508.0,38.53,OWN,B
14400.0, 60 months,17.97,64500.0,21.4,RENT,D
6000.0, 36 months,9.17,65000.0,20.9,RENT,B
15000.0, 36 months,9.17,90000.0,16.59,RENT,B
18000.0, 60 months,18.99,57100.0,5.63,MORTGAGE,E
3500.0, 36 months,6.49,56000.0,19.03,MORTGAGE,A
25000.0, 60 months,15.77,143200.0,31.8,RENT,D
15600.0, 36 months,9.17,120000.0,16.56,RENT,B
16000.0, 36 months,10.64,47600.0,16.46,RENT,B
10000.0, 36 months,7.89,55000.0,12.2,MORTGAGE,A
20000.0, 60 months,16.59,70000.0,32.45,MORTGAGE,D
11000.0, 36 months,13.99,30600.0,30.67,RENT,C
11725.0, 60 months,18.49,58000.0,19.99,RENT,D
16800.0, 36 months,5.32,106080.0,4.65,MORTGAGE,A
16075.0, 36 months,12.88,66666.0,13.29,OWN,C
20000.0, 36 months,10.78,65000.0,25.7,OWN,B
3825.0, 36 months,26.77,12000.0,21.0,OWN,G
35000.0, 36 months,7.91,220000.0,12.46,RENT,A
12000.0, 36 months,9.17,50000.0,20.45,RENT,B
21000.0, 36 months,5.32,90156.0,34.77,MORTGAGE,A
8000.0, 36 months,7.89,80000.0,11.46,RENT,A
28000.0, 60 months,9.17,125000.0,16.95,MORTGAGE,B
2000.0, 36 months,9.17,36400.0,29.01,RENT,B
9000.0, 36 months,7.26,42000.0,19.86,MORTGAGE,A
15600.0, 60 months,13.44,52000.0,15.37,MORTGAGE,C
35000.0, 36 months,8.49,150000.0,6.59,RENT,B
10000.0, 36 months,8.49,42000.0,33.77,MORTGAGE,B
14400.0, 60 months,16.55,48000.0,21.3,RENT,D
28000.0, 36 months,6.99,95000.0,23.83,MORTGAGE,A
3775.0, 36 months,11.99,17795.0,34.01,RENT,C
6000.0, 36 months,9.8,40000.0,12.57,RENT,B
21000.0, 36 months,10.64,120000.0,16.72,MORTGAGE,B
15000.0, 36 months,6.49,45000.0,15.25,OWN,A
10000.0, 36 months,9.17,60000.0,8.0,MORTGAGE,B
7450.0, 36 months,13.18,14900.0,28.85,RENT,C
6025.0, 36 months,14.85,65000.0,27.14,MORTGAGE,C
35000.0, 60 months,18.49,88000.0,9.29,RENT,E
6500.0, 36 months,9.17,40000.0,19.35,RENT,B
18875.0, 60 months,16.55,52200.0,28.02,MORTGAGE,D
12000.0, 60 months,13.44,70000.0,18.4,RENT,C
20000.0, 36 months,13.99,60000.0,12.24,RENT,C
25000.0, 36 months,12.88,100000.0,10.5,RENT,C
15600.0, 36 months,9.8,47000.0,3.52,RENT,B
5000.0, 36 months,9.8,67800.0,3.42,MORTGAGE,B
35000.0, 36 months,15.77,84468.0,16.85,RENT,D
8000.0, 36 months,15.77,93000.0,37.44,MORTGAGE,D
1500.0, 36 months,9.8,90000.0,8.83,OWN,B
7000.0, 36 months,9.17,90000.0,18.12,OWN,B
6000.0, 36 months,8.49,90000.0,13.27,MORTGAGE,B
21000.0, 36 months,5.32,225000.0,14.99,MORTGAGE,A
12000.0, 36 months,9.17,67000.0,11.95,MORTGAGE,B
18000.0, 36 months,12.59,130000.0,3.42,RENT,C
2500.0, 36 months,11.99,18000.0,28.73,MORTGAGE,C
20000.0, 36 months,5.32,100000.0,13.32,MORTGAGE,A
2400.0, 36 months,16.99,62000.0,38.7,MORTGAGE,D
2000.0, 36 months,13.44,75600.0,10.17,OWN,C
10000.0, 36 months,6.49,160000.0,11.69,MORTGAGE,A
15000.0, 36 months,9.8,52500.0,4.96,RENT,B
15000.0, 36 months,11.99,41000.0,14.17,MORTGAGE,C
7800.0, 36 months,6.24,41000.0,26.14,RENT,A
20000.0, 36 months,11.99,175000.0,7.86,MORTGAGE,C
24000.0, 60 months,13.18,92000.0,30.92,MORTGAGE,C
10000.0, 36 months,10.64,98000.0,18.49,RENT,B
7000.0, 36 months,9.17,70000.0,16.1,RENT,B
15000.0, 60 months,11.48,85000.0,18.11,MORTGAGE,B
14500.0, 60 months,13.18,130000.0,4.19,MORTGAGE,C
2650.0, 36 months,20.99,63000.0,24.44,MORTGAGE,E
5600.0, 36 months,14.85,39240.0,23.33,RENT,C
11400.0, 36 months,12.59,70000.0,17.93,MORTGAGE,C
9500.0, 36 months,11.22,38000.0,18.22,MORTGAGE,B
27000.0, 36 months,11.99,85000.0,17.75,MORTGAGE,C
2000.0, 36 months,24.24,13692.0,20.16,RENT,F
3000.0, 36 months,13.44,40000.0,21.21,RENT,C
21600.0, 36 months,8.49,60000.0,17.42,MORTGAGE,B
4000.0, 36 months,11.48,56000.0,12.82,RENT,B
15000.0, 36 months,16.59,75496.0,25.04,MORTGAGE,D
30000.0, 36 months,12.88,100000.0,16.21,RENT,C
30000.0, 36 months,8.38,140000.0,22.46,MORTGAGE,B
3900.0, 36 months,15.41,40000.0,27.72,MORTGAGE,D
5000.0, 36 months,8.49,50000.0,0.0,MORTGAGE,B
6500.0, 36 months,10.78,35000.0,20.82,OWN,B
9600.0, 36 months,10.78,46000.0,11.06,MORTGAGE,B
26575.0, 36 months,10.78,80900.0,31.55,MORTGAGE,B
5400.0, 36 months,6.24,110000.0,27.64,MORTGAGE,A
16000.0, 60 months,9.8,104000.0,17.64,RENT,B
15000.0, 60 months,13.18,62000.0,17.33,MORTGAGE,C
13875.0, 60 months,11.99,32500.0,23.53,MORTGAGE,C
2000.0, 36 months,9.17,62000.0,6.35,MORTGAGE,B
4800.0, 36 months,16.99,30000.0,31.44,RENT,D
15000.0, 36 months,5.32,130000.0,14.31,MORTGAGE,A
11925.0, 36 months,8.49,50000.0,28.44,MORTGAGE,B
7000.0, 36 months,13.18,42000.0,6.58,RENT,C
20000.0, 60 months,9.17,70000.0,27.76,RENT,B
10000.0, 36 months,11.48,33000.0,21.75,RENT,B
12000.0, 36 months,10.64,120000.0,6.4,MORTGAGE,B
11350.0, 36 months,16.59,23208.0,30.4,MORTGAGE,D
2550.0, 36 months,13.18,45000.0,10.99,MORTGAGE,C
3000.0, 36 months,9.17,25255.0,21.23,RENT,B
10000.0, 36 months,10.78,85000.0,11.65,MORTGAGE,B
16000.0, 36 months,8.49,102000.0,35.88,MORTGAGE,B
15000.0, 36 months,7.49,50000.0,12.89,MORTGAGE,A
3000.0, 36 months,11.48,45000.0,15.73,MORTGAGE,B
20000.0, 36 months,7.91,60000.0,14.56,MORTGAGE,A
15000.0, 60 months,11.99,135000.0,6.64,OWN,C
6000.0, 36 months,9.17,72000.0,2.8,OWN,B
15000.0, 36 months,11.22,50000.0,14.45,MORTGAGE,B
15000.0, 60 months,18.99,92000.0,29.23,RENT,E
30800.0, 36 months,16.55,70000.0,15.73,RENT,D
24000.0, 60 months,21.48,57774.0,24.05,MORTGAGE,E
15725.0, 60 months,11.48,60000.0,27.96,MORTGAGE,B
1000.0, 36 months,11.99,53000.0,18.57,RENT,C
12800.0, 36 months,5.32,61500.0,27.4,MORTGAGE,A
8000.0, 36 months,13.99,117000.0,13.93,RENT,C
8500.0, 36 months,14.48,53000.0,13.88,RENT,C
18200.0, 36 months,11.99,82000.0,19.51,MORTGAGE,C
32400.0, 60 months,17.57,396000.0,7.88,MORTGAGE,D
15000.0, 36 months,10.78,72000.0,14.28,OWN,B
25000.0, 60 months,15.77,58000.0,15.27,MORTGAGE,D
1600.0, 36 months,7.89,47000.0,12.31,MORTGAGE,A
2400.0, 36 months,17.97,25000.0,16.03,RENT,D
16000.0, 36 months,9.8,72000.0,21.45,MORTGAGE,B
15000.0, 36 months,9.76,76000.0,11.21,MORTGAGE,B
2500.0, 36 months,11.99,37000.0,21.21,RENT,C
9000.0, 36 months,7.91,77000.0,25.81,MORTGAGE,A
15000.0, 36 months,9.17,100000.0,10.69,MORTGAGE,B
5000.0, 36 months,9.17,100000.0,14.17,MORTGAGE,B
7200.0, 36 months,25.99,40000.0,8.55,MORTGAGE,F
28000.0, 60 months,13.44,120000.0,12.25,RENT,C
21000.0, 36 months,10.78,100000.0,29.75,MORTGAGE,B
8000.0, 36 months,7.49,72000.0,29.73,MORTGAGE,A
10200.0, 36 months,7.89,32000.0,26.07,MORTGAGE,A
12000.0, 36 months,15.41,80000.0,18.89,OWN,D
15000.0, 36 months,13.99,75000.0,17.5,MORTGAGE,C
24000.0, 36 months,5.32,96000.0,28.49,MORTGAGE,A
15000.0, 36 months,8.49,70000.0,16.12,RENT,B
5775.0, 36 months,25.99,38300.0,9.77,RENT,F
11000.0, 36 months,7.91,60000.0,28.36,MORTGAGE,A
25000.0, 36 months,14.85,81000.0,16.79,MORTGAGE,C
11500.0, 36 months,9.17,48000.0,17.15,RENT,B
7800.0, 36 months,9.17,94000.0,10.24,RENT,B
16000.0, 36 months,7.91,60000.0,37.41,MORTGAGE,A
13600.0, 60 months,13.99,50000.0,24.44,RENT,C
24175.0, 36 months,9.76,52575.0,24.88,RENT,B
20000.0, 60 months,11.99,125000.0,11.42,RENT,C
8675.0, 36 months,14.85,44000.0,26.49,RENT,C
13000.0, 60 months,10.78,32736.0,26.32,RENT,B
3600.0, 36 months,14.85,60000.0,8.3,RENT,C
10000.0, 36 months,13.44,25500.0,32.75,RENT,C
18475.0, 36 months,9.8,42000.0,18.21,MORTGAGE,B
18875.0, 60 months,17.57,54700.0,30.96,MORTGAGE,D
35000.0, 36 months,17.27,120000.0,25.62,RENT,D
12000.0, 36 months,12.88,75000.0,23.14,RENT,C
16000.0, 36 months,12.88,61200.0,20.75,RENT,C
6500.0, 36 months,7.91,85000.0,3.97,MORTGAGE,A
8350.0, 36 months,16.99,51000.0,34.4,MORTGAGE,D
29125.0, 36 months,7.49,145000.0,25.75,RENT,A
20000.0, 60 months,10.78,63000.0,10.78,MORTGAGE,B
27300.0, 60 months,17.97,65000.0,17.02,MORTGAGE,D
9600.0, 36 months,11.99,76899.0,16.54,MORTGAGE,C
24000.0, 60 months,14.85,125000.0,17.86,MORTGAGE,C
10525.0, 36 months,17.97,88000.0,8.11,MORTGAGE,D
17000.0, 60 months,11.48,70000.0,17.21,OWN,B
6525.0, 36 months,17.97,65000.0,27.02,RENT,D
35000.0, 36 months,17.57,225000.0,20.83,OWN,D
15000.0, 36 months,11.99,90823.0,19.98,RENT,C
2525.0, 36 months,19.99,51000.0,12.66,RENT,E
12000.0, 36 months,5.32,110000.0,16.19,MORTGAGE,A
13675.0, 36 months,18.99,38000.0,23.37,RENT,E
6000.0, 36 months,10.78,36500.0,19.14,MORTGAGE,B
5000.0, 36 months,5.32,110000.0,19.7,OWN,A
10000.0, 36 months,9.17,45500.0,28.09,MORTGAGE,B
28000.0, 36 months,5.32,150000.0,11.71,RENT,A
3600.0, 36 months,7.91,51000.0,12.92,MORTGAGE,A
10500.0, 60 months,14.85,25000.0,13.42,RENT,C
8400.0, 36 months,11.99,62500.0,37.08,MORTGAGE,C
30000.0, 60 months,11.99,128000.0,27.36,MORTGAGE,C
10000.0, 36 months,14.85,54000.0,8.49,MORTGAGE,C
5000.0, 36 months,9.17,55000.0,12.39,MORTGAGE,B
7000.0, 36 months,6.49,86000.0,26.15,MORTGAGE,A
5000.0, 36 months,9.17,50000.0,9.58,OWN,B
18025.0, 36 months,13.44,48000.0,24.95,MORTGAGE,C
8000.0, 36 months,9.8,40000.0,25.15,RENT,B
8000.0, 36 months,11.99,127963.0,25.13,MORTGAGE,C
9500.0, 36 months,9.17,95000.0,9.36,RENT,B
20450.0, 36 months,16.99,71000.0,30.02,RENT,D
7000.0, 36 months,9.17,32000.0,24.53,OWN,B
8000.0, 36 months,6.49,62000.0,16.71,MORTGAGE,A
2000.0, 36 months,10.78,54200.0,26.46,MORTGAGE,B
16000.0, 36 months,11.99,85000.0,26.68,MORTGAGE,C
15000.0, 60 months,15.77,57000.0,22.02,MORTGAGE,D
12075.0, 36 months,14.85,69100.0,9.45,MORTGAGE,C
8600.0, 36 months,7.91,126202.0,11.84,MORTGAGE,A
3000.0, 36 months,14.85,54000.0,17.04,MORTGAGE,C
25000.0, 60 months,9.17,140000.0,12.39,MORTGAGE,B
15000.0, 36 months,11.22,56900.0,28.58,RENT,B
10000.0, 36 months,7.91,36000.0,19.63,RENT,A
12000.0, 60 months,13.44,42200.0,17.72,RENT,C
10000.0, 36 months,13.44,40000.0,26.13,MORTGAGE,C
15000.0, 36 months,6.99,117000.0,4.66,MORTGAGE,A
3000.0, 36 months,11.48,48000.0,4.13,MORTGAGE,B
8000.0, 36 months,7.89,90620.0,33.58,MORTGAGE,A
33600.0, 36 months,10.78,104000.0,14.01,RENT,B
15000.0, 36 months,10.64,78800.0,14.32,MORTGAGE,B
10650.0, 60 months,17.57,63000.0,33.03,MORTGAGE,D
15000.0, 36 months,17.27,65000.0,18.24,RENT,D
5000.0, 36 months,11.22,119500.0,8.82,RENT,B
20000.0, 36 months,9.17,110000.0,7.57,RENT,B
2500.0, 36 months,13.44,40000.0,31.38,RENT,C
35000.0, 36 months,9.17,148000.0,19.03,OWN,B
30000.0, 60 months,9.17,120000.0,18.53,MORTGAGE,B
28000.0, 36 months,6.99,300000.0,5.0,MORTGAGE,A
9500.0, 36 months,6.89,56000.0,21.42,RENT,A
8000.0, 36 months,12.88,125400.0,12.92,MORTGAGE,C
35000.0, 36 months,16.59,105000.0,27.22,MORTGAGE,D
26075.0, 36 months,18.99,72470.0,27.59,RENT,E
15000.0, 36 months,13.99,46000.0,31.07,MORTGAGE,C
23000.0, 36 months,9.17,110000.0,28.3,RENT,B
18000.0, 36 months,13.99,90000.0,37.49,MORTGAGE,C
24000.0, 60 months,7.91,91000.0,23.06,MORTGAGE,A
1000.0, 36 months,12.88,65000.0,10.52,RENT,C
5000.0, 36 months,9.17,86000.0,17.15,RENT,B
35000.0, 60 months,17.97,75000.0,35.02,RENT,D
30225.0, 60 months,28.99,83400.0,21.56,RENT,G
12000.0, 36 months,7.49,108000.0,6.92,MORTGAGE,A
20000.0, 36 months,5.32,110000.0,19.21,MORTGAGE,A
9100.0, 36 months,6.24,71750.0,18.73,MORTGAGE,A
17000.0, 36 months,11.99,61000.0,31.62,RENT,C
12900.0, 36 months,17.97,38000.0,29.85,RENT,D
12000.0, 36 months,6.49,80000.0,8.75,MORTGAGE,A
16100.0, 36 months,17.27,50000.0,15.96,MORTGAGE,D
24000.0, 60 months,19.89,130000.0,16.22,MORTGAGE,E
16000.0, 36 months,5.32,120000.0,15.24,OWN,A
15000.0, 36 months,12.88,60000.0,20.47,RENT,C
3500.0, 36 months,17.97,53000.0,31.86,MORTGAGE,D
8000.0, 36 months,7.26,105000.0,15.21,OWN,A
6000.0, 36 months,11.99,50000.0,34.59,MORTGAGE,C
12000.0, 36 months,8.38,47000.0,16.32,RENT,B
9000.0, 36 months,20.5,30000.0,23.96,MORTGAGE,E
5000.0, 36 months,11.99,49500.0,9.19,RENT,C
1000.0, 36 months,12.59,30600.0,17.76,RENT,C
9000.0, 36 months,15.77,25000.0,28.13,RENT,D
20000.0, 36 months,7.89,85000.0,10.76,MORTGAGE,A
9600.0, 36 months,9.17,98000.0,14.81,RENT,B
35000.0, 36 months,15.77,104000.0,27.26,RENT,D
10000.0, 36 months,12.59,53000.0,28.08,RENT,C
28000.0, 36 months,5.32,107000.0,24.41,MORTGAGE,A
5000.0, 36 months,5.32,68000.0,9.88,RENT,A
5000.0, 36 months,9.8,95000.0,28.1,RENT,B
35000.0, 36 months,11.99,400000.0,7.48,MORTGAGE,C
3500.0, 36 months,9.76,40000.0,16.74,RENT,B
20000.0, 60 months,10.64,82000.0,17.27,MORTGAGE,B
14000.0, 36 months,7.26,175000.0,5.79,RENT,A
11050.0, 60 months,22.45,80000.0,38.36,MORTGAGE,F
6475.0, 36 months,19.89,30000.0,32.12,RENT,E
30000.0, 60 months,13.44,115000.0,15.61,MORTGAGE,C
5000.0, 36 months,8.49,50000.0,14.26,MORTGAGE,B
21000.0, 60 months,9.17,82000.0,15.1,RENT,B
20000.0, 36 months,11.22,40000.0,18.87,RENT,B
2850.0, 36 months,9.8,103000.0,6.16,RENT,B
6000.0, 36 months,6.49,90000.0,6.55,RENT,A
34000.0, 36 months,7.89,110000.0,12.5,OWN,A
22950.0, 36 months,12.88,65500.0,28.68,MORTGAGE,C
10500.0, 36 months,11.48,50000.0,9.24,RENT,B
7000.0, 36 months,8.49,50000.0,25.18,OWN,B
6000.0, 36 months,13.44,44543.0,12.8,RENT,C
15000.0, 60 months,10.64,62000.0,24.87,MORTGAGE,B
6000.0, 36 months,8.49,36000.0,23.84,RENT,B
26900.0, 36 months,9.8,87300.0,27.57,RENT,B
21375.0, 36 months,17.86,424000.0,17.43,MORTGAGE,D
13650.0, 60 months,16.99,44000.0,36.85,RENT,D
16000.0, 36 months,6.24,87000.0,11.42,RENT,A
15000.0, 60 months,11.99,100000.0,7.58,MORTGAGE,C
10000.0, 36 months,7.91,105000.0,10.42,RENT,A
20000.0, 36 months,10.78,43680.0,18.74,RENT,B
10000.0, 36 months,14.85,290000.0,17.46,MORTGAGE,C
12000.0, 36 months,9.76,41000.0,14.87,MORTGAGE,B
12000.0, 36 months,9.17,36000.0,12.4,MORTGAGE,B
14400.0, 36 months,8.49,55000.0,25.64,MORTGAGE,B
6500.0, 36 months,18.49,40000.0,31.8,RENT,D
24000.0, 60 months,18.99,59000.0,19.89,MORTGAGE,E
22800.0, 36 months,11.99,96000.0,10.77,MORTGAGE,C
17000.0, 36 months,9.17,82000.0,16.82,MORTGAGE,B
13450.0, 60 months,17.97,52500.0,25.07,MORTGAGE,D
20250.0, 36 months,9.8,75000.0,20.56,RENT,B
24000.0, 36 months,5.32,58872.0,12.03,MORTGAGE,A
20000.0, 36 months,13.44,47000.0,20.97,RENT,C
16000.0, 60 months,21.99,40000.0,34.77,RENT,F
5000.0, 36 months,17.27,65000.0,14.03,MORTGAGE,D
15000.0, 36 months,11.48,155000.0,13.76,RENT,B
1000.0, 36 months,6.49,65000.0,7.63,RENT,A
5000.0, 36 months,9.8,92000.0,16.01,OWN,B
28000.0, 60 months,18.2,90000.0,7.89,MORTGAGE,E
5000.0, 36 months,13.99,58000.0,3.81,RENT,C
15000.0, 60 months,9.8,56000.0,24.92,MORTGAGE,B
10000.0, 36 months,11.99,65000.0,4.69,MORTGAGE,C
12000.0, 36 months,5.32,130000.0,8.87,MORTGAGE,A
28000.0, 36 months,12.88,143500.0,4.07,MORTGAGE,C
10600.0, 36 months,7.91,61100.0,19.03,RENT,A
6000.0, 36 months,9.17,33280.0,15.87,RENT,B
26000.0, 36 months,13.67,75000.0,5.22,MORTGAGE,C
6550.0, 36 months,17.86,1770.0,999.0,MORTGAGE,D
8200.0, 36 months,5.32,49233.0,24.84,MORTGAGE,A
12000.0, 36 months,5.32,75000.0,17.44,RENT,A
20800.0, 36 months,6.99,100000.0,23.7,MORTGAGE,A
18000.0, 36 months,11.99,65000.0,18.11,RENT,C
24000.0, 60 months,14.85,100000.0,22.58,RENT,C
7125.0, 36 months,18.99,19824.0,21.43,RENT,E
8000.0, 36 months,11.99,35000.0,10.12,RENT,C
1000.0, 36 months,12.88,45000.0,39.11,RENT,C
35000.0, 60 months,15.41,120000.0,9.39,RENT,D
4800.0, 36 months,11.99,24000.0,26.2,RENT,C
19800.0, 36 months,11.48,81400.0,22.56,MORTGAGE,B
10000.0, 36 months,9.76,60000.0,24.68,RENT,B
15000.0, 36 months,15.77,48000.0,21.9,RENT,D
15000.0, 36 months,7.49,115000.0,8.98,MORTGAGE,A
12000.0, 36 months,5.32,135000.0,13.35,RENT,A
35000.0, 36 months,7.49,210000.0,21.9,MORTGAGE,A
7200.0, 36 months,12.88,64000.0,11.55,MORTGAGE,C
14400.0, 60 months,17.97,40000.0,7.59,MORTGAGE,D
23175.0, 60 months,18.49,61000.0,22.21,RENT,D
12000.0, 36 months,11.99,110000.0,33.38,OWN,C
12000.0, 36 months,9.17,52000.0,30.96,MORTGAGE,B
13975.0, 36 months,7.26,84000.0,23.19,OWN,A
10000.0, 36 months,15.41,35000.0,10.37,MORTGAGE,D
2800.0, 36 months,9.76,65000.0,28.21,MORTGAGE,B
12000.0, 36 months,5.32,77000.0,18.06,MORTGAGE,A
3500.0, 36 months,14.85,30000.0,8.84,MORTGAGE,C
7000.0, 36 months,6.99,120000.0,7.68,MORTGAGE,A
21000.0, 36 months,6.89,109000.0,13.41,MORTGAGE,A
1400.0, 36 months,13.67,49000.0,25.07,RENT,C
4475.0, 36 months,16.59,15732.0,9.23,RENT,D
15000.0, 36 months,6.99,40000.0,11.4,MORTGAGE,A
24000.0, 60 months,23.13,43435.0,35.7,MORTGAGE,F
8000.0, 36 months,10.64,52000.0,19.78,MORTGAGE,B
20000.0, 36 months,6.89,88000.0,16.72,MORTGAGE,A
30000.0, 36 months,9.8,94000.0,29.41,MORTGAGE,B
13000.0, 36 months,7.49,80000.0,10.77,MORTGAGE,A
17600.0, 36 months,10.78,52000.0,26.86,MORTGAGE,B
11000.0, 36 months,9.17,37000.0,10.9,MORTGAGE,B
22250.0, 36 months,9.17,65000.0,27.34,MORTGAGE,B
20250.0, 60 months,19.48,55000.0,19.99,MORTGAGE,E
14600.0, 36 months,9.17,59000.0,15.16,RENT,B
28000.0, 36 months,7.91,150000.0,26.82,MORTGAGE,A
35000.0, 60 months,21.99,103000.0,22.17,MORTGAGE,F
16125.0, 36 months,15.77,34800.0,10.24,RENT,D
9000.0, 36 months,8.49,90000.0,8.2,MORTGAGE,B
28000.0, 36 months,7.91,160000.0,23.69,MORTGAGE,A
1200.0, 36 months,6.89,22000.0,32.57,OWN,A
5000.0, 36 months,11.99,65000.0,18.52,RENT,C
10000.0, 36 months,7.49,200000.0,10.68,MORTGAGE,A
28000.0, 36 months,10.78,110000.0,18.46,MORTGAGE,B
10000.0, 36 months,9.8,82000.0,17.44,RENT,B
10000.0, 36 months,7.89,36000.0,14.46,OWN,A
18000.0, 36 months,6.99,125000.0,14.15,RENT,A
5000.0, 36 months,11.99,27000.0,6.98,RENT,C
20000.0, 36 months,8.49,61097.0,27.14,RENT,B
9000.0, 36 months,9.8,81000.0,22.64,MORTGAGE,B
2500.0, 36 months,7.91,29000.0,21.19,RENT,A
10000.0, 36 months,8.38,68000.0,11.86,MORTGAGE,B
20000.0, 36 months,11.48,140000.0,22.92,MORTGAGE,B
20000.0, 36 months,14.85,60000.0,26.02,RENT,C
7500.0, 36 months,13.99,60000.0,33.0,OWN,C
8400.0, 36 months,17.27,53500.0,27.36,MORTGAGE,D
4200.0, 36 months,13.44,24000.0,22.1,MORTGAGE,C
25000.0, 60 months,15.77,65000.0,16.34,MORTGAGE,D
3500.0, 36 months,13.67,41000.0,13.5,RENT,C
6400.0, 36 months,8.49,115000.0,5.1,MORTGAGE,B
16000.0, 36 months,5.32,110000.0,8.59,RENT,A
35000.0, 60 months,17.97,116000.0,18.08,MORTGAGE,D
16000.0, 36 months,9.17,32000.0,16.77,MORTGAGE,B
9600.0, 36 months,6.49,102000.0,14.09,RENT,A
24000.0, 36 months,9.17,98000.0,10.57,MORTGAGE,B
13600.0, 36 months,15.77,40000.0,13.92,OWN,D
18225.0, 36 months,8.49,38000.0,17.94,RENT,B
30000.0, 36 months,16.59,300000.0,6.21,OWN,D
8000.0, 36 months,14.85,72000.0,15.83,RENT,C
10000.0, 36 months,5.32,80000.0,5.27,RENT,A
12000.0, 36 months,12.59,50000.0,12.88,RENT,C
13200.0, 36 months,18.99,55000.0,38.12,OWN,E
8400.0, 36 months,11.48,80000.0,13.92,RENT,B
5800.0, 36 months,21.48,90000.0,17.49,MORTGAGE,E
10850.0, 36 months,12.88,50000.0,16.77,MORTGAGE,C
20000.0, 36 months,7.49,60000.0,9.04,MORTGAGE,A
16000.0, 36 months,18.49,57000.0,27.15,RENT,D
1000.0, 36 months,9.76,47000.0,13.53,MORTGAGE,B
10000.0, 36 months,8.49,42000.0,14.49,RENT,B
4550.0, 36 months,10.78,100500.0,28.74,MORTGAGE,B
24000.0, 60 months,14.85,90000.0,19.04,MORTGAGE,C
12000.0, 60 months,11.99,50200.0,26.32,OWN,C
10000.0, 36 months,9.17,80000.0,31.17,RENT,B
9000.0, 36 months,7.49,80000.0,21.6,OWN,A
7500.0, 36 months,10.78,34000.0,15.64,RENT,B
7000.0, 36 months,9.17,110000.0,11.74,RENT,B
15000.0, 36 months,12.59,42000.0,32.43,RENT,C
28000.0, 60 months,19.48,88000.0,22.83,MORTGAGE,E
14075.0, 36 months,16.55,32000.0,36.27,RENT,D
30000.0, 36 months,7.49,130000.0,9.82,MORTGAGE,A
25000.0, 60 months,17.86,85000.0,11.05,OWN,D
22000.0, 36 months,14.48,69000.0,14.1,RENT,C
25000.0, 36 months,11.99,210000.0,10.59,RENT,C
10000.0, 36 months,13.99,30000.0,25.76,MORTGAGE,C
7000.0, 36 months,15.77,60000.0,7.28,MORTGAGE,D
4000.0, 36 months,14.85,30000.0,8.18,MORTGAGE,C
15000.0, 36 months,5.32,158000.0,14.82,MORTGAGE,A
5050.0, 36 months,9.8,40000.0,4.65,RENT,B
35000.0, 36 months,11.48,250000.0,7.29,MORTGAGE,B
22400.0, 60 months,25.09,98000.0,35.4,RENT,F
29650.0, 36 months,19.89,71000.0,29.51,MORTGAGE,E
21000.0, 36 months,10.78,130000.0,32.88,MORTGAGE,B
18000.0, 36 months,7.91,48000.0,27.6,MORTGAGE,A
5000.0, 36 months,9.8,102000.0,21.3,RENT,B
25000.0, 36 months,5.32,300000.0,9.14,MORTGAGE,A
15600.0, 60 months,14.85,99000.0,34.18,MORTGAGE,C
8000.0, 36 months,11.48,40000.0,36.6,MORTGAGE,B
3000.0, 36 months,18.49,54000.0,32.18,RENT,D
15000.0, 60 months,18.99,64000.0,18.58,MORTGAGE,E
10000.0, 36 months,15.77,51000.0,36.3,OWN,D
24000.0, 36 months,9.8,125000.0,2.96,OWN,B
15000.0, 36 months,12.88,72000.0,21.23,MORTGAGE,C
12000.0, 60 months,13.44,50000.0,16.99,MORTGAGE,C
6725.0, 36 months,13.67,15317.0,19.44,OWN,C
6000.0, 36 months,7.91,30000.0,12.24,RENT,A
10000.0, 36 months,14.85,28000.0,8.32,RENT,C
20000.0, 36 months,11.99,110000.0,15.15,MORTGAGE,C
5000.0, 36 months,11.99,84000.0,27.56,MORTGAGE,C
2000.0, 36 months,19.89,35000.0,16.53,MORTGAGE,E
35000.0, 36 months,16.59,100000.0,15.61,MORTGAGE,D
10850.0, 36 months,18.49,47000.0,0.0,MORTGAGE,D
2000.0, 36 months,9.17,145000.0,16.44,RENT,B
9000.0, 36 months,7.49,50000.0,16.54,OWN,A
15400.0, 36 months,14.85,146000.0,13.67,RENT,C
12000.0, 60 months,11.99,83600.0,34.22,MORTGAGE,C
1800.0, 36 months,11.99,38000.0,5.31,MORTGAGE,C
4500.0, 36 months,9.17,30000.0,17.6,RENT,B
28800.0, 60 months,8.49,105000.0,12.41,MORTGAGE,B
10800.0, 36 months,9.17,47000.0,5.98,RENT,B
21600.0, 60 months,11.99,45000.0,10.05,MORTGAGE,C
20000.0, 36 months,11.48,85000.0,27.08,MORTGAGE,B
6000.0, 36 months,15.77,36000.0,18.5,MORTGAGE,D
2100.0, 36 months,13.99,50000.0,31.93,RENT,C
9000.0, 36 months,13.67,35000.0,21.33,RENT,C
16000.0, 60 months,16.59,115000.0,10.08,OWN,D
15000.0, 36 months,13.99,62000.0,27.75,RENT,C
5000.0, 36 months,6.49,190000.0,15.38,OWN,A
12000.0, 36 months,14.85,32000.0,21.49,RENT,C
18000.0, 60 months,13.67,75000.0,27.67,MORTGAGE,C
24000.0, 36 months,9.17,100000.0,35.68,RENT,B
5000.0, 36 months,9.17,74967.0,33.39,MORTGAGE,B
14400.0, 36 months,8.49,47000.0,27.96,RENT,B
22100.0, 36 months,17.86,65000.0,28.91,RENT,D
18000.0, 36 months,9.17,55000.0,30.92,RENT,B
7000.0, 36 months,11.48,41000.0,15.52,MORTGAGE,B
15000.0, 60 months,12.88,53000.0,9.69,RENT,C
30000.0, 60 months,23.13,87000.0,15.92,RENT,F
3600.0, 36 months,11.48,55000.0,14.1,MORTGAGE,B
11000.0, 36 months,10.78,55000.0,16.3,MORTGAGE,B
16000.0, 36 months,6.24,75000.0,21.53,MORTGAGE,A
1600.0, 36 months,16.55,35000.0,19.66,RENT,D
10400.0, 60 months,16.99,27500.0,34.92,RENT,D
25000.0, 36 months,5.32,150000.0,11.82,MORTGAGE,A
1400.0, 36 months,9.76,83000.0,17.03,MORTGAGE,B
6000.0, 36 months,10.64,50000.0,38.54,RENT,B
18950.0, 36 months,13.99,47364.0,15.1,MORTGAGE,C
10000.0, 36 months,6.49,106000.0,16.45,MORTGAGE,A
28800.0, 60 months,11.99,60000.0,21.6,OWN,C
9000.0, 36 months,6.89,33000.0,7.96,RENT,A
12000.0, 60 months,19.48,45000.0,28.56,OWN,E
6400.0, 36 months,14.85,74000.0,11.97,MORTGAGE,C
12000.0, 60 months,21.99,40000.0,28.62,OWN,F
29000.0, 60 months,9.8,147000.0,14.36,MORTGAGE,B
11000.0, 60 months,13.18,94000.0,14.29,MORTGAGE,C
15000.0, 36 months,7.91,55000.0,25.77,MORTGAGE,A
8000.0, 36 months,9.76,35000.0,33.95,OWN,B
15000.0, 36 months,8.49,120000.0,10.66,OWN,B
9000.0, 36 months,9.76,90000.0,26.73,MORTGAGE,B
15000.0, 36 months,8.38,320000.0,11.24,MORTGAGE,B
14900.0, 60 months,9.76,55000.0,19.83,MORTGAGE,B
15000.0, 36 months,7.89,49000.0,15.36,MORTGAGE,A
6450.0, 36 months,5.32,68000.0,21.96,RENT,A
13000.0, 36 months,7.89,57660.0,8.2,RENT,A
14000.0, 36 months,6.99,125000.0,10.8,MORTGAGE,A
21675.0, 60 months,11.48,80000.0,33.53,RENT,B
35000.0, 60 months,16.59,95800.0,27.35,RENT,D
10950.0, 36 months,19.48,60000.0,18.38,RENT,E
7000.0, 36 months,7.91,48000.0,31.47,MORTGAGE,A
15000.0, 36 months,5.32,55000.0,25.25,RENT,A
12000.0, 60 months,13.44,55000.0,15.75,MORTGAGE,C
16000.0, 36 months,10.64,75000.0,14.34,RENT,B
35000.0, 36 months,7.91,140000.0,0.99,MORTGAGE,A
24000.0, 36 months,9.17,145000.0,4.37,RENT,B
5200.0, 36 months,9.8,51000.0,6.31,RENT,B
28000.0, 60 months,8.49,95000.0,19.6,MORTGAGE,B
21000.0, 36 months,9.76,169000.0,12.16,MORTGAGE,B
4000.0, 36 months,10.78,36000.0,0.0,OWN,B
35000.0, 36 months,8.38,123000.0,16.36,MORTGAGE,B
30000.0, 60 months,19.89,70000.0,19.89,MORTGAGE,E
21000.0, 60 months,13.99,100000.0,17.48,MORTGAGE,C
26600.0, 60 months,19.48,65000.0,51.2,MORTGAGE,E
15600.0, 60 months,13.99,60000.0,18.76,RENT,C
23275.0, 60 months,16.59,54000.0,31.11,MORTGAGE,D
12000.0, 60 months,7.91,62000.0,19.61,RENT,A
12000.0, 60 months,9.17,130000.0,6.38,MORTGAGE,B
11700.0, 36 months,14.85,38000.0,33.99,MORTGAGE,C
3000.0, 36 months,8.38,50000.0,13.3,MORTGAGE,B
10000.0, 36 months,13.44,130000.0,11.13,MORTGAGE,C
19800.0, 36 months,11.99,45000.0,23.47,RENT,C
20000.0, 36 months,11.48,50000.0,21.39,OWN,B
10000.0, 36 months,8.38,90000.0,13.12,RENT,B
6000.0, 36 months,7.91,55000.0,19.18,RENT,A
12000.0, 36 months,11.48,60000.0,21.78,RENT,B
7500.0, 36 months,12.88,50000.0,26.26,RENT,C
15000.0, 36 months,7.89,80000.0,16.14,RENT,A
20000.0, 60 months,13.44,48000.0,22.85,MORTGAGE,C
3000.0, 36 months,13.99,19600.0,38.21,RENT,C
16775.0, 60 months,19.89,74000.0,29.91,MORTGAGE,E
4800.0, 36 months,10.64,67000.0,15.14,RENT,B
8000.0, 36 months,10.78,45000.0,16.93,MORTGAGE,B
12775.0, 60 months,18.99,37600.0,26.68,RENT,E
15000.0, 36 months,11.22,54000.0,19.42,RENT,B
12000.0, 36 months,11.48,242000.0,18.35,MORTGAGE,B
5000.0, 36 months,7.26,40000.0,15.39,MORTGAGE,A
15000.0, 36 months,11.22,75000.0,18.88,RENT,B
20000.0, 36 months,7.49,47000.0,30.5,OWN,A
24000.0, 36 months,14.85,65000.0,15.92,MORTGAGE,C
27000.0, 36 months,12.88,66000.0,16.89,MORTGAGE,C
18000.0, 36 months,11.99,88000.0,27.34,MORTGAGE,C
16275.0, 60 months,14.85,37000.0,23.13,RENT,C
12650.0, 60 months,21.99,46000.0,22.44,MORTGAGE,F
20000.0, 36 months,6.49,65000.0,14.18,MORTGAGE,A
11000.0, 36 months,10.78,54000.0,29.64,MORTGAGE,B
3500.0, 36 months,13.44,27888.0,27.93,RENT,C
4000.0, 36 months,15.77,47000.0,30.39,MORTGAGE,D
10000.0, 36 months,8.38,63000.0,9.6,RENT,B
20000.0, 36 months,12.88,65000.0,21.14,RENT,C
3250.0, 36 months,20.99,70000.0,9.36,MORTGAGE,E
10000.0, 36 months,5.32,72000.0,16.42,RENT,A
22950.0, 36 months,17.97,115000.0,10.66,OWN,D
5000.0, 36 months,12.88,72000.0,26.04,RENT,C
5000.0, 36 months,14.85,100000.0,16.86,RENT,C
9600.0, 36 months,11.48,110000.0,13.83,RENT,B
8000.0, 36 months,6.49,135000.0,23.94,RENT,A
15600.0, 60 months,10.78,79500.0,6.91,MORTGAGE,B
24800.0, 60 months,15.77,70000.0,37.29,OWN,D
24000.0, 60 months,14.85,48000.0,20.62,MORTGAGE,C
11000.0, 36 months,10.78,297000.0,12.69,RENT,B
12000.0, 36 months,8.49,60000.0,18.1,RENT,B
17000.0, 36 months,9.17,210000.0,11.37,OWN,B
10550.0, 36 months,17.97,24000.0,25.75,RENT,D
20000.0, 36 months,12.59,75000.0,16.23,MORTGAGE,C
5500.0, 36 months,11.99,135000.0,20.06,MORTGAGE,C
16000.0, 36 months,11.48,36400.0,9.96,RENT,B
13000.0, 36 months,10.78,40704.0,16.83,RENT,B
19800.0, 36 months,13.99,110000.0,8.35,MORTGAGE,C
28750.0, 36 months,15.77,79634.0,18.38,RENT,D
23225.0, 60 months,8.49,80000.0,13.22,MORTGAGE,B
11450.0, 60 months,13.44,100000.0,12.35,MORTGAGE,C
10000.0, 36 months,6.99,54000.0,19.38,RENT,A
30000.0, 36 months,8.38,122500.0,9.98,RENT,B
12000.0, 36 months,9.8,40000.0,19.17,RENT,B
14275.0, 60 months,19.89,42000.0,29.2,RENT,E
8000.0, 36 months,5.32,36000.0,10.57,OWN,A
20000.0, 36 months,15.41,88560.0,12.89,RENT,D
15000.0, 36 months,11.99,45000.0,26.88,RENT,C
20650.0, 36 months,11.48,70000.0,20.14,MORTGAGE,B
12000.0, 36 months,12.88,52000.0,5.75,MORTGAGE,C
12025.0, 36 months,18.99,110000.0,12.74,MORTGAGE,E
7350.0, 36 months,25.09,41500.0,31.17,RENT,F
10000.0, 36 months,6.24,45700.0,7.41,MORTGAGE,A
24000.0, 36 months,9.17,210000.0,20.16,MORTGAGE,B
10000.0, 36 months,9.8,92000.0,10.55,MORTGAGE,B
20000.0, 36 months,13.44,75000.0,20.19,RENT,C
17000.0, 60 months,13.44,120000.0,7.43,MORTGAGE,C
10000.0, 36 months,16.59,75000.0,13.53,MORTGAGE,D
24000.0, 36 months,10.78,150000.0,14.91,OWN,B
33600.0, 60 months,16.99,78000.0,15.89,MORTGAGE,D
4200.0, 36 months,8.38,45000.0,11.89,RENT,B
21000.0, 60 months,18.49,56000.0,32.55,RENT,D
15000.0, 60 months,13.99,95000.0,5.09,OWN,C
9000.0, 36 months,8.38,23040.0,28.65,RENT,B
3500.0, 36 months,9.17,70000.0,9.53,MORTGAGE,B
25400.0, 36 months,11.99,80000.0,38.97,MORTGAGE,C
15000.0, 36 months,12.88,118000.0,23.7,MORTGAGE,C
12000.0, 60 months,9.76,60000.0,15.52,MORTGAGE,B
20000.0, 36 months,9.8,250000.0,10.17,MORTGAGE,B
6400.0, 36 months,9.17,80000.0,12.45,OWN,B
12500.0, 60 months,11.99,60000.0,16.98,MORTGAGE,C
17000.0, 36 months,10.78,139000.0,30.46,MORTGAGE,B
17975.0, 36 months,13.44,110000.0,9.57,RENT,C
6000.0, 36 months,8.49,124000.0,5.69,MORTGAGE,B
30000.0, 60 months,17.57,80000.0,16.46,MORTGAGE,D
10000.0, 36 months,7.89,76000.0,10.03,MORTGAGE,A
10000.0, 36 months,9.17,300000.0,11.94,OWN,B
6400.0, 36 months,9.8,86000.0,17.01,MORTGAGE,B
17000.0, 60 months,13.99,48000.0,11.05,MORTGAGE,C
11700.0, 36 months,18.2,32500.0,27.92,RENT,E
35000.0, 36 months,7.91,145000.0,13.77,OWN,A
35000.0, 60 months,21.48,160000.0,28.64,MORTGAGE,E
10000.0, 60 months,18.99,37440.0,20.64,MORTGAGE,E
11000.0, 36 months,5.32,76000.0,9.35,RENT,A
10000.0, 36 months,7.89,57000.0,17.66,MORTGAGE,A
35000.0, 60 months,20.5,90000.0,11.89,RENT,E
2000.0, 36 months,6.49,35037.0,8.51,OWN,A
3450.0, 36 months,23.13,29000.0,6.62,RENT,F
10500.0, 60 months,11.99,79000.0,14.88,MORTGAGE,C
18000.0, 36 months,14.48,100000.0,32.74,MORTGAGE,C
15000.0, 36 months,9.17,48000.0,12.2,RENT,B
2100.0, 36 months,13.44,121000.0,19.23,MORTGAGE,C
10000.0, 36 months,12.88,30000.0,18.88,RENT,C
6000.0, 36 months,14.48,50000.0,21.15,RENT,C
8175.0, 36 months,16.99,22750.0,1.85,RENT,D
11000.0, 36 months,13.99,57200.0,15.04,MORTGAGE,C
35000.0, 60 months,11.99,80000.0,26.84,MORTGAGE,C
3825.0, 36 months,20.5,12000.0,20.2,RENT,E
9000.0, 36 months,12.88,110000.0,17.29,RENT,C
6000.0, 36 months,6.49,55000.0,29.0,MORTGAGE,A
8000.0, 36 months,13.44,70000.0,27.26,MORTGAGE,C
10000.0, 36 months,13.99,45000.0,27.2,RENT,C
8000.0, 36 months,7.91,110000.0,22.32,MORTGAGE,A
6000.0, 36 months,9.8,30000.0,29.84,OWN,B
9200.0, 36 months,12.88,50000.0,23.16,MORTGAGE,C
9600.0, 36 months,9.17,90000.0,15.15,MORTGAGE,B
3600.0, 36 months,11.22,43000.0,23.16,RENT,B
14950.0, 60 months,18.99,68000.0,31.36,MORTGAGE,E
12000.0, 36 months,7.91,104000.0,5.55,MORTGAGE,A
5000.0, 36 months,9.17,52505.58,18.38,RENT,B
1500.0, 36 months,9.17,83000.0,22.4,MORTGAGE,B
7000.0, 36 months,7.89,50000.0,8.88,OWN,A
3600.0, 36 months,13.99,50000.0,11.67,RENT,C
12000.0, 36 months,11.99,75000.0,32.34,RENT,C
10000.0, 36 months,7.49,86000.0,7.48,OWN,A
6000.0, 36 months,9.8,151000.0,16.99,MORTGAGE,B
4200.0, 36 months,9.8,60000.0,3.48,RENT,B
7675.0, 36 months,18.49,50000.0,18.7,MORTGAGE,D
24000.0, 36 months,9.8,50000.0,17.91,RENT,B
13000.0, 36 months,8.49,89000.0,10.45,RENT,B
35000.0, 60 months,17.57,95000.0,7.76,MORTGAGE,D
15000.0, 36 months,17.97,220000.0,21.68,MORTGAGE,D
8400.0, 36 months,16.55,40452.0,13.08,RENT,D
12000.0, 36 months,11.48,36000.0,23.26,MORTGAGE,B
6000.0, 36 months,13.67,42000.0,21.2,RENT,C
6000.0, 36 months,7.91,32000.0,18.49,RENT,A
6000.0, 36 months,11.48,38000.0,13.61,RENT,B
35000.0, 36 months,13.99,305000.0,23.65,RENT,C
8000.0, 36 months,11.22,135000.0,26.85,MORTGAGE,B
2000.0, 36 months,11.48,110000.0,34.26,MORTGAGE,B
12350.0, 36 months,16.59,50000.0,25.92,MORTGAGE,D
10000.0, 36 months,10.64,89000.0,26.16,MORTGAGE,B
2000.0, 36 months,13.44,43500.0,27.61,MORTGAGE,C
4525.0, 36 months,14.85,50300.0,15.44,MORTGAGE,C
24000.0, 60 months,23.13,60000.0,29.58,RENT,F
10000.0, 36 months,11.22,60000.0,24.3,OWN,B
18000.0, 36 months,7.91,45000.0,10.48,RENT,A
7050.0, 36 months,7.91,40000.0,20.55,RENT,A
30000.0, 36 months,14.48,74358.0,23.55,RENT,C
6000.0, 36 months,13.99,43700.0,31.87,MORTGAGE,C
4000.0, 36 months,13.44,45000.0,14.43,RENT,C
10000.0, 36 months,12.88,95000.0,7.93,RENT,C
20000.0, 60 months,7.89,50000.0,7.49,RENT,A
4000.0, 36 months,10.78,100000.0,19.51,MORTGAGE,B
15000.0, 36 months,9.8,125000.0,11.11,MORTGAGE,B
35000.0, 60 months,20.5,120000.0,35.69,MORTGAGE,E
6400.0, 36 months,11.99,25000.0,10.18,OWN,C
16975.0, 60 months,22.45,47160.0,7.74,RENT,F
6500.0, 36 months,11.48,38000.0,24.35,MORTGAGE,B
20000.0, 36 months,9.8,88000.0,11.63,MORTGAGE,B
10000.0, 36 months,6.89,60000.0,6.44,RENT,A
10000.0, 36 months,18.49,45000.0,35.25,MORTGAGE,E
23700.0, 60 months,13.44,64000.0,32.98,MORTGAGE,C
12425.0, 60 months,18.99,24897.72,6.62,RENT,E
10800.0, 60 months,17.97,72000.0,36.07,RENT,D
28000.0, 60 months,19.48,91500.0,15.2,MORTGAGE,E
30000.0, 60 months,10.64,99000.0,23.83,MORTGAGE,B
17500.0, 36 months,11.48,48720.0,23.0,RENT,B
5000.0, 36 months,8.49,45000.0,2.93,RENT,B
21000.0, 36 months,11.99,50000.0,21.38,MORTGAGE,C
3000.0, 36 months,12.88,52201.91,14.85,RENT,C
28000.0, 36 months,7.49,135000.0,14.64,MORTGAGE,A
20000.0, 36 months,6.99,105000.0,19.02,RENT,A
20000.0, 36 months,7.49,89600.0,6.39,MORTGAGE,A
25000.0, 36 months,13.99,85000.0,11.11,RENT,C
12000.0, 36 months,6.99,45000.0,15.52,MORTGAGE,A
25850.0, 36 months,13.18,58000.0,9.39,RENT,C
20000.0, 60 months,17.27,124000.0,31.23,RENT,D
8000.0, 36 months,11.22,70000.0,19.85,MORTGAGE,B
3525.0, 36 months,11.48,20000.0,25.63,RENT,B
23000.0, 36 months,5.32,58835.0,26.62,RENT,A
16000.0, 36 months,9.17,81000.0,26.8,MORTGAGE,B
6000.0, 36 months,11.48,51000.0,11.72,RENT,B
16000.0, 36 months,7.91,70000.0,10.81,RENT,A
28000.0, 60 months,15.77,118000.0,35.91,RENT,D
6025.0, 36 months,11.48,65000.0,14.6,RENT,B
3000.0, 36 months,12.88,90000.0,14.1,MORTGAGE,C
12000.0, 36 months,12.88,178500.0,19.31,OWN,C
8500.0, 36 months,7.89,35000.0,8.74,OWN,A
18000.0, 36 months,12.88,82000.0,34.41,MORTGAGE,C
4800.0, 36 months,16.55,39000.0,22.12,RENT,D
4200.0, 36 months,12.88,45000.0,15.87,MORTGAGE,C
8400.0, 36 months,7.91,80000.0,6.42,RENT,A
4550.0, 36 months,14.85,39000.0,29.42,MORTGAGE,C
4575.0, 36 months,17.27,56000.0,10.03,RENT,D
24000.0, 36 months,7.49,60000.0,16.84,MORTGAGE,A
19650.0, 36 months,15.41,72000.0,19.07,MORTGAGE,D
9650.0, 36 months,16.59,23000.0,22.76,OWN,D
12000.0, 36 months,8.49,50000.0,30.1,RENT,B
13000.0, 36 months,8.49,72000.0,12.5,RENT,B
12000.0, 36 months,6.99,50000.0,20.12,MORTGAGE,A
15000.0, 36 months,14.85,80000.0,16.11,RENT,C
6400.0, 36 months,9.76,51000.0,20.64,RENT,B
24200.0, 36 months,12.88,55000.0,17.59,OWN,C
3600.0, 36 months,7.49,62000.0,22.42,MORTGAGE,A
22250.0, 60 months,22.99,53000.0,27.33,MORTGAGE,F
5000.0, 36 months,13.67,52600.0,30.03,RENT,C
33600.0, 36 months,14.85,80000.0,28.02,MORTGAGE,C
15000.0, 36 months,6.99,60000.0,5.52,RENT,A
14700.0, 60 months,16.99,35000.0,31.31,RENT,D
21000.0, 36 months,5.32,72000.0,10.05,MORTGAGE,A
20000.0, 36 months,15.77,68000.0,35.51,MORTGAGE,D
21200.0, 60 months,21.48,53000.0,25.26,MORTGAGE,E
12000.0, 60 months,19.89,105000.0,27.85,MORTGAGE,E
16000.0, 36 months,8.49,60000.0,21.72,RENT,B
20000.0, 36 months,5.32,106000.0,20.04,MORTGAGE,A
10000.0, 36 months,9.17,65000.0,8.14,RENT,B
12000.0, 36 months,9.8,75000.0,14.11,RENT,B
24000.0, 60 months,15.41,65000.0,21.03,RENT,D
4250.0, 36 months,18.2,60000.0,20.7,RENT,E
10800.0, 60 months,13.99,40000.0,29.86,OWN,C
4200.0, 36 months,13.44,102500.0,26.21,MORTGAGE,C
8000.0, 36 months,11.99,44000.0,12.25,RENT,C
22225.0, 60 months,22.45,58000.0,19.04,RENT,F
19425.0, 36 months,18.99,46280.0,10.19,MORTGAGE,E
2000.0, 36 months,13.99,46000.0,25.18,RENT,C
30000.0, 36 months,14.85,110000.0,8.25,MORTGAGE,C
16000.0, 36 months,9.17,55000.0,17.11,MORTGAGE,B
13200.0, 36 months,9.17,98000.0,10.03,MORTGAGE,B
6875.0, 36 months,9.8,48000.0,8.43,RENT,B
9200.0, 36 months,13.99,43000.0,20.79,MORTGAGE,C
4200.0, 36 months,13.99,32000.0,31.02,RENT,C
35000.0, 60 months,13.44,150000.0,14.42,RENT,C
10000.0, 36 months,8.38,145000.0,32.43,RENT,B
10000.0, 60 months,14.85,48000.0,8.03,RENT,C
15000.0, 60 months,12.88,55000.0,32.05,MORTGAGE,C
8000.0, 36 months,14.48,31000.0,23.53,RENT,C
18450.0, 36 months,11.48,41000.0,27.66,RENT,B
3600.0, 36 months,10.78,52000.0,29.22,RENT,B
6750.0, 36 months,19.89,20000.0,17.47,RENT,E
14400.0, 60 months,15.77,67000.0,11.41,MORTGAGE,D
21275.0, 36 months,14.85,89000.0,20.19,MORTGAGE,C
24000.0, 36 months,7.89,96000.0,14.53,RENT,A
18000.0, 36 months,9.8,89400.0,10.04,RENT,B
19500.0, 36 months,9.8,90000.0,10.17,MORTGAGE,B
8225.0, 36 months,6.99,45000.0,21.55,RENT,A
10000.0, 60 months,18.99,62000.0,20.48,RENT,E
20000.0, 36 months,8.49,80000.0,19.26,MORTGAGE,B
6000.0, 36 months,10.64,35000.0,19.41,RENT,B
3000.0, 36 months,12.59,66650.0,7.26,RENT,C
2000.0, 36 months,13.99,133000.0,24.4,RENT,C
7775.0, 36 months,17.86,20000.0,32.47,RENT,D
30000.0, 36 months,9.76,114000.0,16.58,MORTGAGE,B
16000.0, 36 months,12.88,170000.0,35.87,OWN,C
3200.0, 36 months,14.85,87000.0,24.69,RENT,C
35000.0, 36 months,10.64,106000.0,26.53,MORTGAGE,B
10000.0, 36 months,9.76,40000.0,23.4,RENT,B
15000.0, 60 months,14.85,77500.0,22.87,MORTGAGE,C
18000.0, 60 months,20.5,52000.0,22.29,RENT,E
33600.0, 60 months,22.45,103000.0,28.85,MORTGAGE,F
7000.0, 36 months,11.99,21000.0,17.43,RENT,C
5450.0, 36 months,17.27,51000.0,21.01,RENT,D
12000.0, 36 months,10.64,105000.0,12.69,MORTGAGE,B
10000.0, 36 months,11.48,32000.0,10.95,MORTGAGE,B
8000.0, 36 months,11.48,65000.0,24.5,MORTGAGE,B
28000.0, 36 months,5.32,75000.0,14.38,MORTGAGE,A
28000.0, 36 months,6.99,131000.0,32.37,MORTGAGE,A
5775.0, 36 months,15.77,38000.0,22.52,MORTGAGE,D
3000.0, 36 months,9.8,58000.0,30.27,RENT,B
8400.0, 36 months,12.88,95000.0,26.33,MORTGAGE,C
12000.0, 36 months,5.32,170000.0,10.85,MORTGAGE,A
35000.0, 36 months,9.8,200000.0,11.8,RENT,B
3500.0, 36 months,11.99,72000.0,27.92,RENT,C
10000.0, 36 months,7.91,62000.0,8.19,OWN,A
18000.0, 36 months,8.49,72000.0,14.5,RENT,B
24000.0, 60 months,14.85,175000.0,11.38,MORTGAGE,C
2400.0, 36 months,14.85,51000.0,22.8,RENT,C
20000.0, 60 months,19.99,50000.0,25.92,MORTGAGE,E
27500.0, 36 months,17.86,55000.0,28.98,RENT,D
12000.0, 60 months,12.88,90000.0,12.62,MORTGAGE,C
5000.0, 36 months,13.67,45000.0,37.79,OWN,C
6000.0, 36 months,6.99,53000.0,20.52,RENT,A
20000.0, 36 months,7.91,125000.0,28.84,MORTGAGE,A
2400.0, 36 months,12.88,39000.0,19.88,RENT,C
16000.0, 36 months,9.17,125000.0,8.84,MORTGAGE,B
25000.0, 36 months,15.41,80000.0,28.8,RENT,D
5000.0, 36 months,11.99,30000.0,22.04,RENT,C
21600.0, 36 months,6.99,120000.0,20.73,MORTGAGE,A
27275.0, 36 months,14.85,62000.0,15.87,RENT,C
8000.0, 36 months,10.78,38000.0,10.3,RENT,B
7200.0, 36 months,14.85,53500.0,35.13,MORTGAGE,C
35000.0, 36 months,7.26,225000.0,13.56,MORTGAGE,A
6025.0, 36 months,12.59,38000.0,27.99,OWN,C
6000.0, 36 months,11.99,27000.0,7.11,RENT,C
8000.0, 36 months,9.17,57600.0,28.48,RENT,B
8400.0, 36 months,16.59,51000.0,13.27,RENT,D
35000.0, 60 months,16.99,104827.0,16.91,MORTGAGE,D
11200.0, 60 months,13.99,75000.0,22.59,RENT,C
20000.0, 60 months,22.45,40000.0,19.32,MORTGAGE,F
7000.0, 36 months,6.99,70000.0,23.73,MORTGAGE,A
10000.0, 36 months,9.8,123000.0,8.56,OWN,B
30000.0, 36 months,9.8,105000.0,16.85,MORTGAGE,B
25000.0, 36 months,12.88,65000.0,23.98,MORTGAGE,C
7500.0, 36 months,10.64,28000.0,26.53,MORTGAGE,B
9600.0, 36 months,9.76,30000.0,29.24,RENT,B
24700.0, 36 months,11.99,65000.0,16.06,MORTGAGE,C
8500.0, 36 months,7.89,48000.0,21.08,MORTGAGE,A
20000.0, 36 months,10.78,63000.0,18.81,RENT,B
4325.0, 36 months,23.13,60000.0,20.48,MORTGAGE,F
2000.0, 36 months,14.85,42000.0,24.77,MORTGAGE,C
15000.0, 36 months,5.32,109000.0,20.37,MORTGAGE,A
16000.0, 60 months,7.49,80000.0,11.72,MORTGAGE,A
7000.0, 36 months,6.99,42000.0,5.57,RENT,A
17150.0, 36 months,8.49,62675.0,27.5,OWN,B
10500.0, 36 months,9.17,32000.0,37.4,OWN,B
7100.0, 36 months,15.77,33000.0,12.87,OWN,D
10000.0, 60 months,9.17,73000.0,2.76,OWN,B
10500.0, 36 months,8.38,50500.0,33.11,MORTGAGE,B
6000.0, 36 months,11.48,100000.0,13.78,RENT,B
15000.0, 36 months,10.64,77546.57,25.21,MORTGAGE,B
6000.0, 36 months,10.78,55000.0,11.15,RENT,B
3000.0, 36 months,9.17,85000.0,12.42,MORTGAGE,B
15000.0, 60 months,12.88,70000.0,28.41,MORTGAGE,C
20000.0, 60 months,20.5,67500.0,24.78,MORTGAGE,E
16000.0, 60 months,15.41,105000.0,10.19,MORTGAGE,D
11100.0, 36 months,9.76,31782.0,21.79,RENT,B
18000.0, 36 months,6.49,174000.0,17.03,MORTGAGE,A
3750.0, 36 months,16.59,30000.0,18.88,RENT,D
24000.0, 36 months,7.49,100000.0,28.7,RENT,A
12000.0, 36 months,14.85,80000.0,31.37,RENT,C
24000.0, 60 months,9.17,72000.0,21.57,MORTGAGE,B
6500.0, 36 months,7.89,45000.0,28.43,MORTGAGE,A
25000.0, 60 months,19.89,80000.0,21.98,MORTGAGE,E
13000.0, 36 months,6.99,54000.0,18.82,RENT,A
11000.0, 36 months,5.32,85000.0,3.97,MORTGAGE,A
25000.0, 60 months,17.86,102000.0,15.87,OWN,D
18400.0, 60 months,24.24,40000.0,31.32,RENT,F
2000.0, 36 months,11.99,75000.0,20.36,RENT,C
24000.0, 60 months,14.85,110000.0,18.23,OWN,C
13150.0, 36 months,14.85,63700.0,16.26,RENT,C
24000.0, 60 months,11.99,160000.0,24.08,RENT,C
4000.0, 36 months,9.8,47000.0,19.59,MORTGAGE,B
19200.0, 36 months,7.49,95000.0,16.94,MORTGAGE,A
8150.0, 36 months,13.67,35000.0,31.93,MORTGAGE,C
30000.0, 36 months,7.91,134000.0,17.1,MORTGAGE,A
15000.0, 36 months,13.99,113900.0,24.58,MORTGAGE,C
1500.0, 36 months,7.49,80000.0,25.87,MORTGAGE,A
5000.0, 36 months,17.27,100000.0,31.1,MORTGAGE,D
20000.0, 36 months,11.48,120000.0,13.83,MORTGAGE,B
11875.0, 60 months,15.77,43000.0,26.96,OWN,D
18000.0, 60 months,11.99,120000.0,19.46,MORTGAGE,C
2000.0, 36 months,6.49,98000.0,23.11,MORTGAGE,A
9600.0, 36 months,11.48,60000.0,13.84,RENT,B
29500.0, 60 months,10.64,125000.0,17.56,RENT,B
5000.0, 36 months,11.22,78000.0,6.88,MORTGAGE,B
18000.0, 36 months,9.8,250000.0,14.24,MORTGAGE,B
16000.0, 60 months,11.22,110000.0,17.75,MORTGAGE,B
4200.0, 36 months,7.49,90000.0,24.85,MORTGAGE,A
22450.0, 60 months,18.99,74000.0,33.18,MORTGAGE,E
22800.0, 60 months,23.13,60000.0,8.5,OWN,F
8000.0, 36 months,7.49,75000.0,18.6,RENT,A
4500.0, 36 months,11.99,64000.0,27.45,OWN,C
19250.0, 60 months,19.48,80000.0,26.81,MORTGAGE,E
15000.0, 60 months,7.91,90000.0,17.07,RENT,A
20000.0, 36 months,9.17,130000.0,12.77,RENT,B
30000.0, 60 months,18.49,103000.0,22.36,MORTGAGE,D
7000.0, 36 months,5.32,29500.0,11.92,OWN,A
30000.0, 36 months,9.8,99933.34,17.08,MORTGAGE,B
7000.0, 36 months,7.91,53185.0,11.59,MORTGAGE,A
2800.0, 36 months,12.88,75000.0,3.44,RENT,C
5000.0, 36 months,6.89,65000.0,33.4,MORTGAGE,A
23000.0, 60 months,15.41,85000.0,20.98,MORTGAGE,D
35000.0, 36 months,12.88,82000.0,18.66,RENT,C
18475.0, 60 months,16.59,110000.0,12.75,RENT,D
24000.0, 36 months,13.99,78600.0,11.36,MORTGAGE,C
22400.0, 60 months,17.97,70000.0,39.04,RENT,D
16000.0, 36 months,9.17,165000.0,16.2,RENT,B
34075.0, 60 months,12.59,71000.0,15.01,MORTGAGE,C
14000.0, 36 months,6.89,85000.0,15.42,MORTGAGE,A
9650.0, 36 months,12.88,55500.0,15.18,RENT,C
24000.0, 60 months,9.8,85000.0,23.17,MORTGAGE,B
2200.0, 36 months,9.17,33000.0,38.33,RENT,B
10000.0, 36 months,6.89,30000.0,9.96,RENT,A
35000.0, 60 months,13.67,115000.0,10.67,MORTGAGE,C
16000.0, 36 months,14.85,120000.0,8.51,MORTGAGE,C
6000.0, 36 months,6.24,24948.0,24.24,OWN,A
18000.0, 36 months,11.48,160000.0,19.42,MORTGAGE,B
15000.0, 60 months,11.48,75000.0,31.58,RENT,B
20000.0, 36 months,13.44,65000.0,25.99,MORTGAGE,C
3000.0, 36 months,6.89,40000.0,3.36,MORTGAGE,A
5000.0, 36 months,11.48,17000.0,27.9,RENT,B
3600.0, 36 months,11.48,97000.0,18.93,MORTGAGE,B
4500.0, 36 months,13.44,42000.0,23.49,OWN,C
11200.0, 60 months,18.99,33000.0,36.62,MORTGAGE,E
11200.0, 60 months,18.49,29700.0,38.02,RENT,D
6000.0, 36 months,7.49,67000.0,12.7,MORTGAGE,A
28000.0, 36 months,5.32,162000.0,13.52,MORTGAGE,A
30000.0, 36 months,16.59,100000.0,30.3,MORTGAGE,D
24000.0, 60 months,13.99,70000.0,26.54,RENT,C
6000.0, 36 months,11.48,48000.0,2.83,OWN,B
27500.0, 36 months,12.59,139000.0,15.87,RENT,C
9000.0, 36 months,14.85,51000.0,10.59,RENT,C
3000.0, 36 months,10.78,17000.0,16.6,RENT,B
8000.0, 36 months,12.59,75238.0,8.79,RENT,C
8000.0, 36 months,17.27,27479.0,38.71,OWN,D
21000.0, 36 months,12.88,112000.0,27.01,MORTGAGE,C
5000.0, 36 months,9.17,53000.0,22.37,OWN,B
5000.0, 36 months,13.18,60000.0,2.21,MORTGAGE,C
18000.0, 36 months,9.8,70000.0,24.29,OWN,B
27425.0, 36 months,16.59,79500.0,29.71,RENT,D
9375.0, 36 months,18.49,83000.0,19.27,MORTGAGE,D
28000.0, 60 months,20.5,84000.0,37.26,RENT,E
16000.0, 60 months,8.38,100000.0,34.17,RENT,B
12000.0, 36 months,5.32,72000.0,19.78,MORTGAGE,A
3000.0, 36 months,9.76,59000.0,16.76,RENT,B
22025.0, 36 months,18.99,145000.0,18.56,RENT,E
20000.0, 36 months,6.49,65000.0,25.48,MORTGAGE,A
12000.0, 60 months,13.18,50000.0,27.72,MORTGAGE,C
1000.0, 36 months,12.59,72000.0,14.03,RENT,C
20000.0, 36 months,14.85,110000.0,18.72,RENT,C
6000.0, 36 months,7.89,73000.0,7.89,RENT,A
16000.0, 60 months,11.22,82000.0,16.39,MORTGAGE,B
7000.0, 36 months,8.49,41700.0,18.33,MORTGAGE,B
11450.0, 60 months,23.13,53000.0,32.22,RENT,F
35000.0, 36 months,13.99,85000.0,30.51,MORTGAGE,C
7200.0, 36 months,8.49,68000.0,3.0,MORTGAGE,B
5000.0, 36 months,7.91,79000.0,39.83,MORTGAGE,A
10000.0, 36 months,10.78,61500.0,24.37,MORTGAGE,B
19200.0, 60 months,10.64,51000.0,31.22,RENT,B
18000.0, 60 months,13.99,90500.0,29.35,MORTGAGE,C
15000.0, 60 months,13.44,100000.0,37.87,MORTGAGE,C
5000.0, 36 months,9.76,70000.0,19.94,RENT,B
20000.0, 36 months,5.32,145000.0,8.37,OWN,A
35000.0, 36 months,7.91,75000.0,19.09,RENT,A
3000.0, 36 months,12.88,27300.0,21.76,MORTGAGE,C
2000.0, 36 months,11.99,90000.0,21.08,RENT,C
15000.0, 60 months,13.44,53000.0,34.4,OWN,C
21000.0, 36 months,10.64,78000.0,19.52,MORTGAGE,B
12000.0, 36 months,8.49,36000.0,24.57,RENT,B
16000.0, 36 months,5.32,130000.0,19.87,MORTGAGE,A
8450.0, 36 months,16.59,50000.0,30.32,MORTGAGE,D
3000.0, 36 months,6.49,35000.0,12.35,MORTGAGE,A
12000.0, 36 months,9.8,48500.0,28.95,MORTGAGE,B
20000.0, 60 months,13.67,55000.0,31.79,RENT,C
6000.0, 36 months,7.49,94500.0,20.77,MORTGAGE,A
14000.0, 60 months,16.59,50000.0,33.58,MORTGAGE,D
15000.0, 36 months,10.78,124000.0,14.26,MORTGAGE,B
20000.0, 36 months,8.38,88000.0,24.74,RENT,B
15250.0, 36 months,17.27,114000.0,10.37,MORTGAGE,D
9000.0, 36 months,13.44,48000.0,16.63,RENT,C
20000.0, 36 months,12.59,49400.0,22.42,OWN,C
9000.0, 36 months,9.17,62000.0,19.32,RENT,B
15000.0, 36 months,5.32,102000.0,7.7,OWN,A
13500.0, 36 months,7.89,40000.0,17.72,MORTGAGE,A
7750.0, 36 months,9.17,80000.0,4.74,RENT,B
15000.0, 60 months,12.88,82000.0,11.06,RENT,C
10500.0, 36 months,8.49,60000.0,15.39,MORTGAGE,B
5000.0, 36 months,6.99,51782.0,21.62,MORTGAGE,A
3000.0, 36 months,10.64,60000.0,30.04,MORTGAGE,B
10000.0, 36 months,11.99,90000.0,25.12,RENT,C
5000.0, 36 months,10.78,40000.0,20.97,RENT,B
9525.0, 36 months,7.89,80000.0,17.79,RENT,A
16200.0, 60 months,24.24,45000.0,28.16,RENT,F
10000.0, 36 months,9.8,78000.0,12.28,RENT,B
35000.0, 36 months,7.89,149000.0,18.78,RENT,A
8000.0, 36 months,7.89,30000.0,25.44,MORTGAGE,A
22000.0, 36 months,7.91,90000.0,17.59,RENT,A
19400.0, 60 months,17.97,78000.0,17.17,MORTGAGE,D
19575.0, 60 months,13.18,70000.0,11.37,MORTGAGE,C
21850.0, 60 months,17.27,65000.0,12.74,MORTGAGE,D
19675.0, 60 months,16.59,82000.0,17.77,MORTGAGE,D
21575.0, 60 months,17.57,85000.0,31.44,RENT,D
12000.0, 36 months,11.48,75000.0,20.93,MORTGAGE,B
8000.0, 36 months,11.48,100000.0,19.88,RENT,B
24000.0, 60 months,13.44,80000.0,12.35,MORTGAGE,C
10000.0, 36 months,5.32,82000.0,13.48,MORTGAGE,A
20000.0, 60 months,9.8,52000.0,17.75,MORTGAGE,B
4800.0, 36 months,15.77,47000.0,2.3,RENT,D
13000.0, 36 months,6.99,50000.0,22.59,RENT,A
21000.0, 36 months,9.17,80000.0,14.69,RENT,B
18000.0, 60 months,18.99,40000.0,39.3,OWN,E
8175.0, 36 months,13.99,24000.0,3.95,RENT,C
10000.0, 36 months,9.8,38000.0,33.95,MORTGAGE,B
2000.0, 36 months,13.44,38000.0,31.3,MORTGAGE,C
20000.0, 60 months,13.44,120000.0,9.6,MORTGAGE,C
6700.0, 36 months,9.76,32000.0,19.95,RENT,B
24000.0, 60 months,13.44,85000.0,21.93,RENT,C
8000.0, 36 months,7.49,46000.0,19.7,RENT,A
32000.0, 36 months,11.99,88000.0,22.48,RENT,C
16325.0, 36 months,18.99,142000.0,19.89,MORTGAGE,E
3800.0, 36 months,11.99,25196.0,10.62,RENT,C
25000.0, 36 months,8.49,102000.0,7.66,MORTGAGE,B
5300.0, 36 months,11.99,62000.0,16.34,MORTGAGE,C
21000.0, 36 months,11.48,132000.0,16.94,MORTGAGE,B
10000.0, 36 months,15.41,88000.0,29.92,MORTGAGE,D
5300.0, 36 months,10.64,50000.0,15.79,OWN,B
11450.0, 60 months,19.99,53000.0,32.02,MORTGAGE,E
6050.0, 36 months,17.97,48000.0,36.0,RENT,D
10000.0, 36 months,11.48,30048.0,17.85,RENT,B
13500.0, 36 months,6.49,105000.0,13.27,RENT,A
19825.0, 36 months,16.99,187920.0,24.98,MORTGAGE,D
20000.0, 36 months,16.59,115000.0,14.35,MORTGAGE,D
16000.0, 60 months,13.99,40000.0,30.81,MORTGAGE,C
18000.0, 60 months,14.85,48000.0,19.76,RENT,C
13825.0, 36 months,13.67,38000.0,21.76,MORTGAGE,C
18000.0, 60 months,7.91,72000.0,24.02,MORTGAGE,A
21000.0, 36 months,14.85,120000.0,31.99,RENT,C
12000.0, 36 months,5.32,128000.0,13.28,MORTGAGE,A
35000.0, 36 months,14.85,150000.0,14.12,RENT,C
5500.0, 36 months,8.49,72800.0,16.63,RENT,B
10000.0, 36 months,9.17,28000.0,20.87,RENT,B
20000.0, 60 months,20.5,90000.0,6.61,MORTGAGE,E
16775.0, 36 months,19.89,60000.0,35.26,MORTGAGE,E
24950.0, 36 months,10.78,65000.0,15.95,MORTGAGE,B
24000.0, 60 months,13.99,115000.0,17.71,MORTGAGE,C
3200.0, 36 months,12.88,43000.0,15.99,MORTGAGE,C
28000.0, 36 months,15.41,130000.0,16.15,RENT,D
13000.0, 36 months,11.99,44000.0,13.78,RENT,C
7000.0, 36 months,5.32,133000.0,3.41,RENT,A
5000.0, 36 months,15.41,99000.0,14.23,RENT,D
11500.0, 36 months,12.88,75000.0,11.57,OWN,C
25000.0, 36 months,11.99,80000.0,23.82,RENT,C
18000.0, 36 months,11.48,45000.0,20.48,MORTGAGE,B
6025.0, 36 months,12.88,29000.0,34.89,RENT,C
11000.0, 36 months,12.88,35000.0,13.93,RENT,C
20000.0, 60 months,23.13,65000.0,33.77,MORTGAGE,F
11000.0, 36 months,10.78,40000.0,10.74,RENT,B
2750.0, 36 months,11.48,104000.0,24.65,MORTGAGE,B
4000.0, 36 months,11.99,28000.0,23.23,RENT,C
13800.0, 36 months,11.99,50000.0,19.49,MORTGAGE,C
30000.0, 60 months,12.88,127000.0,19.29,MORTGAGE,C
14400.0, 60 months,12.88,107325.0,33.17,MORTGAGE,C
15000.0, 60 months,19.48,128000.0,13.61,MORTGAGE,E
5000.0, 36 months,7.89,117500.0,7.51,RENT,A
20000.0, 36 months,5.32,103000.0,18.91,MORTGAGE,A
7000.0, 36 months,11.22,36200.0,14.16,RENT,B
35000.0, 60 months,16.59,139000.0,14.95,MORTGAGE,D
3000.0, 36 months,11.48,105000.0,12.09,MORTGAGE,B
3200.0, 36 months,12.88,12000.0,13.6,RENT,C
10000.0, 36 months,8.49,99000.0,7.5,MORTGAGE,B
1400.0, 36 months,9.8,52000.0,20.01,MORTGAGE,B
7600.0, 36 months,14.48,65000.0,14.86,MORTGAGE,C
11325.0, 36 months,19.89,43751.0,22.06,MORTGAGE,E
2000.0, 36 months,11.99,104000.0,9.14,RENT,C
3000.0, 36 months,7.89,38000.0,27.55,MORTGAGE,A
15000.0, 36 months,10.78,35000.0,30.98,MORTGAGE,B
10000.0, 36 months,19.48,150000.0,14.89,MORTGAGE,E
2000.0, 36 months,12.59,94000.0,6.19,MORTGAGE,C
15000.0, 60 months,18.49,36500.0,38.21,RENT,D
12000.0, 36 months,6.24,75000.0,13.83,RENT,A
12500.0, 36 months,7.49,100000.0,23.32,MORTGAGE,A
10000.0, 60 months,19.48,62000.0,29.55,MORTGAGE,E
35000.0, 36 months,11.48,112000.0,15.66,MORTGAGE,B
4000.0, 36 months,11.99,130000.0,11.35,MORTGAGE,C
21000.0, 36 months,7.89,150000.0,11.49,RENT,A
16000.0, 60 months,16.59,50000.0,32.69,RENT,D
14400.0, 60 months,10.64,48000.0,21.23,RENT,B
8000.0, 36 months,7.91,60000.0,10.12,MORTGAGE,A
20000.0, 60 months,18.2,75000.0,15.95,MORTGAGE,E
5000.0, 36 months,6.49,32000.0,22.58,OWN,A
10825.0, 60 months,15.77,65000.0,15.68,RENT,D
10000.0, 36 months,9.76,37291.0,23.74,RENT,B
13800.0, 60 months,18.49,86000.0,21.2,MORTGAGE,E
18000.0, 60 months,13.44,55000.0,17.48,RENT,C
25000.0, 60 months,15.77,58000.0,20.57,MORTGAGE,D
3000.0, 36 months,14.85,70000.0,8.81,RENT,C
35000.0, 60 months,27.49,111216.0,27.21,RENT,G
15000.0, 36 months,9.8,66000.0,28.04,RENT,B
22000.0, 36 months,11.99,83000.0,24.6,MORTGAGE,C
7000.0, 36 months,11.48,30000.0,12.12,RENT,B
10000.0, 60 months,23.13,30000.0,19.92,RENT,F
12000.0, 36 months,9.17,39400.0,26.32,MORTGAGE,B
35000.0, 36 months,9.17,71265.0,21.67,MORTGAGE,B
4800.0, 36 months,11.99,62000.0,10.41,MORTGAGE,C
7000.0, 36 months,10.64,45000.0,28.4,OWN,B
16225.0, 36 months,15.77,55000.0,17.94,MORTGAGE,D
10000.0, 36 months,7.49,27788.0,12.83,RENT,A
15000.0, 36 months,9.17,50000.0,28.15,RENT,B
12000.0, 36 months,7.49,58245.0,27.36,MORTGAGE,A
15000.0, 36 months,11.22,65000.0,23.5,RENT,B
19000.0, 36 months,9.8,52800.0,23.02,MORTGAGE,B
35000.0, 36 months,8.49,175000.0,16.33,MORTGAGE,B
12000.0, 36 months,15.77,40000.0,25.98,MORTGAGE,D
32000.0, 60 months,17.97,115000.0,20.47,MORTGAGE,D
23450.0, 36 months,15.77,69000.0,26.77,RENT,D
1750.0, 36 months,14.48,44156.0,13.37,RENT,C
3000.0, 36 months,12.88,69922.0,38.86,RENT,C
28000.0, 60 months,18.49,75000.0,31.88,MORTGAGE,D
24000.0, 36 months,9.8,65000.0,29.12,RENT,B
1000.0, 36 months,16.55,65000.0,31.78,RENT,D
10000.0, 36 months,15.77,32000.0,38.3,RENT,D
7000.0, 36 months,11.22,48000.0,1.2,RENT,B
35000.0, 60 months,18.99,90000.0,22.97,RENT,E
10000.0, 36 months,11.99,85000.0,9.42,RENT,C
9500.0, 36 months,6.49,126500.0,8.67,MORTGAGE,A
10800.0, 36 months,10.78,68000.0,25.41,RENT,B
24000.0, 36 months,8.49,102000.0,16.93,MORTGAGE,B
23100.0, 60 months,17.97,55000.0,7.72,OWN,D
6000.0, 36 months,11.99,33680.0,15.87,MORTGAGE,C
21000.0, 36 months,16.99,185000.0,21.54,MORTGAGE,D
4000.0, 36 months,13.18,84012.0,18.15,MORTGAGE,C
4800.0, 36 months,14.85,36000.0,34.77,RENT,C
10000.0, 36 months,10.78,41600.0,15.78,MORTGAGE,B
19200.0, 36 months,6.99,96000.0,21.59,MORTGAGE,A
1000.0, 36 months,11.48,30000.0,34.32,MORTGAGE,B
25000.0, 60 months,18.99,37856.0,23.17,MORTGAGE,E
21000.0, 36 months,11.99,63000.0,28.69,MORTGAGE,C
7500.0, 36 months,12.59,39000.0,13.03,RENT,C
4900.0, 36 months,11.48,31000.0,10.76,RENT,B
3700.0, 36 months,12.88,65000.0,20.81,OWN,C
3000.0, 36 months,11.48,26000.0,14.4,MORTGAGE,B
8000.0, 36 months,7.89,50000.0,28.9,RENT,A
16000.0, 36 months,13.67,60000.0,3.62,RENT,C
10000.0, 36 months,9.17,70000.0,6.33,OWN,B
12000.0, 36 months,13.99,72500.0,7.71,RENT,C
16000.0, 36 months,10.78,63000.0,35.19,RENT,B
26400.0, 36 months,7.49,65000.0,23.97,MORTGAGE,A
12000.0, 36 months,13.99,50000.0,20.31,RENT,C
8000.0, 36 months,5.32,48000.0,12.65,MORTGAGE,A
5000.0, 36 months,16.55,16000.0,20.86,RENT,D
8400.0, 36 months,11.22,26000.0,26.57,RENT,B
11175.0, 36 months,9.17,142654.66,9.3,RENT,B
7500.0, 36 months,16.59,50000.0,26.76,OWN,D
28000.0, 60 months,17.27,100000.0,10.32,MORTGAGE,D
6000.0, 36 months,7.49,99000.0,20.18,RENT,A
15000.0, 36 months,6.99,145000.0,17.98,MORTGAGE,A
8400.0, 36 months,9.8,70000.0,22.92,RENT,B
20175.0, 36 months,9.76,70000.0,8.71,RENT,B
8025.0, 36 months,11.22,57000.0,20.44,MORTGAGE,B
9000.0, 36 months,8.38,46500.0,24.73,MORTGAGE,B
35000.0, 36 months,13.99,75000.0,18.19,OWN,C
35000.0, 60 months,16.55,100000.0,33.79,MORTGAGE,D
33600.0, 60 months,19.99,75000.0,7.1,RENT,E
11000.0, 36 months,9.17,106000.0,15.68,RENT,B
10000.0, 36 months,12.59,55000.0,21.78,MORTGAGE,C
15000.0, 36 months,14.85,37534.44,31.44,MORTGAGE,C
35000.0, 36 months,13.44,80000.0,25.67,OWN,C
8000.0, 36 months,10.78,45000.0,21.23,MORTGAGE,B
5600.0, 36 months,9.8,50000.0,28.04,RENT,B
35000.0, 36 months,17.27,98000.0,19.74,MORTGAGE,D
27275.0, 60 months,21.48,62000.0,14.75,RENT,E
22500.0, 60 months,27.49,59000.0,34.83,RENT,G
20000.0, 60 months,11.99,65000.0,21.18,MORTGAGE,C
15000.0, 60 months,17.27,33280.0,29.82,RENT,D
5000.0, 36 months,6.99,41000.0,22.78,RENT,A
18000.0, 36 months,14.48,60000.0,13.06,RENT,C
30000.0, 36 months,13.44,114000.0,30.78,MORTGAGE,C
18000.0, 60 months,19.48,150000.0,9.39,RENT,E
10725.0, 36 months,13.44,40000.0,35.41,RENT,C
5000.0, 36 months,14.85,38500.0,15.55,RENT,C
2250.0, 36 months,8.49,60000.0,16.88,MORTGAGE,B
20925.0, 36 months,18.49,65000.0,20.66,MORTGAGE,D
5000.0, 36 months,13.44,79000.0,12.7,RENT,C
10200.0, 36 months,19.48,30000.0,17.76,RENT,E
24000.0, 60 months,16.59,109000.0,32.05,RENT,D
9600.0, 36 months,10.78,96000.0,14.71,MORTGAGE,B
8000.0, 36 months,9.17,60000.0,29.66,RENT,B
24000.0, 36 months,7.91,100000.0,26.83,MORTGAGE,A
21000.0, 60 months,14.85,120000.0,18.79,MORTGAGE,C
10000.0, 36 months,11.99,135000.0,15.75,RENT,C
20000.0, 36 months,7.89,84000.0,7.14,MORTGAGE,A
20000.0, 36 months,9.8,75000.0,23.45,RENT,B
10000.0, 60 months,19.99,92000.0,1.81,MORTGAGE,E
21550.0, 60 months,19.48,65000.0,21.96,RENT,E
15000.0, 36 months,9.76,88000.0,36.21,MORTGAGE,B
13000.0, 36 months,7.89,60000.0,8.7,RENT,A
26350.0, 60 months,19.99,82000.0,23.97,MORTGAGE,E
18500.0, 36 months,9.76,150000.0,11.35,OWN,B
2400.0, 36 months,17.27,52000.0,28.38,MORTGAGE,D
20000.0, 60 months,18.49,80000.0,17.53,MORTGAGE,D
25000.0, 36 months,7.91,55000.0,10.54,MORTGAGE,A
6000.0, 36 months,9.8,61800.0,11.55,RENT,B
10575.0, 36 months,13.44,44000.0,24.58,MORTGAGE,C
10300.0, 36 months,6.99,32000.0,32.24,RENT,A
5000.0, 36 months,9.17,150000.0,2.95,MORTGAGE,B
10000.0, 36 months,7.91,125000.0,17.89,OWN,A
5400.0, 36 months,9.8,80000.0,18.17,RENT,B
13200.0, 36 months,7.89,80000.0,12.82,MORTGAGE,A
17000.0, 60 months,10.64,47500.0,18.06,RENT,B
15000.0, 36 months,9.17,60000.0,28.2,RENT,B
5000.0, 36 months,7.49,80000.0,24.15,RENT,A
30000.0, 36 months,9.8,65000.0,29.58,RENT,B
7000.0, 36 months,10.64,70000.0,7.27,MORTGAGE,B
9600.0, 36 months,10.78,70000.0,17.07,MORTGAGE,B
8000.0, 36 months,11.22,38500.0,17.86,RENT,B
2500.0, 36 months,13.99,68000.0,18.64,MORTGAGE,C
21000.0, 60 months,11.48,60000.0,30.18,MORTGAGE,B
3600.0, 36 months,11.22,37700.0,7.01,RENT,B
7000.0, 36 months,12.59,40000.0,17.55,MORTGAGE,C
13975.0, 36 months,19.48,62000.0,17.56,RENT,E
15000.0, 60 months,17.97,55000.0,16.17,RENT,D
30000.0, 36 months,7.89,110000.0,21.58,RENT,A
20000.0, 36 months,7.91,122000.0,19.6,OWN,A
20000.0, 36 months,7.89,200000.0,28.08,MORTGAGE,A
25000.0, 36 months,5.32,80000.0,19.4,MORTGAGE,A
35000.0, 36 months,8.38,97379.0,14.44,MORTGAGE,B
9500.0, 36 months,15.77,28000.0,27.95,RENT,D
7200.0, 36 months,11.99,25000.0,13.06,OWN,C
21600.0, 60 months,19.48,121000.0,19.93,MORTGAGE,E
9450.0, 36 months,13.44,22500.0,36.85,OWN,C
10000.0, 36 months,7.49,60000.0,26.02,MORTGAGE,A
12000.0, 60 months,11.99,70000.0,8.88,MORTGAGE,C
9000.0, 36 months,11.99,55120.0,6.9,OWN,C
10000.0, 60 months,18.49,55000.0,30.29,RENT,D
3700.0, 36 months,10.78,35200.0,33.24,OWN,B
12000.0, 36 months,10.78,86308.0,19.13,RENT,B
10000.0, 36 months,9.17,45000.0,12.21,OWN,B
6000.0, 36 months,16.59,85000.0,21.5,RENT,D
28000.0, 36 months,10.78,111000.0,18.31,RENT,B
23100.0, 60 months,17.86,90000.0,39.99,MORTGAGE,D
19625.0, 36 months,18.49,79500.0,18.9,MORTGAGE,D
24000.0, 36 months,13.18,75085.0,18.94,RENT,C
15000.0, 36 months,13.44,196000.0,12.74,RENT,C
35000.0, 36 months,12.88,101000.0,13.03,MORTGAGE,C
10000.0, 36 months,7.89,110000.0,21.31,MORTGAGE,A
34500.0, 60 months,18.2,75000.0,24.98,MORTGAGE,E
20000.0, 36 months,8.38,300000.0,4.58,MORTGAGE,B
15300.0, 36 months,8.49,87000.0,12.0,OWN,B
24000.0, 60 months,17.97,100000.0,23.22,MORTGAGE,D
10000.0, 36 months,14.85,32600.0,13.15,MORTGAGE,C
8000.0, 36 months,7.89,80000.0,10.49,RENT,A
21475.0, 36 months,11.48,65000.0,19.44,MORTGAGE,B
2000.0, 36 months,18.49,19000.0,7.33,RENT,D
7000.0, 36 months,14.85,85000.0,12.24,RENT,C
5400.0, 36 months,11.99,15000.0,25.04,OWN,C
5000.0, 36 months,9.76,18696.0,31.45,MORTGAGE,B
8000.0, 36 months,10.78,45000.0,14.16,RENT,B
6000.0, 36 months,12.59,24000.0,23.45,RENT,C
21000.0, 36 months,6.89,93000.0,18.18,MORTGAGE,A
10000.0, 36 months,13.18,80000.0,23.73,RENT,C
3600.0, 36 months,9.17,70000.0,8.08,MORTGAGE,B
12825.0, 36 months,12.59,69000.0,29.03,MORTGAGE,C
15000.0, 36 months,11.99,65000.0,17.56,MORTGAGE,C
25000.0, 36 months,7.91,124000.0,23.61,MORTGAGE,A
10000.0, 36 months,9.17,65000.0,13.2,MORTGAGE,B
10000.0, 36 months,11.48,72000.0,38.87,OWN,B
10000.0, 36 months,12.88,113000.0,21.59,MORTGAGE,C
28000.0, 60 months,15.77,105000.0,31.83,MORTGAGE,D
12000.0, 36 months,9.8,65000.0,7.37,MORTGAGE,B
13000.0, 36 months,5.32,76000.0,7.83,MORTGAGE,A
28000.0, 60 months,8.38,200000.0,21.51,MORTGAGE,B
4000.0, 36 months,9.8,104000.0,17.01,MORTGAGE,B
28000.0, 36 months,6.49,130000.0,15.89,MORTGAGE,A
18000.0, 36 months,7.49,80000.0,11.68,MORTGAGE,A
6000.0, 36 months,10.78,57000.0,18.34,MORTGAGE,B
10000.0, 36 months,6.89,55000.0,22.45,MORTGAGE,A
1800.0, 36 months,14.85,38000.0,37.52,MORTGAGE,C
19400.0, 36 months,19.48,66000.0,39.34,MORTGAGE,E
11200.0, 60 months,17.86,31800.0,31.74,RENT,D
15000.0, 36 months,5.32,85000.0,13.47,MORTGAGE,A
15000.0, 60 months,13.44,60000.0,18.44,RENT,C
32000.0, 36 months,10.64,500000.0,9.41,MORTGAGE,B
16800.0, 36 months,11.99,50000.0,5.76,RENT,C
19000.0, 36 months,7.91,100686.0,31.48,MORTGAGE,A
10800.0, 36 months,13.99,37000.0,32.18,RENT,C
8675.0, 36 months,19.89,36000.0,33.93,MORTGAGE,E
4900.0, 36 months,13.44,123000.0,25.6,MORTGAGE,C
8650.0, 36 months,12.59,35000.0,28.94,OWN,C
10925.0, 60 months,23.13,58000.0,18.6,RENT,F
28000.0, 60 months,11.99,101000.0,29.81,MORTGAGE,C
6000.0, 36 months,18.49,54744.0,23.96,MORTGAGE,D
27850.0, 36 months,24.24,55702.0,26.18,MORTGAGE,F
28000.0, 36 months,9.17,144800.0,25.82,MORTGAGE,B
7000.0, 36 months,5.32,87600.0,28.59,MORTGAGE,A
24000.0, 36 months,6.99,92000.0,19.83,MORTGAGE,A
31150.0, 36 months,22.45,100000.0,22.3,MORTGAGE,F
10000.0, 36 months,7.91,85000.0,10.77,MORTGAGE,A
5500.0, 36 months,16.55,28500.0,5.18,RENT,D
10800.0, 36 months,16.59,30000.0,11.0,RENT,D
21600.0, 60 months,17.27,85000.0,17.63,MORTGAGE,D
16800.0, 60 months,12.88,80000.0,32.55,OWN,C
6000.0, 36 months,11.99,84000.0,33.17,MORTGAGE,C
16000.0, 60 months,8.49,70000.0,14.19,MORTGAGE,B
9600.0, 36 months,11.99,29000.0,10.16,RENT,C
15500.0, 36 months,10.78,105000.0,21.44,RENT,B
12000.0, 36 months,10.64,115523.0,15.27,RENT,B
2000.0, 36 months,10.78,34000.0,13.94,OWN,B
11000.0, 60 months,17.86,100000.0,11.29,MORTGAGE,D
11400.0, 60 months,18.49,30000.0,36.04,MORTGAGE,E
6800.0, 36 months,13.18,20000.0,20.77,OWN,C
2100.0, 36 months,8.49,39000.0,30.77,RENT,B
15000.0, 36 months,5.32,76000.0,32.98,MORTGAGE,A
11400.0, 36 months,9.17,52000.0,9.07,RENT,B
8000.0, 36 months,13.99,90000.0,2.55,OWN,C
12000.0, 36 months,9.17,110000.0,24.61,MORTGAGE,B
21000.0, 60 months,9.8,125000.0,6.2,RENT,B
8000.0, 36 months,8.38,475000.0,13.0,RENT,B
22225.0, 36 months,16.59,70000.0,22.27,OWN,D
6600.0, 36 months,10.78,71000.0,10.6,RENT,B
25000.0, 36 months,5.32,99000.0,18.47,RENT,A
9600.0, 36 months,5.32,65000.0,22.95,MORTGAGE,A
6000.0, 36 months,10.64,45500.0,18.83,MORTGAGE,B
1500.0, 36 months,7.26,60000.0,25.84,MORTGAGE,A
10000.0, 36 months,16.99,39000.0,7.42,OWN,D
6000.0, 36 months,7.89,25000.0,17.67,RENT,A
26000.0, 36 months,7.91,85000.0,24.88,MORTGAGE,A
15000.0, 60 months,13.44,70000.0,26.38,RENT,C
28000.0, 60 months,19.99,95000.0,22.27,MORTGAGE,E
4500.0, 36 months,9.8,39600.0,22.82,MORTGAGE,B
25000.0, 60 months,21.48,98000.0,21.9,MORTGAGE,E
18000.0, 60 months,13.44,72000.0,14.77,RENT,C
9600.0, 36 months,9.17,50000.0,9.65,RENT,B
8400.0, 36 months,8.38,80000.0,7.37,MORTGAGE,B
15000.0, 36 months,14.85,48000.0,7.03,OWN,C
35000.0, 60 months,17.97,99000.0,22.24,MORTGAGE,D
18000.0, 60 months,7.91,200000.0,25.75,MORTGAGE,A
14500.0, 60 months,18.49,42772.0,29.41,RENT,D
30800.0, 60 months,18.49,65000.0,35.56,MORTGAGE,D
15000.0, 60 months,8.49,60000.0,6.52,MORTGAGE,B
16325.0, 36 months,16.99,49000.0,37.11,MORTGAGE,D
4000.0, 36 months,10.78,32220.0,19.66,MORTGAGE,B
20000.0, 36 months,7.91,78000.0,11.32,RENT,A
8650.0, 36 months,19.89,55000.0,25.49,RENT,E
12000.0, 36 months,5.32,72500.0,2.71,MORTGAGE,A
15000.0, 36 months,11.99,60000.0,36.18,MORTGAGE,C
35000.0, 36 months,11.48,200000.0,9.0,RENT,B
18000.0, 36 months,11.99,50000.0,20.4,MORTGAGE,C
1675.0, 36 months,14.85,25000.0,7.63,MORTGAGE,C
35000.0, 36 months,13.99,150000.0,7.27,RENT,C
12000.0, 36 months,5.32,100000.0,4.02,MORTGAGE,A
10000.0, 36 months,9.76,40600.0,15.4,RENT,B
29350.0, 60 months,20.99,70000.0,12.15,MORTGAGE,E
4200.0, 36 months,19.48,60000.0,8.96,RENT,E
28000.0, 36 months,13.18,68000.0,15.41,MORTGAGE,C
7500.0, 36 months,11.22,78000.0,16.03,RENT,B
10775.0, 60 months,19.89,24500.0,24.89,RENT,E
28000.0, 60 months,15.77,90000.0,36.36,MORTGAGE,D
25000.0, 60 months,10.64,105000.0,28.91,MORTGAGE,B
13000.0, 36 months,13.44,85000.0,14.98,MORTGAGE,C
23700.0, 60 months,15.77,62000.0,33.64,RENT,D
10000.0, 36 months,12.59,66200.0,25.67,RENT,C
10000.0, 36 months,5.32,400000.0,17.52,MORTGAGE,A
7500.0, 36 months,15.77,120000.0,16.82,MORTGAGE,D
9600.0, 36 months,7.91,200000.0,6.44,OWN,A
10000.0, 60 months,14.85,44000.0,26.48,MORTGAGE,C
10500.0, 36 months,9.8,65000.0,21.49,MORTGAGE,B
12000.0, 36 months,10.78,62000.0,28.75,MORTGAGE,B
4500.0, 36 months,11.99,60000.0,18.08,RENT,C
15000.0, 60 months,19.89,50000.0,21.87,RENT,E
19600.0, 60 months,15.77,80000.0,18.99,MORTGAGE,D
15000.0, 36 months,9.8,85000.0,12.04,OWN,B
4000.0, 36 months,11.48,44000.0,14.46,RENT,B
5000.0, 36 months,11.22,25000.0,5.71,RENT,B
15000.0, 36 months,5.32,70000.0,4.35,MORTGAGE,A
6000.0, 36 months,9.8,66000.0,8.38,RENT,B
7000.0, 36 months,12.88,37311.0,10.92,RENT,C
29900.0, 36 months,13.18,65000.0,23.2,MORTGAGE,C
6000.0, 36 months,10.78,60000.0,20.56,MORTGAGE,B
2400.0, 36 months,13.99,114000.0,17.02,MORTGAGE,C
7200.0, 36 months,11.22,72000.0,15.52,RENT,B
9000.0, 36 months,10.78,50000.0,24.74,MORTGAGE,B
4000.0, 36 months,10.78,70000.0,28.97,RENT,B
11000.0, 36 months,7.49,33000.0,37.56,OWN,A
23800.0, 36 months,16.99,137280.0,7.0,RENT,D
14000.0, 60 months,19.89,45000.0,28.83,RENT,E
16300.0, 36 months,7.49,100000.0,12.02,MORTGAGE,A
16000.0, 36 months,11.99,97000.0,24.35,MORTGAGE,C
18500.0, 60 months,14.85,75000.0,24.27,MORTGAGE,C
11200.0, 60 months,16.59,97000.0,38.78,MORTGAGE,D
1450.0, 36 months,9.17,35000.0,18.59,MORTGAGE,B
5000.0, 36 months,11.48,32000.0,17.03,RENT,B
10000.0, 36 months,9.17,81000.0,21.84,MORTGAGE,B
10000.0, 36 months,8.49,36000.0,12.07,MORTGAGE,B
10000.0, 36 months,8.38,40000.0,20.24,RENT,B
16000.0, 36 months,10.78,87500.0,13.74,RENT,B
6000.0, 36 months,7.26,60000.0,9.28,MORTGAGE,A
5000.0, 36 months,7.49,45000.0,27.07,MORTGAGE,A
9800.0, 36 months,18.49,46500.0,20.8,RENT,E
19600.0, 36 months,5.32,45000.0,18.63,RENT,A
13200.0, 36 months,10.64,58000.0,13.49,RENT,B
35000.0, 60 months,13.99,91000.0,36.91,RENT,C
5000.0, 36 months,9.17,38000.0,32.41,MORTGAGE,B
16000.0, 36 months,11.99,600000.0,11.02,MORTGAGE,C
18000.0, 60 months,13.44,100000.0,20.78,MORTGAGE,C
20000.0, 36 months,7.91,75000.0,20.67,MORTGAGE,A
24000.0, 36 months,5.32,85000.0,17.89,MORTGAGE,A
14600.0, 60 months,23.13,43000.0,21.83,MORTGAGE,F
20000.0, 60 months,16.99,62000.0,28.05,MORTGAGE,D
7000.0, 36 months,13.67,52000.0,34.25,RENT,C
15000.0, 36 months,7.49,72000.0,5.93,MORTGAGE,A
20000.0, 60 months,14.48,70000.0,16.42,MORTGAGE,C
16000.0, 60 months,17.86,90000.0,20.23,MORTGAGE,D
4400.0, 36 months,16.99,39000.0,36.25,MORTGAGE,D
30500.0, 36 months,14.48,210000.0,20.1,MORTGAGE,C
5000.0, 36 months,10.64,40000.0,27.3,RENT,B
19000.0, 60 months,16.59,55000.0,31.72,MORTGAGE,D
9000.0, 36 months,11.99,80000.0,17.66,MORTGAGE,C
20000.0, 60 months,15.77,109000.0,11.13,MORTGAGE,D
24000.0, 60 months,12.88,73000.0,19.76,RENT,C
16200.0, 60 months,24.24,45000.0,36.17,RENT,F
3000.0, 36 months,16.55,35000.0,9.88,RENT,D
18000.0, 60 months,10.64,85000.0,19.96,RENT,B
10000.0, 36 months,13.44,80000.0,15.56,RENT,C
15000.0, 36 months,11.99,55000.0,11.63,RENT,C
11375.0, 36 months,15.77,45600.0,13.58,MORTGAGE,D
10000.0, 60 months,18.99,70000.0,23.23,MORTGAGE,E
15550.0, 36 months,17.27,85000.0,20.19,RENT,D
25525.0, 36 months,25.99,90000.0,19.63,OWN,F
12000.0, 36 months,10.78,42000.0,36.66,OWN,B
10000.0, 36 months,11.99,150000.0,7.6,MORTGAGE,C
4575.0, 36 months,15.41,38000.0,16.96,RENT,D
16000.0, 60 months,11.48,130000.0,10.53,MORTGAGE,B
10900.0, 36 months,11.99,56640.0,15.85,RENT,C
9600.0, 36 months,14.48,90000.0,20.96,MORTGAGE,C
21000.0, 36 months,6.99,100000.0,18.43,MORTGAGE,A
10000.0, 60 months,12.88,46000.0,27.92,MORTGAGE,C
6000.0, 36 months,5.32,148000.0,25.93,MORTGAGE,A
25000.0, 60 months,9.17,90000.0,9.05,MORTGAGE,B
18000.0, 36 months,6.99,75000.0,13.6,RENT,A
33000.0, 60 months,15.41,103500.0,15.33,MORTGAGE,D
6000.0, 36 months,6.49,50000.0,10.63,MORTGAGE,A
12800.0, 36 months,9.76,52000.0,29.75,RENT,B
11000.0, 36 months,10.78,30000.0,17.44,RENT,B
4800.0, 36 months,11.48,57500.0,9.1,MORTGAGE,B
12000.0, 36 months,7.49,88000.0,14.01,MORTGAGE,A
15000.0, 36 months,6.89,52000.0,33.66,MORTGAGE,A
6725.0, 36 months,13.99,72000.0,1.08,MORTGAGE,C
19000.0, 36 months,7.26,50000.0,15.07,MORTGAGE,A
12000.0, 60 months,17.97,40000.0,1.89,MORTGAGE,D
17000.0, 36 months,7.91,70000.0,15.55,RENT,A
5000.0, 36 months,7.91,38000.0,11.78,OWN,A
15000.0, 36 months,11.48,60000.0,24.32,MORTGAGE,B
14400.0, 36 months,12.88,84000.0,5.29,RENT,C
16000.0, 36 months,5.32,125000.0,12.71,RENT,A
5000.0, 36 months,5.32,125000.0,22.21,RENT,A
17650.0, 36 months,13.44,35300.0,24.7,MORTGAGE,C
14000.0, 60 months,9.17,88000.0,10.6,MORTGAGE,B
15000.0, 36 months,9.8,70000.0,25.06,RENT,B
24000.0, 36 months,5.32,140000.0,9.94,MORTGAGE,A
30000.0, 60 months,18.49,95000.0,18.05,MORTGAGE,E
6000.0, 36 months,12.59,35000.0,14.33,MORTGAGE,C
4650.0, 36 months,13.99,45000.0,26.82,RENT,C
10000.0, 60 months,18.99,130000.0,15.93,RENT,E
35000.0, 36 months,7.89,180000.0,21.95,MORTGAGE,A
11900.0, 60 months,17.86,32000.0,17.11,RENT,D
10000.0, 60 months,18.99,50000.0,18.34,OWN,E
13000.0, 36 months,6.49,50000.0,11.21,RENT,A
5300.0, 36 months,10.78,17000.0,14.41,OWN,B
7000.0, 36 months,5.32,55000.0,12.17,RENT,A
10000.0, 36 months,9.8,115000.0,16.04,RENT,B
15000.0, 36 months,8.49,36000.0,28.43,MORTGAGE,B
10125.0, 36 months,13.44,90000.0,25.43,MORTGAGE,C
8000.0, 36 months,12.88,54000.0,19.16,MORTGAGE,C
10000.0, 36 months,10.78,30960.0,27.6,RENT,B
18950.0, 60 months,18.49,53500.0,31.33,RENT,E
4000.0, 36 months,13.67,37500.0,33.89,OWN,C
25000.0, 60 months,17.86,81000.0,27.49,MORTGAGE,D
10000.0, 36 months,15.77,36048.0,31.89,RENT,D
11000.0, 36 months,7.89,53000.0,11.39,MORTGAGE,A
14000.0, 60 months,21.99,30000.0,28.96,MORTGAGE,F
19200.0, 60 months,10.78,65000.0,15.5,RENT,B
8000.0, 36 months,8.49,42000.0,21.57,MORTGAGE,B
20000.0, 36 months,8.49,75000.0,14.69,RENT,B
33000.0, 60 months,26.99,75000.0,23.5,RENT,G
2000.0, 36 months,12.88,36000.0,29.46,MORTGAGE,C
14000.0, 36 months,6.89,90000.0,15.09,MORTGAGE,A
12500.0, 36 months,11.99,45000.0,13.71,MORTGAGE,C
8000.0, 36 months,7.91,38000.0,22.3,MORTGAGE,A
21000.0, 36 months,10.78,81000.0,17.19,MORTGAGE,B
6000.0, 36 months,6.24,52180.0,16.86,RENT,A
35000.0, 60 months,26.06,116500.0,27.31,MORTGAGE,F
25000.0, 36 months,5.32,74000.0,24.04,RENT,A
10000.0, 36 months,11.99,54000.0,19.22,RENT,C
20000.0, 36 months,6.24,120000.0,3.31,MORTGAGE,A
2000.0, 36 months,9.17,75000.0,26.75,RENT,B
15000.0, 36 months,12.88,89000.0,34.58,RENT,C
1200.0, 36 months,17.27,28000.0,16.8,RENT,D
16000.0, 60 months,8.49,85000.0,12.95,RENT,B
13000.0, 36 months,5.32,76000.0,7.47,MORTGAGE,A
13000.0, 36 months,12.88,38000.0,25.89,MORTGAGE,C
20000.0, 36 months,5.32,120000.0,11.39,RENT,A
24725.0, 60 months,25.99,180000.0,0.67,RENT,F
24000.0, 36 months,8.38,200000.0,22.29,MORTGAGE,B
30000.0, 36 months,18.49,94000.0,22.66,MORTGAGE,E
24000.0, 36 months,7.26,118000.0,23.83,MORTGAGE,A
23000.0, 60 months,18.2,50000.0,19.59,OWN,E
6300.0, 36 months,6.99,15612.0,7.84,RENT,A
21000.0, 36 months,11.99,85000.0,19.37,MORTGAGE,C
8000.0, 36 months,7.91,50000.0,12.75,MORTGAGE,A
12000.0, 60 months,12.88,62000.0,21.06,MORTGAGE,C
16800.0, 36 months,7.91,78000.0,13.8,MORTGAGE,A
21600.0, 36 months,13.44,200000.0,11.89,MORTGAGE,C
15275.0, 60 months,17.57,78000.0,25.72,MORTGAGE,D
7000.0, 36 months,9.76,65000.0,20.49,MORTGAGE,B
5000.0, 36 months,11.99,65000.0,11.58,OWN,C
24000.0, 60 months,16.55,72000.0,20.07,MORTGAGE,D
22500.0, 36 months,13.99,45000.0,24.22,RENT,C
18000.0, 36 months,11.48,249000.0,5.6,RENT,B
15000.0, 60 months,17.27,45000.0,30.99,MORTGAGE,D
5600.0, 36 months,11.99,160000.0,19.7,MORTGAGE,C
15000.0, 36 months,11.99,75000.0,27.3,MORTGAGE,C
7800.0, 36 months,6.49,70000.0,26.71,RENT,A
28500.0, 60 months,20.5,80000.0,25.57,OWN,E
10000.0, 36 months,5.32,70000.0,18.76,RENT,A
22500.0, 36 months,14.85,114000.0,9.83,OWN,C
10800.0, 36 months,9.17,42000.0,26.03,RENT,B
10000.0, 36 months,8.49,35000.0,33.54,OWN,B
17750.0, 36 months,13.99,76780.0,13.49,MORTGAGE,C
8000.0, 36 months,7.91,48000.0,24.48,OWN,A
22600.0, 36 months,15.77,53867.0,25.31,MORTGAGE,D
8050.0, 36 months,18.49,16114.0,26.23,OWN,D
32000.0, 60 months,13.67,89110.0,31.81,RENT,C
18725.0, 36 months,13.18,52900.0,24.07,RENT,C
18000.0, 60 months,19.48,43000.0,25.15,MORTGAGE,E
35000.0, 60 months,21.48,150000.0,20.66,MORTGAGE,E
14400.0, 60 months,11.99,80000.0,9.17,MORTGAGE,C
10000.0, 36 months,10.64,40000.0,6.6,OWN,B
7700.0, 36 months,10.64,22176.0,13.2,RENT,B
32000.0, 60 months,15.41,120000.0,15.39,MORTGAGE,D
2000.0, 36 months,9.8,43200.0,35.73,RENT,B
30000.0, 36 months,11.48,145000.0,19.32,OWN,B
24000.0, 36 months,13.99,120000.0,8.91,MORTGAGE,C
13200.0, 36 months,14.48,73000.0,16.34,RENT,C
28000.0, 36 months,5.32,110000.0,11.14,MORTGAGE,A
9000.0, 36 months,8.49,46000.0,18.5,RENT,B
4000.0, 36 months,9.17,55000.0,9.64,MORTGAGE,B
8475.0, 36 months,16.99,61000.0,9.33,OWN,D
20000.0, 36 months,5.32,148000.0,17.01,MORTGAGE,A
6500.0, 36 months,10.78,60000.0,18.52,RENT,B
35000.0, 60 months,16.55,93750.0,32.12,MORTGAGE,D
16000.0, 36 months,9.17,135000.0,28.08,RENT,B
23000.0, 36 months,8.38,65000.0,20.12,MORTGAGE,B
16000.0, 36 months,8.49,100000.0,18.4,MORTGAGE,B
15000.0, 60 months,13.44,129000.0,18.95,OWN,C
12000.0, 36 months,12.88,50000.0,26.84,RENT,C
4975.0, 36 months,11.99,55000.0,11.17,MORTGAGE,C
30000.0, 36 months,14.85,112000.0,19.07,MORTGAGE,C
6000.0, 36 months,10.78,43747.0,22.55,RENT,B
20075.0, 60 months,18.2,120000.0,32.82,MORTGAGE,E
10000.0, 36 months,9.17,118000.0,7.07,MORTGAGE,B
14000.0, 36 months,12.88,80000.0,5.04,RENT,C
2000.0, 36 months,14.85,30000.0,20.6,RENT,C
18000.0, 36 months,9.17,75000.0,15.02,MORTGAGE,B
24000.0, 60 months,16.59,155000.0,16.89,MORTGAGE,D
7000.0, 36 months,9.8,32000.0,20.07,MORTGAGE,B
20000.0, 36 months,7.89,85000.0,6.19,RENT,A
20000.0, 36 months,9.8,96000.0,19.04,OWN,B
20000.0, 36 months,5.32,150000.0,6.53,MORTGAGE,A
8000.0, 36 months,9.17,70000.0,13.73,RENT,B
10000.0, 36 months,12.59,55000.0,33.65,RENT,C
8000.0, 36 months,12.88,78000.0,13.15,MORTGAGE,C
20000.0, 36 months,13.99,72000.0,28.85,MORTGAGE,C
8000.0, 36 months,7.89,67600.0,16.62,RENT,A
15000.0, 36 months,13.99,110000.0,15.66,RENT,C
3600.0, 36 months,13.99,46000.0,18.29,MORTGAGE,C
5000.0, 36 months,7.91,86000.0,17.14,MORTGAGE,A
8000.0, 36 months,10.78,108000.0,15.01,MORTGAGE,B
16000.0, 36 months,5.32,100000.0,23.62,MORTGAGE,A
3000.0, 36 months,11.22,95000.0,8.54,OWN,B
1400.0, 36 months,12.88,89000.0,2.75,MORTGAGE,C
15000.0, 60 months,17.97,50000.0,21.92,RENT,D
12000.0, 60 months,13.67,38000.0,19.24,OWN,C
6950.0, 36 months,12.59,48000.0,20.0,MORTGAGE,C
5000.0, 36 months,9.17,75000.0,16.06,MORTGAGE,B
28000.0, 36 months,6.49,108000.0,14.63,MORTGAGE,A
10000.0, 36 months,13.18,44000.0,13.07,RENT,C
9600.0, 36 months,10.64,46000.0,25.28,MORTGAGE,B
5000.0, 36 months,9.76,125000.0,25.17,MORTGAGE,B
20000.0, 36 months,7.91,70000.0,25.37,OWN,A
35000.0, 36 months,7.89,84000.0,17.88,MORTGAGE,A
5925.0, 36 months,17.97,23000.0,17.28,RENT,D
8000.0, 36 months,11.22,40000.0,26.91,MORTGAGE,B
4000.0, 36 months,7.91,45000.0,19.07,RENT,A
20000.0, 36 months,6.99,130000.0,32.94,MORTGAGE,A
5000.0, 36 months,10.78,75000.0,16.7,OWN,B
20000.0, 60 months,19.48,63000.0,27.31,RENT,E
35000.0, 60 months,9.8,105000.0,2.78,MORTGAGE,B
5000.0, 36 months,9.17,65000.0,15.39,MORTGAGE,B
20000.0, 36 months,11.99,40000.0,22.84,MORTGAGE,C
2500.0, 36 months,9.17,165000.0,8.56,MORTGAGE,B
6000.0, 36 months,9.8,51000.0,26.26,MORTGAGE,B
15000.0, 36 months,16.55,70000.0,34.75,RENT,D
20750.0, 36 months,12.59,98000.0,24.41,MORTGAGE,C
7200.0, 36 months,10.78,65000.0,24.15,OWN,B
22100.0, 60 months,16.55,76832.0,33.6,RENT,D
7000.0, 36 months,9.8,36000.0,21.4,RENT,B
20000.0, 36 months,10.78,60000.0,27.92,MORTGAGE,B
8600.0, 36 months,9.17,42190.0,28.76,MORTGAGE,B
1500.0, 36 months,11.99,40000.0,10.66,RENT,C
8000.0, 36 months,14.48,145600.0,32.19,MORTGAGE,C
21150.0, 36 months,15.77,52000.0,26.17,MORTGAGE,D
25000.0, 60 months,13.99,60000.0,21.16,RENT,C
12000.0, 36 months,11.99,110000.0,15.01,MORTGAGE,C
24000.0, 36 months,10.64,106080.0,11.04,RENT,B
25000.0, 36 months,11.99,70000.0,23.21,MORTGAGE,C
28000.0, 60 months,9.8,118000.0,19.34,MORTGAGE,B
11800.0, 36 months,11.48,83832.0,17.43,OWN,B
15000.0, 60 months,13.44,43500.0,24.61,OWN,C
8000.0, 36 months,10.64,60000.0,33.54,RENT,B
9975.0, 36 months,23.13,31200.0,21.14,OWN,F
18250.0, 60 months,19.89,36500.0,27.52,OWN,E
35000.0, 36 months,7.91,105000.0,19.39,MORTGAGE,A
12000.0, 36 months,8.38,40000.0,13.86,MORTGAGE,B
11000.0, 36 months,11.48,54000.0,10.64,RENT,B
5950.0, 36 months,20.5,71000.0,17.0,MORTGAGE,E
16625.0, 36 months,17.97,70000.0,13.24,MORTGAGE,D
5000.0, 36 months,10.78,40000.0,22.8,RENT,B
16800.0, 36 months,10.78,75000.0,16.18,RENT,B
5000.0, 36 months,11.99,37000.0,34.35,MORTGAGE,C
3600.0, 36 months,6.49,34000.0,11.22,MORTGAGE,A
12000.0, 36 months,9.17,100000.0,12.13,RENT,B
5475.0, 36 months,18.49,21000.0,29.71,RENT,D
9575.0, 36 months,13.44,62000.0,32.93,MORTGAGE,C
25000.0, 36 months,7.26,150000.0,10.23,MORTGAGE,A
12000.0, 36 months,7.89,594000.0,1.85,RENT,A
10800.0, 36 months,10.78,58000.0,11.94,RENT,B
7500.0, 36 months,11.99,65000.0,11.59,RENT,C
20000.0, 60 months,12.88,100000.0,8.41,RENT,C
21000.0, 36 months,8.49,144000.0,20.24,MORTGAGE,B
15000.0, 60 months,11.99,80000.0,15.3,RENT,C
15000.0, 60 months,18.2,51640.0,19.38,MORTGAGE,E
21000.0, 36 months,8.49,120000.0,3.3,MORTGAGE,B
5000.0, 36 months,13.18,100000.0,3.38,RENT,C
15925.0, 60 months,23.13,65000.0,19.46,MORTGAGE,F
20000.0, 36 months,7.91,98000.0,17.79,MORTGAGE,A
20000.0, 36 months,11.99,100000.0,14.89,RENT,C
8000.0, 36 months,8.49,65000.0,16.16,RENT,B
12000.0, 36 months,9.8,31200.0,30.04,OWN,B
10000.0, 60 months,14.48,150000.0,12.21,RENT,C
4000.0, 36 months,7.89,155500.0,16.88,MORTGAGE,A
5000.0, 36 months,13.99,52000.0,29.22,RENT,C
16000.0, 60 months,13.44,80000.0,7.26,MORTGAGE,C
5000.0, 36 months,14.85,64000.0,25.37,RENT,C
20000.0, 36 months,7.49,130000.0,13.5,MORTGAGE,A
31000.0, 60 months,18.49,70000.0,24.11,RENT,D
11750.0, 60 months,28.49,28000.0,22.16,OWN,G
11200.0, 60 months,19.89,45800.0,29.32,RENT,E
6000.0, 36 months,10.78,60000.0,9.82,OWN,B
8500.0, 36 months,9.8,98000.0,5.4,MORTGAGE,B
28000.0, 36 months,7.91,165000.0,14.91,MORTGAGE,A
10000.0, 36 months,9.17,59307.0,32.7,MORTGAGE,B
10000.0, 36 months,10.78,136000.0,12.94,RENT,B
4800.0, 36 months,11.99,45000.0,10.29,RENT,C
21000.0, 60 months,19.48,79500.0,16.91,MORTGAGE,E
18000.0, 36 months,8.38,90000.0,13.2,OWN,B
20000.0, 36 months,11.99,75000.0,20.8,OWN,C
8000.0, 36 months,5.32,40000.0,18.15,MORTGAGE,A
4800.0, 36 months,16.99,30000.0,34.32,MORTGAGE,D
8000.0, 36 months,7.89,35000.0,7.27,RENT,A
12600.0, 60 months,15.41,40000.0,32.76,OWN,D
14000.0, 36 months,5.32,200000.0,8.63,MORTGAGE,A
10000.0, 36 months,17.27,55000.0,39.6,MORTGAGE,D
20000.0, 36 months,6.89,80000.0,14.96,RENT,A
21000.0, 36 months,12.59,98500.0,20.08,RENT,C
11500.0, 36 months,13.44,56000.0,27.26,MORTGAGE,C
15000.0, 36 months,8.49,50000.0,21.24,RENT,B
10000.0, 36 months,11.99,29600.0,32.56,RENT,C
25000.0, 36 months,9.17,76000.0,13.82,RENT,B
6000.0, 36 months,12.88,55000.0,19.38,RENT,C
28000.0, 36 months,9.8,140000.0,23.75,RENT,B
3000.0, 36 months,11.48,62000.0,25.9,MORTGAGE,B
35000.0, 36 months,15.41,98000.0,23.56,MORTGAGE,D
34500.0, 36 months,13.99,75000.0,22.98,MORTGAGE,C
35000.0, 36 months,17.27,87500.0,17.99,MORTGAGE,D
15000.0, 36 months,7.26,50000.0,12.77,OWN,A
15000.0, 36 months,10.64,125000.0,31.36,OWN,B
15000.0, 36 months,11.99,80000.0,11.19,MORTGAGE,C
11200.0, 36 months,11.48,80000.0,26.78,MORTGAGE,B
24000.0, 36 months,6.24,170000.0,8.93,RENT,A
23000.0, 60 months,18.99,81900.0,21.98,MORTGAGE,E
3600.0, 36 months,13.99,55000.0,5.91,MORTGAGE,C
30000.0, 60 months,18.2,110000.0,13.89,MORTGAGE,E
21000.0, 60 months,11.99,52000.0,19.99,MORTGAGE,C
3000.0, 36 months,12.88,35000.0,24.76,MORTGAGE,C
10000.0, 36 months,9.17,70000.0,14.61,MORTGAGE,B
1500.0, 36 months,15.41,13000.0,31.95,RENT,D
5000.0, 36 months,11.99,63000.0,28.8,RENT,C
6500.0, 36 months,8.49,15000.0,14.72,OWN,B
8000.0, 36 months,11.99,45000.0,38.24,RENT,C
2400.0, 36 months,13.67,49500.0,24.15,OWN,C
3900.0, 36 months,21.48,50000.0,20.31,RENT,E
1000.0, 36 months,13.67,20000.0,33.79,RENT,C
15300.0, 60 months,27.31,45000.0,14.91,MORTGAGE,G
24000.0, 36 months,9.17,80000.0,17.44,MORTGAGE,B
24800.0, 36 months,13.99,58200.0,27.19,MORTGAGE,C
24500.0, 36 months,8.49,83700.0,21.82,MORTGAGE,B
19725.0, 36 months,19.89,62000.0,29.44,RENT,E
16000.0, 36 months,5.32,51000.0,19.08,MORTGAGE,A
7000.0, 36 months,11.22,15700.0,20.18,RENT,B
23050.0, 60 months,20.99,60000.0,24.68,MORTGAGE,E
20000.0, 36 months,11.22,69000.0,8.3,MORTGAGE,B
10900.0, 36 months,21.48,37000.0,34.8,RENT,E
4500.0, 36 months,11.99,24000.0,14.05,RENT,C
1500.0, 36 months,14.48,43000.0,17.11,RENT,C
1225.0, 36 months,11.99,3964280.0,0.05,RENT,C
10400.0, 36 months,5.32,40000.0,7.8,MORTGAGE,A
20000.0, 36 months,11.22,92000.0,18.13,MORTGAGE,B
7200.0, 36 months,11.48,99000.0,29.5,OWN,B
21600.0, 60 months,13.67,60000.0,22.68,RENT,C
5000.0, 36 months,9.17,40000.0,18.63,RENT,B
34300.0, 36 months,16.55,78000.0,28.29,RENT,D
9600.0, 36 months,11.99,60000.0,22.58,RENT,C
12000.0, 36 months,15.77,143000.0,3.61,MORTGAGE,D
3000.0, 36 months,15.77,77500.0,25.74,OWN,D
20000.0, 60 months,13.18,55000.0,21.65,OWN,C
25000.0, 36 months,6.24,102500.0,11.92,MORTGAGE,A
12000.0, 60 months,21.99,64199.0,14.68,OWN,F
5000.0, 36 months,17.27,45000.0,19.76,MORTGAGE,D
30000.0, 36 months,17.97,70000.0,20.18,OWN,D
12000.0, 36 months,7.89,65000.0,20.61,MORTGAGE,A
14000.0, 60 months,14.48,62000.0,21.58,MORTGAGE,C
13650.0, 60 months,18.49,144000.0,5.73,MORTGAGE,D
15000.0, 36 months,11.99,81825.0,23.85,RENT,C
24000.0, 36 months,14.48,61605.96,34.91,RENT,C
6400.0, 36 months,13.18,78000.0,22.71,MORTGAGE,C
5000.0, 36 months,11.99,60000.0,13.5,RENT,C
15000.0, 36 months,13.99,150000.0,17.97,RENT,C
10000.0, 36 months,13.99,120000.0,21.24,MORTGAGE,C
24000.0, 36 months,6.24,180000.0,9.35,MORTGAGE,A
16000.0, 36 months,11.99,95000.0,12.35,OWN,C
9000.0, 36 months,11.99,75000.0,12.45,RENT,C
23250.0, 60 months,17.27,58058.0,35.61,RENT,D
12800.0, 36 months,10.64,74000.0,19.46,RENT,B
5000.0, 36 months,6.89,65000.0,30.67,OWN,A
25000.0, 60 months,9.8,75900.0,6.92,MORTGAGE,B
18000.0, 36 months,5.32,90000.0,11.53,MORTGAGE,A
8000.0, 36 months,12.88,58000.0,24.99,OWN,C
8800.0, 36 months,10.78,55000.0,25.57,RENT,B
11000.0, 60 months,13.99,52000.0,5.7,MORTGAGE,C
35000.0, 60 months,18.99,90000.0,10.84,RENT,E
20000.0, 36 months,14.85,91255.0,13.2,RENT,C
24000.0, 36 months,12.59,175000.0,10.67,MORTGAGE,C
4000.0, 36 months,11.99,61054.0,7.45,RENT,C
20000.0, 36 months,9.17,100000.0,11.26,MORTGAGE,B
3500.0, 36 months,11.48,45000.0,10.72,RENT,B
17000.0, 36 months,10.78,48000.0,33.95,OWN,B
5000.0, 36 months,7.49,60000.0,25.76,MORTGAGE,A
14000.0, 36 months,9.17,36000.0,30.14,RENT,B
30000.0, 60 months,21.99,125000.0,18.55,OWN,F
8000.0, 36 months,9.8,46000.0,28.96,RENT,B
35000.0, 60 months,20.5,150000.0,27.68,MORTGAGE,E
6800.0, 36 months,11.99,20000.0,3.0,OWN,C
10000.0, 36 months,7.49,120000.0,4.18,MORTGAGE,A
33100.0, 60 months,24.24,72000.0,23.77,MORTGAGE,F
10525.0, 36 months,18.49,41104.0,38.42,RENT,D
35000.0, 36 months,7.49,232000.0,13.44,RENT,A
25000.0, 60 months,11.99,90000.0,37.0,RENT,C
4000.0, 36 months,9.8,80000.0,4.79,RENT,B
35000.0, 60 months,18.49,132500.0,14.48,MORTGAGE,D
20000.0, 36 months,17.27,50000.0,33.75,MORTGAGE,D
20000.0, 36 months,7.49,105000.0,9.71,RENT,A
7325.0, 36 months,17.86,36000.0,16.23,RENT,D
5600.0, 36 months,10.64,45000.0,29.52,OWN,B
5000.0, 36 months,11.48,42500.0,14.85,MORTGAGE,B
15000.0, 36 months,11.99,97000.0,0.25,OWN,C
28200.0, 36 months,11.99,93000.0,25.78,MORTGAGE,C
12000.0, 60 months,19.99,65000.0,18.15,MORTGAGE,E
10000.0, 36 months,11.48,150000.0,15.83,MORTGAGE,B
5000.0, 36 months,10.78,55000.0,30.98,OWN,B
14400.0, 60 months,9.8,70000.0,11.81,MORTGAGE,B
20000.0, 60 months,15.77,110000.0,23.46,RENT,D
11825.0, 60 months,24.24,85000.0,21.4,RENT,F
3000.0, 36 months,16.99,159000.0,22.47,MORTGAGE,D
15000.0, 60 months,11.99,75000.0,10.96,RENT,C
6025.0, 36 months,12.59,32000.0,9.45,RENT,C
12000.0, 60 months,21.48,160000.0,18.09,MORTGAGE,E
12000.0, 36 months,9.17,200000.0,8.3,OWN,B
2800.0, 36 months,14.85,30639.0,18.76,MORTGAGE,C
5000.0, 36 months,9.17,109000.0,12.74,MORTGAGE,B
3000.0, 36 months,13.44,50740.0,17.24,RENT,C
10000.0, 36 months,9.17,30000.0,11.2,RENT,B
12000.0, 60 months,8.49,75000.0,28.86,MORTGAGE,B
17000.0, 60 months,15.77,74000.0,27.51,MORTGAGE,D
5000.0, 36 months,8.49,157000.0,12.24,MORTGAGE,B
8000.0, 36 months,15.77,52000.0,32.73,RENT,D
24000.0, 36 months,11.48,80000.0,34.98,MORTGAGE,B
7200.0, 36 months,12.88,28000.0,19.25,RENT,C
15000.0, 36 months,11.48,65000.0,23.96,RENT,B
15000.0, 36 months,11.99,68000.0,13.61,RENT,C
15000.0, 36 months,9.76,108000.0,13.08,OWN,B
9800.0, 36 months,10.64,51250.0,12.18,RENT,B
25000.0, 36 months,12.59,110000.0,14.58,MORTGAGE,C
8000.0, 36 months,13.44,34560.0,35.49,MORTGAGE,C
5600.0, 36 months,13.18,50000.0,18.27,MORTGAGE,C
7700.0, 36 months,11.48,90000.0,12.02,RENT,B
12800.0, 36 months,6.49,70000.0,23.93,OWN,A
7500.0, 36 months,6.99,51000.0,18.8,MORTGAGE,A
10000.0, 36 months,11.22,42000.0,14.18,RENT,B
20000.0, 36 months,12.88,47484.0,29.54,OWN,C
15000.0, 60 months,9.8,100350.0,8.6,MORTGAGE,B
12000.0, 36 months,5.32,118000.0,14.06,MORTGAGE,A
25200.0, 60 months,11.48,155000.0,14.21,MORTGAGE,B
12000.0, 36 months,9.8,82000.0,9.34,MORTGAGE,B
21000.0, 36 months,9.17,110000.0,22.5,MORTGAGE,B
13950.0, 60 months,26.99,110000.0,15.78,MORTGAGE,G
23950.0, 36 months,17.97,160000.0,18.41,RENT,D
22000.0, 36 months,15.77,80000.0,19.97,MORTGAGE,D
31200.0, 60 months,18.49,75999.0,12.73,MORTGAGE,E
16975.0, 60 months,22.99,59000.0,29.92,RENT,F
20000.0, 60 months,18.99,65000.0,20.2,MORTGAGE,E
24000.0, 60 months,18.99,75000.0,34.77,MORTGAGE,E
6000.0, 36 months,10.64,29000.0,17.8,OWN,B
4800.0, 36 months,9.17,66000.0,17.85,MORTGAGE,B
7200.0, 36 months,6.99,52000.0,21.85,MORTGAGE,A
24000.0, 36 months,11.48,65000.0,30.39,MORTGAGE,B
15000.0, 36 months,13.44,81000.0,8.4,RENT,C
7800.0, 36 months,9.17,80000.0,12.18,MORTGAGE,B
8550.0, 36 months,13.67,55000.0,8.68,OWN,C
24000.0, 60 months,23.13,104000.0,24.75,MORTGAGE,F
20700.0, 36 months,7.26,100000.0,13.39,MORTGAGE,A
9000.0, 36 months,9.17,55000.0,3.67,RENT,B
8000.0, 36 months,10.78,65000.0,17.66,RENT,B
10000.0, 36 months,11.99,40000.0,10.95,RENT,C
15000.0, 36 months,5.32,49000.0,25.01,RENT,A
18000.0, 36 months,13.99,53000.0,31.66,MORTGAGE,C
8000.0, 36 months,5.32,31500.0,15.62,OWN,A
14075.0, 60 months,24.24,52000.0,38.36,RENT,F
7950.0, 36 months,7.89,29000.0,20.49,RENT,A
2000.0, 36 months,14.48,48000.0,17.05,RENT,C
24000.0, 60 months,19.48,97000.0,7.23,RENT,E
9600.0, 36 months,11.48,160000.0,17.15,MORTGAGE,B
11000.0, 60 months,14.48,32000.0,31.72,RENT,C
5000.0, 36 months,9.17,113000.0,26.45,MORTGAGE,B
10000.0, 36 months,16.59,50000.0,14.21,MORTGAGE,D
18000.0, 60 months,12.59,86000.0,24.5,MORTGAGE,C
15000.0, 36 months,8.49,43500.0,4.33,MORTGAGE,B
24325.0, 36 months,14.85,54080.0,38.9,OWN,C
14000.0, 60 months,8.38,102000.0,6.41,MORTGAGE,B
18000.0, 36 months,9.8,100000.0,18.41,MORTGAGE,B
4900.0, 36 months,18.49,35000.0,21.95,RENT,D
24000.0, 36 months,9.17,90000.0,12.16,MORTGAGE,B
4275.0, 36 months,17.27,38500.0,28.55,MORTGAGE,D
6400.0, 36 months,11.48,33000.0,15.6,RENT,B
10000.0, 36 months,6.89,52000.0,3.0,MORTGAGE,A
5100.0, 36 months,10.64,75000.0,6.96,RENT,B
18000.0, 36 months,11.99,68953.29,21.51,MORTGAGE,C
28000.0, 36 months,7.49,110000.0,8.53,MORTGAGE,A
19200.0, 60 months,15.41,88000.0,12.51,MORTGAGE,D
21000.0, 36 months,9.76,120000.0,12.73,MORTGAGE,B
28000.0, 36 months,11.22,90000.0,20.97,OWN,B
8000.0, 36 months,9.17,56000.0,25.46,OWN,B
5700.0, 36 months,14.48,15000.0,28.32,RENT,C
32000.0, 60 months,23.13,104800.0,14.92,MORTGAGE,F
9600.0, 36 months,12.59,45000.0,9.25,MORTGAGE,C
12000.0, 36 months,9.17,80000.0,18.5,MORTGAGE,B
5000.0, 36 months,7.49,100000.0,21.52,MORTGAGE,A
1600.0, 36 months,13.67,60000.0,32.2,RENT,C
12000.0, 60 months,16.55,97750.0,25.57,MORTGAGE,D
13000.0, 36 months,6.49,94000.0,7.17,MORTGAGE,A
15000.0, 36 months,6.49,82500.0,18.15,MORTGAGE,A
14000.0, 60 months,13.67,29200.0,22.85,OWN,C
9000.0, 36 months,12.59,28000.0,13.46,OWN,C
20250.0, 60 months,13.44,45000.0,21.95,OWN,C
22725.0, 60 months,16.59,160000.0,8.59,MORTGAGE,D
12500.0, 36 months,9.17,45000.0,23.33,OWN,B
14000.0, 36 months,6.99,73000.0,32.63,MORTGAGE,A
11200.0, 36 months,13.99,110000.0,3.71,OWN,C
2000.0, 36 months,8.49,140000.0,6.78,MORTGAGE,B
6000.0, 36 months,9.76,62000.0,17.63,RENT,B
8800.0, 36 months,15.77,60000.0,15.92,OWN,D
18000.0, 36 months,9.17,70000.0,12.79,OWN,B
20000.0, 36 months,8.49,85000.0,24.89,OWN,B
13900.0, 36 months,20.5,52500.0,25.37,RENT,E
5600.0, 36 months,12.88,76000.0,29.51,MORTGAGE,C
18000.0, 36 months,6.99,68000.0,14.12,MORTGAGE,A
7000.0, 36 months,9.8,106500.0,14.49,RENT,B
15000.0, 60 months,13.99,34980.0,38.25,OWN,C
9000.0, 36 months,15.41,150000.0,13.4,RENT,D
8000.0, 36 months,9.8,47500.0,19.1,MORTGAGE,B
14000.0, 60 months,15.77,45500.0,19.24,RENT,D
17000.0, 36 months,9.17,50000.0,4.2,OWN,B
6400.0, 36 months,8.38,52000.0,23.68,MORTGAGE,B
4800.0, 36 months,9.17,55000.0,19.79,RENT,B
30000.0, 60 months,18.2,80000.0,21.11,MORTGAGE,E
35000.0, 36 months,13.67,256000.0,15.72,MORTGAGE,C
9000.0, 36 months,14.48,25000.0,35.06,OWN,C
5000.0, 36 months,13.67,22000.0,24.28,RENT,C
5000.0, 36 months,10.78,40000.0,24.45,RENT,B
25000.0, 36 months,13.44,88000.0,14.47,MORTGAGE,C
28000.0, 36 months,12.88,369000.0,6.31,RENT,C
6000.0, 36 months,5.32,75000.0,17.08,MORTGAGE,A
24025.0, 36 months,11.99,125000.0,14.89,MORTGAGE,C
15000.0, 36 months,7.49,54700.0,38.24,MORTGAGE,A
11850.0, 36 months,10.78,70000.0,4.8,MORTGAGE,B
18675.0, 36 months,8.49,55000.0,30.98,MORTGAGE,B
28000.0, 36 months,9.76,140000.0,8.8,MORTGAGE,B
24000.0, 36 months,11.22,80000.0,19.19,MORTGAGE,B
13525.0, 36 months,16.59,88000.0,9.19,RENT,D
25000.0, 36 months,13.99,75000.0,22.86,OWN,C
15000.0, 36 months,9.8,45760.0,13.22,RENT,B
15000.0, 36 months,7.91,58000.0,27.38,MORTGAGE,A
17750.0, 60 months,17.57,41000.0,30.27,RENT,D
4000.0, 36 months,6.49,45000.0,17.74,MORTGAGE,A
8725.0, 36 months,11.22,47404.0,18.91,OWN,B
15000.0, 36 months,8.49,170000.0,17.14,MORTGAGE,B
8000.0, 36 months,13.44,80000.0,22.14,MORTGAGE,C
24900.0, 36 months,13.67,65592.0,17.23,MORTGAGE,C
24000.0, 36 months,6.89,90000.0,18.44,MORTGAGE,A
4700.0, 36 months,13.44,22000.0,17.64,RENT,C
18000.0, 36 months,11.48,220000.0,19.56,MORTGAGE,B
28000.0, 36 months,13.67,85000.0,7.45,MORTGAGE,C
5600.0, 36 months,11.99,36512.0,33.14,RENT,C
8300.0, 36 months,12.59,86000.0,8.88,MORTGAGE,C
24000.0, 36 months,9.17,81000.0,28.58,MORTGAGE,B
4775.0, 36 months,18.99,14072.0,33.62,RENT,E
2500.0, 36 months,13.44,38000.0,19.11,RENT,C
35000.0, 36 months,11.22,135537.0,9.35,MORTGAGE,B
35000.0, 36 months,11.48,520000.0,18.53,RENT,B
6000.0, 36 months,9.8,60000.0,39.84,MORTGAGE,B
24000.0, 36 months,6.99,100000.0,8.0,MORTGAGE,A
25000.0, 36 months,11.99,60000.0,15.07,MORTGAGE,C
22750.0, 60 months,13.18,270000.0,9.95,RENT,C
6000.0, 36 months,13.99,30000.0,15.92,OWN,C
3600.0, 36 months,11.22,40000.0,27.54,RENT,B
35000.0, 60 months,18.49,73309.8,15.4,RENT,D
5000.0, 36 months,12.59,75000.0,39.44,MORTGAGE,C
6000.0, 36 months,10.78,20000.0,30.19,RENT,B
12000.0, 36 months,5.32,80000.0,14.9,RENT,A
24000.0, 36 months,9.17,66000.0,23.98,RENT,B
35000.0, 36 months,9.8,173000.0,22.42,OWN,B
21000.0, 60 months,13.44,75000.0,21.56,MORTGAGE,C
35000.0, 60 months,18.49,85000.0,17.87,MORTGAGE,E
7200.0, 36 months,11.48,22000.0,23.57,RENT,B
35000.0, 36 months,13.44,160000.0,11.19,MORTGAGE,C
7000.0, 36 months,6.99,70000.0,1.23,OWN,A
10000.0, 36 months,11.99,75000.0,28.24,MORTGAGE,C
25000.0, 36 months,9.8,70000.0,15.2,MORTGAGE,B
16000.0, 36 months,16.59,81000.0,28.55,MORTGAGE,D
10000.0, 36 months,8.38,64000.0,18.28,RENT,B
4000.0, 36 months,12.88,80000.0,6.45,RENT,C
16000.0, 36 months,5.32,50000.0,7.78,OWN,A
6000.0, 36 months,10.78,79000.0,22.62,MORTGAGE,B
17000.0, 36 months,5.32,98000.0,9.21,MORTGAGE,A
12000.0, 36 months,6.99,100000.0,6.9,RENT,A
10000.0, 36 months,8.49,58000.0,14.4,MORTGAGE,B
5000.0, 36 months,10.78,58000.0,37.06,MORTGAGE,B
9600.0, 36 months,13.44,28000.0,9.73,RENT,C
15000.0, 36 months,10.78,145000.0,8.18,RENT,B
6000.0, 36 months,5.32,99000.0,13.1,RENT,A
16000.0, 36 months,8.49,75000.0,19.44,RENT,B
7000.0, 36 months,8.49,70000.0,18.04,MORTGAGE,B
12000.0, 36 months,7.91,30000.0,14.68,RENT,A
15000.0, 36 months,11.48,50000.0,10.71,MORTGAGE,B
10000.0, 36 months,5.32,50000.0,18.19,RENT,A
35000.0, 60 months,11.99,148000.0,9.86,MORTGAGE,C
15500.0, 36 months,13.44,50000.0,38.33,RENT,C
13600.0, 60 months,19.89,51000.0,33.79,OWN,E
15000.0, 36 months,10.64,65000.0,31.5,MORTGAGE,B
16725.0, 36 months,13.44,33453.0,34.52,RENT,C
12000.0, 36 months,11.99,85280.0,9.15,RENT,C
12000.0, 36 months,5.32,56000.0,16.67,RENT,A
15400.0, 60 months,23.13,35000.0,24.04,OWN,F
10000.0, 36 months,5.32,80000.0,14.51,MORTGAGE,A
20000.0, 60 months,15.77,150000.0,11.66,MORTGAGE,D
10000.0, 36 months,10.78,120000.0,14.61,RENT,B
2000.0, 36 months,15.41,40000.0,13.41,RENT,D
16000.0, 36 months,7.89,82000.0,26.45,RENT,A
6600.0, 36 months,11.22,13230.0,27.95,MORTGAGE,B
19925.0, 60 months,26.99,55400.0,19.41,RENT,G
17000.0, 36 months,7.91,65000.0,19.88,MORTGAGE,A
8000.0, 36 months,6.99,32000.0,14.18,RENT,A
28000.0, 36 months,9.76,60000.0,10.42,RENT,B
11000.0, 36 months,7.91,40000.0,23.88,MORTGAGE,A
7000.0, 36 months,7.89,35000.0,18.42,RENT,A
10000.0, 36 months,9.17,50000.0,26.67,MORTGAGE,B
21600.0, 60 months,13.18,85000.0,34.02,MORTGAGE,C
4000.0, 36 months,11.48,42000.0,12.6,MORTGAGE,B
11000.0, 36 months,8.49,125000.0,27.87,MORTGAGE,B
15000.0, 36 months,5.32,155000.0,8.66,RENT,A
32000.0, 36 months,14.85,80000.0,12.8,RENT,C
24000.0, 36 months,6.24,93000.0,15.08,MORTGAGE,A
8000.0, 36 months,11.99,65000.0,7.7,MORTGAGE,C
12000.0, 36 months,7.49,55000.0,25.88,MORTGAGE,A
22350.0, 60 months,19.48,85000.0,35.79,MORTGAGE,E
15000.0, 60 months,17.57,55000.0,9.47,RENT,D
21500.0, 36 months,18.99,65000.0,30.26,MORTGAGE,E
28000.0, 60 months,12.59,98000.0,8.53,MORTGAGE,C
20000.0, 36 months,5.32,60000.0,26.23,MORTGAGE,A
4000.0, 36 months,9.17,21000.0,12.59,RENT,B
12500.0, 36 months,11.99,65000.0,15.42,MORTGAGE,C
7200.0, 36 months,13.44,57000.0,24.36,RENT,C
5650.0, 36 months,16.59,30000.0,16.08,RENT,D
34100.0, 60 months,12.88,92892.0,29.14,MORTGAGE,C
7500.0, 36 months,14.85,111800.0,36.23,OWN,C
19725.0, 60 months,21.48,47000.0,37.22,RENT,E
10500.0, 60 months,11.99,110000.0,18.15,RENT,C
16225.0, 60 months,23.13,63000.0,28.53,RENT,F
13500.0, 36 months,10.78,77000.0,14.45,RENT,B
7200.0, 36 months,11.48,85000.0,17.53,RENT,B
7500.0, 36 months,8.38,125000.0,24.18,OWN,B
4000.0, 36 months,8.49,45000.0,19.1,OWN,B
6000.0, 36 months,10.78,100000.0,24.34,RENT,B
35000.0, 36 months,13.99,110000.0,16.45,MORTGAGE,C
21000.0, 60 months,16.59,52000.0,20.33,MORTGAGE,D
10000.0, 36 months,13.18,65000.0,20.29,MORTGAGE,C
7000.0, 36 months,14.85,60000.0,24.66,MORTGAGE,C
6000.0, 36 months,13.99,74800.0,11.21,RENT,C
8000.0, 36 months,5.32,65000.0,21.57,OWN,A
18175.0, 36 months,15.41,50538.8,18.74,RENT,D
11000.0, 36 months,6.89,135000.0,12.71,RENT,A
11000.0, 36 months,12.88,83400.0,26.0,MORTGAGE,C
26825.0, 60 months,18.99,66548.0,31.61,MORTGAGE,E
28000.0, 36 months,5.32,80000.0,21.53,OWN,A
1000.0, 36 months,15.41,35000.0,28.57,RENT,D
35000.0, 36 months,7.49,125000.0,21.72,MORTGAGE,A
7500.0, 36 months,10.78,37500.0,12.35,RENT,B
5000.0, 36 months,9.76,100500.0,4.97,RENT,B
24000.0, 36 months,11.22,80000.0,16.25,RENT,B
8000.0, 36 months,11.99,35000.0,26.99,RENT,C
10000.0, 36 months,14.48,25000.0,19.64,RENT,C
20000.0, 36 months,6.49,150000.0,1.14,MORTGAGE,A
31275.0, 36 months,15.41,240000.0,18.12,RENT,D
10000.0, 36 months,7.49,60000.0,12.33,MORTGAGE,A
5000.0, 36 months,11.48,60000.0,18.65,RENT,B
3500.0, 36 months,5.32,135000.0,4.03,RENT,A
6500.0, 36 months,6.24,16308.0,21.71,RENT,A
6400.0, 36 months,12.88,87000.0,10.62,RENT,C
10000.0, 36 months,11.48,72000.0,26.9,MORTGAGE,B
20800.0, 36 months,7.91,101000.0,8.5,RENT,A
20000.0, 36 months,7.89,59000.0,27.32,OWN,A
16100.0, 36 months,13.99,35000.0,20.27,OWN,C
12000.0, 60 months,14.48,131569.0,20.44,OWN,C
4200.0, 36 months,11.99,45000.0,17.6,MORTGAGE,C
31150.0, 60 months,22.45,82000.0,38.11,MORTGAGE,F
14000.0, 60 months,13.99,36000.0,17.43,MORTGAGE,C
10000.0, 36 months,11.99,42000.0,23.76,MORTGAGE,C
20000.0, 36 months,11.48,370000.0,7.09,MORTGAGE,B
12600.0, 60 months,13.18,60000.0,23.43,MORTGAGE,C
15000.0, 36 months,10.78,46000.0,30.65,MORTGAGE,B
7000.0, 36 months,6.89,72000.0,17.3,RENT,A
24000.0, 60 months,16.59,55000.0,12.46,MORTGAGE,D
6475.0, 36 months,17.97,46000.0,26.91,MORTGAGE,D
17975.0, 36 months,16.55,85000.0,35.58,MORTGAGE,D
16000.0, 36 months,7.91,110000.0,20.09,RENT,A
28000.0, 36 months,7.91,115000.0,10.15,MORTGAGE,A
9500.0, 36 months,10.64,21600.0,14.61,OWN,B
18000.0, 60 months,13.99,60000.0,8.0,MORTGAGE,C
2500.0, 36 months,11.48,16488.0,38.06,RENT,B
12000.0, 36 months,5.32,110000.0,17.9,MORTGAGE,A
17000.0, 60 months,8.49,70000.0,24.81,MORTGAGE,B
8000.0, 36 months,7.26,78000.0,18.4,RENT,A
11000.0, 36 months,5.32,80000.0,11.66,MORTGAGE,A
5000.0, 36 months,13.18,48972.0,25.09,MORTGAGE,C
22400.0, 60 months,10.64,95000.0,15.37,RENT,B
11050.0, 60 months,14.85,60000.0,27.18,MORTGAGE,C
17800.0, 36 months,15.77,71000.0,14.01,MORTGAGE,D
13000.0, 60 months,16.59,40000.0,16.74,RENT,D
10500.0, 36 months,13.99,110000.0,30.73,MORTGAGE,C
17000.0, 60 months,11.22,110000.0,15.72,RENT,B
12000.0, 36 months,6.49,80000.0,24.15,MORTGAGE,A
12000.0, 36 months,5.32,130000.0,14.76,MORTGAGE,A
6025.0, 36 months,17.27,54000.0,33.6,RENT,D
3600.0, 36 months,13.67,32000.0,23.17,OWN,C
12000.0, 36 months,7.49,48000.0,25.05,MORTGAGE,A
27000.0, 36 months,6.49,71000.0,14.29,MORTGAGE,A
3000.0, 36 months,17.97,36000.0,17.37,OWN,D
17000.0, 36 months,6.49,73000.0,34.36,RENT,A
8000.0, 36 months,9.17,40000.0,28.83,RENT,B
3000.0, 36 months,7.91,70000.0,20.81,OWN,A
3500.0, 36 months,7.91,80000.0,7.92,RENT,A
18075.0, 60 months,13.99,70000.0,25.32,MORTGAGE,C
15000.0, 36 months,9.17,55000.0,22.69,RENT,B
4000.0, 36 months,10.78,60000.0,13.35,MORTGAGE,B
6000.0, 36 months,11.48,30680.0,21.67,OWN,B
5000.0, 36 months,13.67,63000.0,20.63,OWN,C
15000.0, 36 months,7.91,136000.0,13.59,MORTGAGE,A
12000.0, 60 months,20.5,65000.0,32.7,OWN,E
8000.0, 36 months,10.64,47000.0,23.9,RENT,B
5000.0, 36 months,13.99,33500.0,35.18,MORTGAGE,C
6600.0, 36 months,8.38,56900.0,12.8,MORTGAGE,B
15400.0, 36 months,5.32,85000.0,8.92,MORTGAGE,A
25000.0, 36 months,13.99,70000.0,27.39,MORTGAGE,C
5000.0, 36 months,5.32,40000.0,16.23,OWN,A
7200.0, 36 months,15.77,50000.0,28.05,MORTGAGE,D
27000.0, 36 months,7.49,55000.0,21.78,MORTGAGE,A
7500.0, 36 months,12.59,90000.0,21.0,MORTGAGE,C
10500.0, 36 months,15.77,70100.0,8.51,RENT,D
2950.0, 36 months,19.89,203000.0,6.38,MORTGAGE,E
3425.0, 36 months,19.99,34000.0,15.3,RENT,E
8000.0, 36 months,10.78,43500.0,11.98,MORTGAGE,B
12000.0, 36 months,16.59,101550.0,20.01,MORTGAGE,D
13375.0, 36 months,9.76,134900.0,22.94,MORTGAGE,B
12000.0, 60 months,19.89,33000.0,15.16,RENT,E
16000.0, 36 months,5.32,85000.0,11.87,RENT,A
4000.0, 36 months,11.99,96000.0,11.31,RENT,C
4000.0, 36 months,11.99,42000.0,21.74,MORTGAGE,C
15600.0, 60 months,13.44,99000.0,15.45,RENT,C
10900.0, 36 months,15.41,50000.0,29.0,RENT,D
7200.0, 36 months,12.88,55000.0,18.5,RENT,C
4500.0, 36 months,13.44,34150.0,27.35,RENT,C
35000.0, 60 months,19.99,360000.0,9.56,MORTGAGE,E
2500.0, 36 months,12.59,170000.0,17.17,MORTGAGE,C
5000.0, 36 months,14.85,62000.0,36.8,RENT,C
24000.0, 36 months,5.32,65000.0,20.25,OWN,A
7000.0, 36 months,6.99,90000.0,8.36,MORTGAGE,A
13000.0, 36 months,10.78,61500.0,6.71,RENT,B
22000.0, 36 months,7.49,50000.0,21.22,RENT,A
16000.0, 36 months,11.48,75000.0,17.19,RENT,B
12000.0, 36 months,6.49,120000.0,25.21,OWN,A
4000.0, 36 months,16.59,35000.0,11.45,OWN,D
4500.0, 36 months,9.17,30160.0,13.05,RENT,B
25000.0, 60 months,18.99,80000.0,13.62,MORTGAGE,E
10000.0, 36 months,13.44,48000.0,29.93,OWN,C
20000.0, 36 months,13.44,42000.0,32.8,RENT,C
4800.0, 36 months,13.44,45000.0,23.68,RENT,C
8000.0, 36 months,11.48,50000.0,12.67,RENT,B
35000.0, 60 months,17.86,180000.0,11.57,OWN,D
15000.0, 36 months,15.77,30000.0,18.84,OWN,D
21000.0, 60 months,17.97,50000.0,30.58,MORTGAGE,D
10000.0, 36 months,8.49,60000.0,7.46,RENT,B
28000.0, 36 months,7.91,102000.0,21.05,MORTGAGE,A
17125.0, 60 months,11.22,72000.0,34.4,OWN,B
6000.0, 36 months,14.85,53000.0,25.5,RENT,C
4300.0, 36 months,15.77,30000.0,9.76,RENT,D
11000.0, 36 months,6.49,85000.0,15.0,MORTGAGE,A
2100.0, 36 months,6.49,50000.0,4.34,RENT,A
32000.0, 36 months,8.49,101000.0,23.01,MORTGAGE,B
10000.0, 36 months,8.49,75000.0,21.36,RENT,B
14000.0, 60 months,17.27,70000.0,33.84,MORTGAGE,D
20000.0, 60 months,13.18,90000.0,10.45,MORTGAGE,C
5525.0, 36 months,7.49,32000.0,3.86,OWN,A
10000.0, 60 months,13.44,140000.0,9.99,RENT,C
15000.0, 36 months,11.22,130000.0,9.11,RENT,B
35000.0, 60 months,9.17,175000.0,17.14,RENT,B
5000.0, 36 months,7.26,37500.0,33.12,OWN,A
18000.0, 36 months,6.49,103000.0,11.58,MORTGAGE,A
16625.0, 36 months,20.5,79632.0,20.6,MORTGAGE,E
24000.0, 60 months,10.64,54000.0,19.62,MORTGAGE,B
24000.0, 36 months,7.91,200000.0,18.87,MORTGAGE,A
15000.0, 36 months,13.44,70000.0,33.44,OWN,C
3000.0, 36 months,17.27,38000.0,4.26,RENT,D
18000.0, 60 months,13.99,71500.0,16.2,MORTGAGE,C
14650.0, 60 months,19.48,49000.0,26.4,RENT,E
21000.0, 36 months,5.32,124000.0,18.88,MORTGAGE,A
6800.0, 36 months,8.49,40000.0,13.32,MORTGAGE,B
35000.0, 36 months,19.48,100000.0,27.64,MORTGAGE,E
28000.0, 36 months,5.32,160000.0,13.53,RENT,A
10000.0, 36 months,7.49,120000.0,18.63,MORTGAGE,A
28000.0, 36 months,15.77,90000.0,11.12,MORTGAGE,D
11000.0, 36 months,5.32,50000.0,16.32,RENT,A
15000.0, 36 months,11.48,60000.0,30.48,MORTGAGE,B
12000.0, 60 months,18.99,46000.0,16.56,RENT,E
14875.0, 60 months,18.99,40000.0,11.16,RENT,E
3400.0, 36 months,12.88,54800.0,12.11,MORTGAGE,C
5000.0, 36 months,9.8,72000.0,6.52,OWN,B
10000.0, 60 months,16.99,34700.0,30.72,RENT,D
15000.0, 36 months,12.88,50000.0,13.92,MORTGAGE,C
10000.0, 36 months,9.17,27600.0,12.96,MORTGAGE,B
15000.0, 36 months,9.17,50000.0,10.3,RENT,B
20000.0, 60 months,11.99,155000.0,22.47,MORTGAGE,C
10000.0, 36 months,10.64,50000.0,21.36,OWN,B
22000.0, 60 months,10.78,100000.0,6.82,MORTGAGE,B
9600.0, 36 months,9.17,31000.0,18.97,RENT,B
15000.0, 36 months,16.59,110000.0,25.09,MORTGAGE,D
10000.0, 36 months,13.67,65000.0,16.21,MORTGAGE,C
20000.0, 60 months,11.48,60000.0,21.28,RENT,B
20000.0, 60 months,13.18,115000.0,11.52,MORTGAGE,C
6000.0, 36 months,10.64,98000.0,34.83,MORTGAGE,B
10000.0, 36 months,5.32,80000.0,22.35,MORTGAGE,A
5000.0, 36 months,6.99,99840.0,13.72,RENT,A
8000.0, 36 months,14.48,50000.0,26.36,RENT,C
21000.0, 36 months,8.49,130000.0,7.98,MORTGAGE,B
6000.0, 36 months,9.17,45000.0,23.57,RENT,B
7500.0, 36 months,6.49,52513.0,17.05,RENT,A
12500.0, 36 months,12.88,53220.0,14.16,MORTGAGE,C
18000.0, 60 months,11.99,135000.0,13.42,MORTGAGE,C
4500.0, 36 months,6.24,84500.0,6.93,OWN,A
8000.0, 36 months,9.17,66000.0,17.64,MORTGAGE,B
16000.0, 60 months,10.78,40000.0,15.69,OWN,B
20000.0, 36 months,7.49,55000.0,11.04,MORTGAGE,A
7800.0, 36 months,9.17,68012.0,11.61,RENT,B
16000.0, 60 months,13.67,45000.0,28.45,RENT,C
21000.0, 60 months,11.99,50000.0,7.75,RENT,C
8800.0, 36 months,9.8,92000.0,5.18,MORTGAGE,B
28000.0, 36 months,7.49,124000.0,8.48,OWN,A
24000.0, 36 months,5.32,125000.0,12.61,MORTGAGE,A
5000.0, 36 months,8.49,100000.0,27.29,MORTGAGE,B
4800.0, 36 months,13.18,75000.0,25.22,OWN,C
12475.0, 60 months,13.67,55000.0,0.72,MORTGAGE,C
10000.0, 36 months,9.8,45000.0,27.97,RENT,B
6000.0, 36 months,5.32,80000.0,13.5,MORTGAGE,A
5000.0, 36 months,12.88,48000.0,17.48,RENT,C
3600.0, 36 months,10.64,70500.0,27.01,MORTGAGE,B
8975.0, 36 months,21.48,67000.0,21.53,OWN,E
10000.0, 36 months,5.32,175000.0,22.07,MORTGAGE,A
25000.0, 36 months,11.48,185000.0,14.03,RENT,B
5400.0, 36 months,6.49,90000.0,29.69,RENT,A
12000.0, 36 months,7.91,172500.0,4.97,RENT,A
7000.0, 36 months,12.88,55000.0,37.22,OWN,C
15400.0, 36 months,11.48,55000.0,16.63,RENT,B
20000.0, 60 months,13.99,130000.0,14.86,MORTGAGE,C
14000.0, 36 months,6.99,65000.0,15.22,OWN,A
18025.0, 60 months,12.88,39200.0,29.5,RENT,C
6000.0, 36 months,11.99,60000.0,11.54,MORTGAGE,C
4575.0, 36 months,17.27,40000.0,36.33,MORTGAGE,D
8500.0, 36 months,9.17,35500.0,5.88,OWN,B
3200.0, 36 months,6.89,66000.0,8.18,RENT,A
30000.0, 36 months,10.78,80000.0,12.88,RENT,B
13000.0, 60 months,7.89,170000.0,11.81,MORTGAGE,A
20000.0, 60 months,11.99,71000.0,20.86,MORTGAGE,C
7500.0, 36 months,9.76,61000.0,10.92,RENT,B
10000.0, 36 months,6.99,120000.0,13.73,MORTGAGE,A
20000.0, 36 months,12.88,56000.0,22.4,MORTGAGE,C
30000.0, 36 months,9.17,129500.0,20.9,MORTGAGE,B
16000.0, 36 months,7.91,97000.0,17.17,MORTGAGE,A
18000.0, 36 months,11.99,45000.0,35.09,RENT,C
22500.0, 36 months,14.85,59861.0,4.53,MORTGAGE,C
12000.0, 36 months,12.88,76000.0,24.37,MORTGAGE,C
12650.0, 36 months,14.85,36400.0,17.8,RENT,C
10800.0, 36 months,13.44,30000.0,5.88,RENT,C
10000.0, 36 months,10.64,60000.0,12.96,RENT,B
10000.0, 36 months,7.91,75000.0,10.64,MORTGAGE,A
9800.0, 36 months,10.78,47000.0,14.69,MORTGAGE,B
12000.0, 60 months,9.17,72000.0,28.13,MORTGAGE,B
21275.0, 36 months,14.85,56035.0,32.79,MORTGAGE,C
15000.0, 36 months,8.49,135000.0,25.04,MORTGAGE,B
6950.0, 36 months,13.99,24199.8,15.38,OWN,C
10000.0, 36 months,8.49,70000.0,1.65,MORTGAGE,B
19350.0, 60 months,24.24,44000.0,23.46,MORTGAGE,F
15000.0, 36 months,6.49,150000.0,9.79,OWN,A
32100.0, 36 months,19.99,112000.0,37.42,RENT,E
8000.0, 36 months,10.64,50000.0,18.77,OWN,B
13000.0, 36 months,9.8,39000.0,8.74,MORTGAGE,B
6000.0, 36 months,9.17,87000.0,18.95,RENT,B
9500.0, 36 months,8.38,46000.0,18.94,MORTGAGE,B
12000.0, 36 months,5.32,45000.0,29.87,OWN,A
35000.0, 60 months,14.85,150000.0,31.65,MORTGAGE,C
21000.0, 60 months,11.99,65000.0,31.69,RENT,C
10000.0, 36 months,9.17,35000.0,23.01,MORTGAGE,B
8025.0, 36 months,11.22,65000.0,22.14,RENT,B
20000.0, 36 months,7.91,120000.0,4.99,OWN,A
24000.0, 60 months,17.86,79500.0,13.16,MORTGAGE,D
8500.0, 36 months,11.99,39000.0,9.26,RENT,C
11325.0, 36 months,13.67,27000.0,32.23,MORTGAGE,C
9600.0, 36 months,13.99,22900.0,14.77,RENT,C
7000.0, 36 months,6.49,93000.0,34.35,MORTGAGE,A
3225.0, 36 months,24.24,65000.0,14.18,MORTGAGE,F
14400.0, 36 months,7.49,88186.0,2.24,MORTGAGE,A
9800.0, 36 months,9.17,52000.0,17.29,RENT,B
15000.0, 36 months,11.22,80000.0,17.48,MORTGAGE,B
6000.0, 36 months,8.38,32000.0,26.97,MORTGAGE,B
2000.0, 36 months,11.99,47000.0,10.32,RENT,C
20000.0, 36 months,7.89,75000.0,24.19,OWN,A
28000.0, 36 months,5.32,100000.0,12.41,RENT,A
13500.0, 36 months,6.99,42000.0,12.83,MORTGAGE,A
23400.0, 36 months,7.89,78500.0,19.26,RENT,A
28000.0, 36 months,15.77,105000.0,28.35,MORTGAGE,D
14000.0, 36 months,12.59,28000.0,21.77,OWN,C
15975.0, 36 months,13.44,45000.0,14.12,RENT,C
24000.0, 36 months,6.49,100000.0,10.06,RENT,A
15000.0, 36 months,5.32,60000.0,21.48,OWN,A
35000.0, 36 months,17.27,95000.0,18.18,MORTGAGE,D
5000.0, 36 months,11.99,60900.0,34.01,MORTGAGE,C
7500.0, 36 months,13.99,43033.0,12.35,RENT,C
9600.0, 36 months,6.89,36000.0,29.37,MORTGAGE,A
30000.0, 60 months,12.88,136000.0,26.75,MORTGAGE,C
2800.0, 36 months,14.48,34000.0,9.64,MORTGAGE,C
5000.0, 36 months,11.48,170000.0,0.75,RENT,B
24000.0, 36 months,5.32,250000.0,18.43,MORTGAGE,A
14875.0, 60 months,18.49,37231.0,36.3,RENT,D
10500.0, 60 months,17.97,28832.0,23.62,RENT,D
20000.0, 36 months,8.49,122815.0,15.43,MORTGAGE,B
15450.0, 36 months,14.85,47471.06,27.43,RENT,C
25000.0, 36 months,12.88,150000.0,23.82,RENT,C
28000.0, 36 months,6.24,75000.0,20.91,MORTGAGE,A
27625.0, 36 months,17.57,68000.0,15.94,RENT,D
11200.0, 36 months,11.22,35000.0,8.54,OWN,B
3350.0, 36 months,7.91,42251.0,23.49,MORTGAGE,A
4000.0, 36 months,16.55,60000.0,12.56,RENT,D
15000.0, 36 months,5.32,71000.0,28.03,MORTGAGE,A
4000.0, 36 months,7.26,51500.0,16.43,RENT,A
9000.0, 36 months,5.32,35000.0,22.29,RENT,A
4775.0, 36 months,21.48,50000.0,17.02,OWN,E
12000.0, 36 months,9.17,63000.0,25.09,MORTGAGE,B
6000.0, 36 months,13.99,55000.0,31.05,MORTGAGE,C
10000.0, 36 months,9.17,46000.0,26.14,MORTGAGE,B
30000.0, 60 months,12.88,115210.0,13.23,RENT,C
32200.0, 60 months,13.67,106000.0,27.99,MORTGAGE,C
3000.0, 36 months,9.8,26000.0,32.87,RENT,B
6000.0, 36 months,9.17,51000.0,21.93,RENT,B
6500.0, 36 months,15.41,39582.0,20.04,RENT,D
20000.0, 36 months,6.49,55000.0,29.15,MORTGAGE,A
10000.0, 36 months,6.89,52000.0,1.86,RENT,A
16650.0, 60 months,18.99,83000.0,29.41,MORTGAGE,E
14400.0, 36 months,6.89,150000.0,8.47,RENT,A
10800.0, 36 months,14.85,45000.0,12.27,RENT,C
22000.0, 36 months,12.59,50000.0,0.84,MORTGAGE,C
15000.0, 36 months,11.99,41500.0,31.92,RENT,C
3500.0, 36 months,7.49,53000.0,22.31,RENT,A
15975.0, 36 months,16.59,58800.0,20.45,MORTGAGE,D
23000.0, 36 months,9.17,84000.0,11.8,RENT,B
10900.0, 36 months,18.49,39000.0,36.71,MORTGAGE,D
6500.0, 36 months,8.49,52000.0,20.08,OWN,B
14000.0, 36 months,8.38,42000.0,26.17,MORTGAGE,B
5000.0, 36 months,12.88,59000.0,3.82,MORTGAGE,C
8000.0, 36 months,11.99,50000.0,15.19,RENT,C
25000.0, 60 months,13.67,125000.0,5.32,MORTGAGE,C
25000.0, 36 months,13.67,55000.0,22.87,RENT,C
15000.0, 60 months,17.97,45500.0,30.95,RENT,D
11200.0, 60 months,13.44,60000.0,24.12,RENT,C
23000.0, 36 months,10.78,62341.0,17.31,RENT,B
5000.0, 36 months,11.99,60000.0,19.56,MORTGAGE,C
6000.0, 36 months,10.78,82000.0,19.06,RENT,B
2800.0, 36 months,9.76,21600.0,28.48,MORTGAGE,B
6000.0, 36 months,5.32,52000.0,15.82,MORTGAGE,A
25000.0, 60 months,13.67,90000.0,12.77,MORTGAGE,C
12000.0, 36 months,6.99,172000.0,7.98,MORTGAGE,A
6000.0, 36 months,6.49,65000.0,26.4,OWN,A
4800.0, 36 months,7.89,65000.0,31.35,RENT,A
10000.0, 60 months,17.27,48000.0,39.59,MORTGAGE,D
20000.0, 36 months,5.32,125000.0,7.42,MORTGAGE,A
8000.0, 36 months,14.48,115000.0,10.54,RENT,C
12000.0, 60 months,17.97,40000.0,33.48,MORTGAGE,D
25000.0, 36 months,19.48,50000.0,17.69,RENT,E
29000.0, 60 months,19.89,80000.0,14.13,RENT,E
5275.0, 36 months,15.77,12000.0,3.6,RENT,D
8000.0, 36 months,8.49,75000.0,19.06,OWN,B
10375.0, 36 months,16.59,55000.0,14.06,RENT,D
15000.0, 36 months,13.99,48100.0,28.32,RENT,C
3500.0, 36 months,10.78,75000.0,14.22,RENT,B
4000.0, 36 months,11.99,94000.0,0.0,RENT,C
6500.0, 36 months,8.49,105000.0,21.65,MORTGAGE,B
20000.0, 36 months,14.85,120000.0,33.29,OWN,C
6000.0, 36 months,11.48,42000.0,12.31,RENT,B
22000.0, 36 months,11.99,55000.0,8.68,MORTGAGE,C
10000.0, 36 months,10.64,60000.0,25.67,RENT,B
15300.0, 60 months,22.45,45000.0,27.44,OWN,F
18000.0, 60 months,17.57,85000.0,9.81,OWN,D
1400.0, 36 months,9.8,42000.0,38.71,MORTGAGE,B
4800.0, 36 months,6.24,74000.0,22.62,MORTGAGE,A
5000.0, 36 months,7.26,95000.0,26.57,MORTGAGE,A
5000.0, 36 months,17.27,45000.0,18.93,RENT,D
15000.0, 60 months,18.99,100000.0,12.01,OWN,E
11650.0, 36 months,16.55,44000.0,16.23,RENT,D
20000.0, 60 months,13.99,80000.0,15.06,MORTGAGE,C
16800.0, 36 months,13.99,97000.0,16.78,MORTGAGE,C
20000.0, 36 months,9.8,110000.0,15.8,MORTGAGE,B
6000.0, 36 months,14.48,42000.0,22.17,RENT,C
10000.0, 36 months,9.17,35000.0,11.69,MORTGAGE,B
13000.0, 36 months,8.49,70000.0,21.21,MORTGAGE,B
25000.0, 60 months,11.99,170000.0,17.52,MORTGAGE,C
30250.0, 60 months,12.88,91000.0,24.5,MORTGAGE,C
34000.0, 36 months,10.78,76497.0,13.32,RENT,B
25950.0, 60 months,17.27,68000.0,28.79,MORTGAGE,D
12000.0, 36 months,11.99,60000.0,22.04,RENT,C
11900.0, 60 months,17.97,34000.0,21.81,MORTGAGE,D
18000.0, 60 months,11.99,150000.0,17.39,MORTGAGE,C
31225.0, 60 months,23.13,71000.0,27.32,RENT,F
25000.0, 60 months,11.99,181000.0,12.36,MORTGAGE,C
25000.0, 36 months,9.8,80000.0,28.65,RENT,B
4800.0, 36 months,13.44,70000.0,10.42,RENT,C
22000.0, 36 months,5.32,53900.0,4.23,MORTGAGE,A
16575.0, 36 months,13.18,95000.0,17.16,RENT,C
15000.0, 36 months,9.17,45000.0,20.83,MORTGAGE,B
5500.0, 36 months,5.32,60000.0,13.86,MORTGAGE,A
20000.0, 36 months,10.78,374000.0,7.76,RENT,B
12000.0, 60 months,9.17,55000.0,14.97,MORTGAGE,B
10000.0, 36 months,10.64,43000.0,7.06,RENT,B
9600.0, 36 months,9.17,92000.0,31.52,MORTGAGE,B
1200.0, 36 months,8.49,73000.0,19.46,OWN,B
15525.0, 60 months,16.99,37000.0,32.31,OWN,D
6000.0, 36 months,13.44,20000.0,31.03,RENT,C
25000.0, 36 months,16.99,61000.0,16.74,MORTGAGE,D
8000.0, 36 months,14.85,65000.0,24.87,MORTGAGE,C
8000.0, 36 months,10.64,100000.0,15.79,MORTGAGE,B
4000.0, 36 months,17.57,84000.0,16.51,OWN,D
5000.0, 36 months,5.32,130000.0,10.44,MORTGAGE,A
13000.0, 36 months,12.88,65000.0,30.76,MORTGAGE,C
10000.0, 36 months,5.32,49000.0,23.56,OWN,A
10000.0, 36 months,8.49,100000.0,23.97,MORTGAGE,B
18000.0, 36 months,5.32,140000.0,12.62,MORTGAGE,A
7000.0, 36 months,11.22,55000.0,8.29,RENT,B
10000.0, 36 months,8.49,67000.0,13.63,RENT,B
3525.0, 36 months,17.27,70000.0,14.59,RENT,D
35000.0, 36 months,11.22,250000.0,17.16,MORTGAGE,B
20000.0, 60 months,10.78,65000.0,24.31,MORTGAGE,B
12000.0, 36 months,5.32,60000.0,25.68,RENT,A
20000.0, 36 months,11.48,96000.0,9.81,MORTGAGE,B
20000.0, 60 months,7.89,115000.0,8.1,MORTGAGE,A
17000.0, 36 months,9.17,67000.0,9.62,MORTGAGE,B
5000.0, 36 months,11.22,45000.0,18.43,RENT,B
2800.0, 36 months,10.78,150000.0,8.66,RENT,B
16375.0, 36 months,15.41,65000.0,19.53,OWN,D
4325.0, 36 months,19.99,12041.0,9.17,OWN,E
12000.0, 36 months,7.89,99905.0,22.07,MORTGAGE,A
15400.0, 60 months,21.99,96000.0,7.55,OWN,F
9000.0, 36 months,9.17,57600.0,17.29,MORTGAGE,B
20000.0, 60 months,15.77,72000.0,6.17,MORTGAGE,D
35000.0, 36 months,7.49,250000.0,13.05,MORTGAGE,A
12000.0, 36 months,14.85,92500.0,17.66,MORTGAGE,C
35000.0, 36 months,11.48,110000.0,24.98,OWN,B
4000.0, 36 months,15.77,60000.0,38.02,RENT,D
2825.0, 36 months,11.48,47000.0,8.35,RENT,B
1000.0, 36 months,9.17,65000.0,12.76,RENT,B
12000.0, 36 months,9.17,32000.0,7.16,RENT,B
1800.0, 36 months,9.17,33000.0,23.2,MORTGAGE,B
8400.0, 36 months,6.49,70000.0,0.89,MORTGAGE,A
30000.0, 60 months,12.88,77045.0,21.73,MORTGAGE,C
26600.0, 60 months,11.99,140000.0,23.64,OWN,C
3000.0, 36 months,12.59,70000.0,12.53,MORTGAGE,C
18000.0, 60 months,12.59,63000.0,31.64,MORTGAGE,C
12000.0, 60 months,16.55,98788.0,18.75,MORTGAGE,D
15000.0, 36 months,9.8,60000.0,25.56,RENT,B
10000.0, 36 months,6.89,125000.0,13.27,MORTGAGE,A
25000.0, 36 months,17.27,88500.0,19.84,MORTGAGE,D
24000.0, 36 months,9.17,120000.0,6.95,MORTGAGE,B
5000.0, 36 months,7.91,67000.0,36.53,MORTGAGE,A
8000.0, 36 months,8.49,75000.0,15.71,RENT,B
28000.0, 36 months,6.49,82000.0,12.67,MORTGAGE,A
1000.0, 36 months,11.48,43000.0,21.07,RENT,B
35000.0, 60 months,11.99,154000.0,26.1,MORTGAGE,C
25000.0, 36 months,14.85,91500.0,4.64,OWN,C
7000.0, 36 months,11.48,120000.0,15.79,RENT,B
7200.0, 36 months,11.48,60000.0,26.64,RENT,B
14500.0, 36 months,10.78,62000.0,20.98,RENT,B
25000.0, 60 months,13.99,79000.0,34.53,MORTGAGE,C
8000.0, 36 months,10.78,53000.0,20.13,MORTGAGE,B
5200.0, 36 months,9.17,51000.0,20.21,MORTGAGE,B
13625.0, 36 months,14.48,50400.0,36.53,OWN,C
8000.0, 36 months,17.57,62776.0,37.76,OWN,D
10000.0, 60 months,16.59,30000.0,30.84,RENT,D
14000.0, 36 months,15.77,67200.0,7.86,RENT,D
7000.0, 36 months,9.8,115000.0,12.94,MORTGAGE,B
10400.0, 60 months,13.44,38792.0,9.99,MORTGAGE,C
12000.0, 36 months,5.32,80000.0,11.51,MORTGAGE,A
16000.0, 36 months,5.32,1400000.0,0.07,RENT,A
4800.0, 36 months,9.8,44400.0,6.05,RENT,B
24000.0, 60 months,13.67,109000.0,21.16,RENT,C
8000.0, 36 months,7.89,71000.0,31.47,MORTGAGE,A
20000.0, 60 months,12.88,110000.0,23.89,MORTGAGE,C
30000.0, 60 months,19.99,60000.0,36.99,RENT,E
18000.0, 36 months,19.89,60000.0,27.76,RENT,E
20000.0, 60 months,16.99,75000.0,35.92,RENT,D
7000.0, 36 months,7.89,50000.0,11.86,RENT,A
13900.0, 36 months,22.99,72500.0,29.56,RENT,F
20000.0, 36 months,5.32,65000.0,12.49,MORTGAGE,A
12500.0, 36 months,9.17,47553.0,17.39,MORTGAGE,B
10000.0, 36 months,17.27,40000.0,29.91,RENT,D
8000.0, 36 months,8.49,150000.0,33.01,MORTGAGE,B
2000.0, 36 months,12.88,52000.0,29.26,RENT,C
13225.0, 60 months,25.09,45000.0,22.21,RENT,F
10000.0, 36 months,10.78,65000.0,35.69,RENT,B
10000.0, 36 months,13.44,33000.0,15.05,RENT,C
8000.0, 36 months,10.78,40000.0,11.46,OWN,B
15000.0, 36 months,7.49,45000.0,10.67,MORTGAGE,A
29050.0, 60 months,19.48,84000.0,10.9,OWN,E
5000.0, 36 months,11.99,35000.0,27.9,RENT,C
35000.0, 60 months,18.49,150000.0,16.97,MORTGAGE,D
31075.0, 36 months,7.49,70000.0,17.18,RENT,A
6025.0, 36 months,13.99,100000.0,13.28,OWN,C
9000.0, 36 months,12.59,47000.0,7.14,MORTGAGE,C
19450.0, 60 months,18.2,43000.0,26.29,MORTGAGE,E
10000.0, 36 months,9.8,175000.0,7.97,MORTGAGE,B
5875.0, 36 months,15.77,56000.0,25.65,RENT,D
6000.0, 36 months,9.76,25000.0,16.47,RENT,B
11225.0, 60 months,26.77,31200.0,26.31,RENT,G
19400.0, 60 months,18.99,48500.0,23.5,RENT,E
8000.0, 36 months,12.88,78000.0,8.17,RENT,C
11000.0, 36 months,7.89,63000.0,31.45,MORTGAGE,A
2000.0, 36 months,16.59,34435.0,9.27,OWN,D
27000.0, 60 months,13.99,94000.0,16.09,RENT,C
28000.0, 60 months,17.97,120000.0,21.82,MORTGAGE,D
12300.0, 36 months,11.99,89439.36,11.62,OWN,C
12000.0, 36 months,12.88,45000.0,4.8,RENT,C
13000.0, 36 months,9.8,26000.0,33.43,RENT,B
10000.0, 36 months,6.99,104000.0,25.31,RENT,A
10000.0, 36 months,11.48,50000.0,26.07,RENT,B
12000.0, 36 months,10.78,98000.0,24.04,RENT,B
15000.0, 36 months,14.85,44000.0,29.71,MORTGAGE,C
7250.0, 36 months,7.26,45000.0,12.11,RENT,A
19750.0, 36 months,14.85,210000.0,20.65,MORTGAGE,C
3600.0, 36 months,11.99,130000.0,26.46,MORTGAGE,C
6000.0, 36 months,9.8,76800.0,25.97,MORTGAGE,B
15000.0, 36 months,6.99,58000.0,34.39,OWN,A
25000.0, 60 months,19.99,70490.0,14.03,RENT,E
26000.0, 36 months,6.24,237510.0,11.1,MORTGAGE,A
32000.0, 36 months,12.88,180000.0,6.36,MORTGAGE,C
13250.0, 36 months,14.85,60000.0,13.66,RENT,C
1000.0, 36 months,9.8,70000.0,11.75,RENT,B
9000.0, 36 months,13.18,55000.0,35.59,RENT,C
7200.0, 36 months,7.49,79990.0,11.14,MORTGAGE,A
10000.0, 36 months,6.24,82500.0,9.65,MORTGAGE,A
20800.0, 60 months,18.99,60000.0,29.6,RENT,E
19775.0, 36 months,9.76,43000.0,14.7,RENT,B
7200.0, 36 months,9.17,32000.0,25.43,RENT,B
15000.0, 36 months,7.91,94272.0,24.01,OWN,A
19200.0, 36 months,18.49,142000.0,35.09,RENT,D
3000.0, 36 months,11.99,42000.0,6.74,RENT,C
1800.0, 36 months,11.48,50000.0,20.38,RENT,B
10000.0, 60 months,13.99,49000.0,13.49,MORTGAGE,C
18000.0, 36 months,7.26,79000.0,16.48,MORTGAGE,A
9800.0, 36 months,13.44,40000.0,39.6,RENT,C
15000.0, 36 months,8.49,85000.0,30.34,OWN,B
21600.0, 36 months,5.32,100000.0,28.13,MORTGAGE,A
5000.0, 36 months,16.55,65000.0,35.34,OWN,D
4000.0, 36 months,13.44,75000.0,14.94,MORTGAGE,C
10000.0, 36 months,8.49,150000.0,4.62,MORTGAGE,B
21000.0, 36 months,16.59,81000.0,23.53,MORTGAGE,D
21000.0, 60 months,21.48,150000.0,18.02,MORTGAGE,E
15000.0, 36 months,13.44,65000.0,26.22,RENT,C
30000.0, 36 months,7.91,72000.0,23.03,MORTGAGE,A
12000.0, 36 months,12.88,72000.0,8.72,MORTGAGE,C
10000.0, 36 months,10.78,52000.0,3.4,RENT,B
35000.0, 60 months,13.67,120000.0,26.94,RENT,C
12000.0, 36 months,11.48,80000.0,4.65,MORTGAGE,B
15200.0, 36 months,13.44,78000.0,19.4,MORTGAGE,C
12600.0, 36 months,17.97,30000.0,29.48,RENT,D
3000.0, 36 months,16.99,34104.0,37.13,MORTGAGE,D
20225.0, 60 months,13.67,85000.0,7.06,MORTGAGE,C
14025.0, 60 months,18.49,39000.0,18.0,MORTGAGE,D
21000.0, 36 months,11.99,148000.0,29.94,MORTGAGE,C
28000.0, 60 months,8.49,150000.0,16.65,RENT,B
35000.0, 36 months,13.67,280000.0,6.43,MORTGAGE,C
5000.0, 36 months,13.67,48000.0,10.53,RENT,C
12000.0, 36 months,6.99,50148.0,16.08,MORTGAGE,A
35000.0, 36 months,17.57,100000.0,23.73,MORTGAGE,D
10000.0, 36 months,8.49,63000.0,24.67,RENT,B
9800.0, 36 months,13.99,24504.0,13.03,RENT,C
14400.0, 36 months,9.17,85000.0,12.66,RENT,B
6000.0, 36 months,8.38,70000.0,4.85,MORTGAGE,B
23825.0, 60 months,17.97,59598.0,29.66,MORTGAGE,D
12250.0, 36 months,12.88,57680.0,29.28,MORTGAGE,C
15500.0, 60 months,19.89,73000.0,26.6,MORTGAGE,E
5000.0, 36 months,11.99,33600.0,25.54,MORTGAGE,C
32325.0, 60 months,19.48,82000.0,24.56,MORTGAGE,E
10000.0, 36 months,13.99,300000.0,3.33,MORTGAGE,C
9700.0, 36 months,22.45,27000.0,26.04,MORTGAGE,F
2000.0, 36 months,13.44,14200.0,28.23,OWN,C
7200.0, 36 months,8.49,40000.0,28.2,MORTGAGE,B
5600.0, 36 months,8.49,30000.0,25.24,MORTGAGE,B
25000.0, 36 months,7.49,150000.0,16.93,MORTGAGE,A
30000.0, 60 months,13.99,100000.0,10.75,OWN,C
14000.0, 36 months,6.49,42000.0,19.17,RENT,A
15000.0, 36 months,6.49,97000.0,10.79,MORTGAGE,A
24000.0, 36 months,5.32,121000.0,10.48,MORTGAGE,A
16000.0, 36 months,11.22,77000.0,31.28,MORTGAGE,B
24000.0, 36 months,10.78,160000.0,12.66,MORTGAGE,B
15000.0, 36 months,15.77,80350.0,26.88,MORTGAGE,D
12000.0, 36 months,8.38,175000.0,19.09,RENT,B
5000.0, 36 months,7.49,71650.0,20.69,MORTGAGE,A
15000.0, 36 months,9.17,52000.0,9.39,MORTGAGE,B
28800.0, 36 months,17.97,64000.0,30.79,RENT,D
16000.0, 60 months,12.59,90000.0,14.95,MORTGAGE,C
8500.0, 36 months,6.49,50000.0,20.67,RENT,A
7000.0, 36 months,6.99,79000.0,21.67,MORTGAGE,A
1600.0, 36 months,8.38,75000.0,1.82,OWN,B
15000.0, 36 months,9.8,68000.0,31.61,RENT,B
11300.0, 36 months,6.49,74000.0,21.11,MORTGAGE,A
30000.0, 60 months,13.99,150000.0,8.52,RENT,C
7200.0, 36 months,11.48,72500.0,8.47,MORTGAGE,B
15000.0, 36 months,9.8,59800.0,1.87,OWN,B
19000.0, 36 months,16.59,91000.0,31.98,RENT,D
20000.0, 36 months,8.49,65000.0,8.94,MORTGAGE,B
4000.0, 36 months,5.32,110000.0,3.89,MORTGAGE,A
30000.0, 36 months,8.49,66000.0,14.76,MORTGAGE,B
6000.0, 36 months,10.78,62000.0,23.58,MORTGAGE,B
14150.0, 60 months,16.59,30798.0,9.28,RENT,D
19875.0, 36 months,9.76,55000.0,30.05,MORTGAGE,B
10000.0, 36 months,7.49,80000.0,13.82,OWN,A
4900.0, 36 months,15.77,36000.0,20.5,RENT,D
3000.0, 36 months,11.48,50000.0,17.17,RENT,B
6025.0, 36 months,11.22,57900.0,13.18,MORTGAGE,B
1650.0, 36 months,18.2,20000.0,21.31,RENT,E
15750.0, 60 months,17.97,35000.0,48.56,MORTGAGE,D
9625.0, 36 months,6.89,20664.0,32.4,RENT,A
35000.0, 60 months,17.57,75000.0,22.16,MORTGAGE,D
10000.0, 36 months,10.64,59613.0,34.29,MORTGAGE,B
20000.0, 60 months,22.99,70000.0,14.98,RENT,F
7200.0, 36 months,18.2,95000.0,19.68,RENT,E
16000.0, 36 months,13.99,52000.0,33.12,RENT,C
3325.0, 36 months,17.97,57000.0,27.6,RENT,D
28000.0, 36 months,6.99,600000.0,7.77,MORTGAGE,A
12675.0, 60 months,22.45,27600.0,26.7,RENT,F
15000.0, 60 months,18.2,54320.0,30.0,RENT,E
16000.0, 60 months,15.77,90000.0,16.16,RENT,D
4800.0, 36 months,11.48,64000.0,12.51,RENT,B
13650.0, 60 months,21.48,37000.0,19.51,OWN,E
32450.0, 60 months,17.97,87000.0,30.94,MORTGAGE,D
3600.0, 36 months,13.44,61700.0,33.05,RENT,C
5600.0, 36 months,9.8,100000.0,15.1,MORTGAGE,B
8100.0, 36 months,20.5,60000.0,15.12,RENT,E
6000.0, 36 months,14.85,65000.0,17.08,RENT,C
10000.0, 36 months,13.99,67000.0,15.74,OWN,C
16000.0, 60 months,16.59,63000.0,11.09,MORTGAGE,D
15000.0, 36 months,12.59,62000.0,14.83,MORTGAGE,C
30000.0, 36 months,13.44,106000.0,14.19,MORTGAGE,C
35000.0, 60 months,13.67,126500.0,14.11,MORTGAGE,C
24000.0, 60 months,13.67,75000.0,25.42,MORTGAGE,C
5000.0, 36 months,11.99,55000.0,13.94,RENT,C
16000.0, 60 months,8.49,84000.0,19.06,MORTGAGE,B
10000.0, 36 months,9.17,96000.0,8.45,OWN,B
23750.0, 60 months,15.41,54000.0,24.44,OWN,D
12000.0, 36 months,12.88,54000.0,16.0,RENT,C
20400.0, 36 months,6.99,152000.0,10.11,RENT,A
27950.0, 36 months,13.67,81000.0,28.4,RENT,C
11550.0, 60 months,16.59,38000.0,21.07,RENT,D
8000.0, 36 months,7.49,60000.0,13.52,MORTGAGE,A
24000.0, 60 months,18.99,230000.0,14.44,RENT,E
13000.0, 60 months,13.18,35000.0,27.39,RENT,C
11000.0, 36 months,6.99,44000.0,28.97,OWN,A
6000.0, 36 months,9.17,42000.0,6.97,MORTGAGE,B
15000.0, 36 months,11.99,58000.0,27.83,RENT,C
10000.0, 36 months,12.88,40000.0,12.6,RENT,C
18000.0, 36 months,9.17,90000.0,14.28,MORTGAGE,B
22900.0, 60 months,16.59,150000.0,15.12,MORTGAGE,D
15000.0, 36 months,5.32,65050.0,6.27,OWN,A
1500.0, 36 months,11.22,47000.0,9.7,MORTGAGE,B
35000.0, 60 months,17.27,125000.0,14.1,MORTGAGE,D
25000.0, 36 months,17.57,90000.0,37.11,RENT,D
30000.0, 36 months,13.67,69000.0,26.9,MORTGAGE,C
20000.0, 60 months,22.45,65000.0,10.45,MORTGAGE,F
12500.0, 36 months,12.88,25000.0,23.09,MORTGAGE,C
21000.0, 36 months,9.17,150000.0,14.28,RENT,B
16800.0, 60 months,12.59,70000.0,18.63,RENT,C
15000.0, 36 months,17.27,60500.0,25.49,MORTGAGE,D
24000.0, 36 months,13.18,130000.0,24.16,MORTGAGE,C
25000.0, 36 months,5.32,75000.0,16.48,MORTGAGE,A
2800.0, 36 months,9.17,36000.0,13.9,OWN,B
10000.0, 36 months,5.32,85000.0,16.87,MORTGAGE,A
7200.0, 36 months,11.22,57500.0,36.11,OWN,B
20000.0, 36 months,9.17,82000.0,21.03,MORTGAGE,B
6000.0, 36 months,6.99,48000.0,33.78,OWN,A
20000.0, 36 months,8.49,175000.0,8.59,MORTGAGE,B
13000.0, 36 months,6.99,33000.0,27.96,RENT,A
16000.0, 36 months,6.24,112000.0,28.68,MORTGAGE,A
10200.0, 36 months,7.91,42000.0,12.49,RENT,A
5600.0, 36 months,15.77,60000.0,38.26,RENT,D
6000.0, 36 months,7.89,86000.0,17.76,MORTGAGE,A
24900.0, 60 months,13.44,54139.0,22.59,MORTGAGE,C
35000.0, 36 months,10.64,300000.0,24.09,MORTGAGE,B
25000.0, 36 months,7.49,100000.0,29.15,MORTGAGE,A
15000.0, 36 months,10.64,81200.0,20.48,MORTGAGE,B
6400.0, 36 months,11.48,29000.0,21.56,RENT,B
12000.0, 36 months,8.38,60000.0,4.4,MORTGAGE,B
6125.0, 36 months,11.99,22000.0,27.87,RENT,C
25000.0, 36 months,6.89,85000.0,18.88,RENT,A
6000.0, 36 months,11.99,23452.0,36.59,RENT,C
11675.0, 60 months,17.97,50000.0,33.29,RENT,D
20000.0, 36 months,12.88,120000.0,13.79,RENT,C
6000.0, 36 months,9.17,49850.0,25.4,RENT,B
25000.0, 36 months,5.32,150000.0,9.54,MORTGAGE,A
4500.0, 36 months,6.49,50000.0,20.96,RENT,A
12000.0, 60 months,12.88,100000.0,12.31,OWN,C
1600.0, 36 months,18.49,62000.0,17.65,RENT,D
18000.0, 36 months,11.48,103000.0,8.4,RENT,B
12000.0, 36 months,7.26,110000.0,11.84,MORTGAGE,A
20000.0, 36 months,5.32,65000.0,18.83,OWN,A
8000.0, 36 months,9.17,52000.0,11.86,RENT,B
20000.0, 60 months,12.88,61339.0,2.11,MORTGAGE,C
35000.0, 36 months,13.44,280000.0,16.72,MORTGAGE,C
9000.0, 36 months,9.8,74000.0,6.91,MORTGAGE,B
15675.0, 36 months,16.99,43600.0,17.63,MORTGAGE,D
7325.0, 36 months,16.59,45000.0,36.16,OWN,D
7000.0, 36 months,13.99,83000.0,21.96,RENT,C
12000.0, 36 months,6.49,80000.0,26.75,RENT,A
5400.0, 36 months,12.88,44027.0,9.38,RENT,C
16000.0, 36 months,11.48,101000.0,26.76,RENT,B
20000.0, 36 months,7.49,58000.0,13.49,MORTGAGE,A
24000.0, 36 months,5.32,190000.0,11.27,MORTGAGE,A
9600.0, 36 months,11.99,43420.0,7.19,RENT,C
7000.0, 36 months,11.99,39500.0,32.12,RENT,C
4800.0, 36 months,14.85,19500.0,5.23,RENT,C
15000.0, 36 months,6.49,58500.0,21.87,MORTGAGE,A
4800.0, 36 months,17.97,65000.0,35.01,RENT,D
5000.0, 36 months,10.78,36000.0,24.03,RENT,B
8000.0, 36 months,8.49,105000.0,19.71,MORTGAGE,B
17475.0, 36 months,8.49,65000.0,23.9,MORTGAGE,B
10000.0, 60 months,18.2,75000.0,20.1,MORTGAGE,E
30000.0, 36 months,8.38,176000.0,5.47,MORTGAGE,B
5600.0, 36 months,14.85,26000.0,14.4,RENT,C
16000.0, 36 months,6.99,125000.0,9.74,RENT,A
13000.0, 36 months,11.99,55000.0,7.87,MORTGAGE,C
24000.0, 36 months,8.49,72000.0,22.8,MORTGAGE,B
5000.0, 36 months,12.88,25000.0,30.94,OWN,C
28000.0, 36 months,14.85,96000.0,16.61,RENT,C
18275.0, 36 months,15.77,45000.0,32.86,RENT,D
8500.0, 36 months,10.64,45000.0,17.55,RENT,B
35000.0, 60 months,17.57,90000.0,6.34,MORTGAGE,D
28000.0, 60 months,22.45,65000.0,19.65,OWN,F
11575.0, 36 months,14.48,79000.0,8.96,OWN,C
24000.0, 36 months,9.17,110000.0,17.27,RENT,B
16400.0, 36 months,15.77,41000.0,4.51,MORTGAGE,D
15900.0, 36 months,6.49,46217.0,16.49,RENT,A
16750.0, 60 months,16.59,64296.0,17.45,MORTGAGE,D
12000.0, 36 months,14.85,36000.0,19.9,RENT,C
10075.0, 36 months,11.99,28000.0,21.35,OWN,C
10000.0, 60 months,17.97,140000.0,30.85,RENT,D
20000.0, 36 months,8.49,175000.0,17.51,RENT,B
26500.0, 60 months,8.49,74000.0,24.08,MORTGAGE,B
12000.0, 36 months,7.89,85000.0,15.03,RENT,A
9925.0, 36 months,16.55,21588.0,21.46,OWN,D
11825.0, 36 months,17.86,55000.0,19.99,MORTGAGE,D
6000.0, 36 months,5.32,120000.0,3.98,OWN,A
7200.0, 36 months,11.99,19000.0,37.97,RENT,C
15000.0, 36 months,9.76,60000.0,23.44,MORTGAGE,B
7500.0, 36 months,13.18,60000.0,30.8,RENT,C
35000.0, 36 months,8.49,91000.0,21.92,RENT,B
8400.0, 36 months,10.64,92000.0,9.37,RENT,B
20000.0, 36 months,5.32,140000.0,16.65,OWN,A
22900.0, 60 months,15.77,60000.0,17.57,OWN,D
14075.0, 36 months,17.97,120000.0,14.4,MORTGAGE,D
7000.0, 36 months,6.89,67024.0,25.17,RENT,A
20000.0, 36 months,9.17,60000.0,17.8,RENT,B
10800.0, 36 months,8.49,75400.0,17.54,RENT,B
16000.0, 36 months,6.24,130000.0,9.92,OWN,A
6000.0, 36 months,8.49,46000.0,13.67,RENT,B
33875.0, 60 months,24.24,77900.0,5.36,OWN,F
12000.0, 36 months,7.89,95000.0,21.49,MORTGAGE,A
22800.0, 36 months,10.78,132000.0,17.17,MORTGAGE,B
7500.0, 36 months,15.77,75000.0,9.74,RENT,D
8000.0, 36 months,7.91,42000.0,24.14,RENT,A
20000.0, 36 months,13.44,91500.0,23.84,MORTGAGE,C
16000.0, 36 months,10.78,85000.0,12.97,RENT,B
15000.0, 36 months,15.77,70600.0,13.87,RENT,D
7000.0, 36 months,10.64,40000.0,26.85,RENT,B
5000.0, 36 months,17.86,34000.0,15.64,MORTGAGE,D
11000.0, 36 months,12.59,66000.0,15.47,RENT,C
15000.0, 60 months,16.55,36816.0,39.7,RENT,D
25000.0, 36 months,5.32,195000.0,14.56,MORTGAGE,A
16800.0, 60 months,16.55,66500.0,34.08,RENT,D
7700.0, 36 months,16.99,67000.0,19.13,OWN,D
10500.0, 36 months,8.49,168400.0,27.58,MORTGAGE,B
3000.0, 36 months,8.49,75000.0,10.64,MORTGAGE,B
30000.0, 60 months,23.13,140000.0,24.5,MORTGAGE,F
18000.0, 36 months,12.88,85000.0,14.26,RENT,C
10000.0, 36 months,11.48,53000.0,24.8,RENT,B
35000.0, 60 months,10.78,102000.0,17.2,RENT,B
8500.0, 36 months,5.32,68000.0,13.12,MORTGAGE,A
30000.0, 60 months,12.88,104000.0,24.01,MORTGAGE,C
8000.0, 36 months,11.48,125000.0,9.37,MORTGAGE,B
7500.0, 36 months,12.59,75000.0,15.44,RENT,C
12000.0, 60 months,9.8,85000.0,18.03,MORTGAGE,B
12000.0, 36 months,15.77,37000.0,30.65,MORTGAGE,D
25000.0, 60 months,10.78,60000.0,21.96,OWN,B
20000.0, 36 months,11.48,120000.0,17.82,MORTGAGE,B
30000.0, 60 months,21.48,60000.0,5.32,MORTGAGE,E
5500.0, 36 months,9.17,45000.0,2.64,MORTGAGE,B
5000.0, 36 months,14.85,116000.0,18.46,OWN,C
18000.0, 36 months,9.8,45000.0,21.39,MORTGAGE,B
7500.0, 36 months,11.22,40000.0,20.25,RENT,B
12000.0, 36 months,11.99,46000.0,13.93,RENT,C
15000.0, 36 months,8.49,54000.0,10.84,MORTGAGE,B
2425.0, 36 months,18.99,20000.0,17.11,RENT,E
4650.0, 36 months,12.88,26248.0,34.02,MORTGAGE,C
14600.0, 36 months,8.49,67000.0,19.63,MORTGAGE,B
2500.0, 36 months,21.99,45220.0,26.28,RENT,F
14850.0, 60 months,18.49,45000.0,13.57,MORTGAGE,D
12000.0, 36 months,6.49,117000.0,23.83,MORTGAGE,A
5900.0, 36 months,9.17,37000.0,11.71,OWN,B
20000.0, 60 months,19.89,240000.0,11.83,MORTGAGE,E
15000.0, 36 months,5.32,81000.0,16.95,OWN,A
12000.0, 36 months,7.49,62000.0,12.92,RENT,A
7500.0, 36 months,5.32,100000.0,4.62,MORTGAGE,A
8500.0, 36 months,6.99,45000.0,14.61,RENT,A
7500.0, 36 months,10.64,60000.0,36.25,MORTGAGE,B
23800.0, 60 months,18.99,59500.0,30.54,RENT,E
30000.0, 60 months,13.67,80000.0,36.05,OWN,C
3725.0, 36 months,11.48,12420.0,25.51,RENT,B
10000.0, 36 months,10.78,125000.0,19.92,MORTGAGE,B
15000.0, 60 months,17.57,37000.0,33.12,RENT,D
8000.0, 36 months,9.8,65000.0,19.7,OWN,B
5000.0, 36 months,8.49,43000.0,17.25,RENT,B
15000.0, 36 months,6.99,93000.0,14.86,MORTGAGE,A
5000.0, 36 months,5.32,82000.0,23.39,MORTGAGE,A
14000.0, 36 months,5.32,130000.0,11.74,MORTGAGE,A
5000.0, 36 months,13.99,70000.0,24.26,RENT,C
24000.0, 60 months,9.8,80000.0,13.14,MORTGAGE,B
14000.0, 36 months,11.99,72000.0,7.27,RENT,C
20000.0, 60 months,22.45,110000.0,8.84,RENT,F
13000.0, 36 months,10.78,45000.0,26.64,MORTGAGE,B
10000.0, 36 months,7.91,118000.0,21.0,MORTGAGE,A
10000.0, 36 months,9.17,45000.0,26.08,OWN,B
11200.0, 36 months,9.17,102000.0,21.54,OWN,B
12500.0, 36 months,13.67,54000.0,25.49,MORTGAGE,C
5000.0, 36 months,12.88,30000.0,5.52,RENT,C
35000.0, 36 months,17.27,106000.0,13.52,MORTGAGE,D
6500.0, 36 months,7.91,40000.0,9.94,RENT,A
6000.0, 36 months,10.78,17000.0,33.84,RENT,B
9000.0, 36 months,9.17,50000.0,11.98,OWN,B
20000.0, 36 months,7.26,150000.0,9.86,MORTGAGE,A
24000.0, 36 months,6.49,110000.0,7.87,OWN,A
9000.0, 36 months,13.44,68000.0,24.83,MORTGAGE,C
24000.0, 36 months,6.24,230000.0,14.62,MORTGAGE,A
18000.0, 36 months,12.88,49583.0,38.45,OWN,C
12000.0, 36 months,8.38,62000.0,8.69,MORTGAGE,B
11550.0, 36 months,18.99,28948.92,18.41,MORTGAGE,E
16000.0, 36 months,9.76,100000.0,8.32,RENT,B
35000.0, 60 months,24.99,115000.0,21.32,MORTGAGE,F
5000.0, 36 months,7.26,99000.0,29.15,MORTGAGE,A
9000.0, 36 months,10.78,36500.0,27.39,RENT,B
21700.0, 60 months,22.45,60300.0,24.74,OWN,F
30000.0, 36 months,11.48,87000.0,29.89,MORTGAGE,B
18000.0, 36 months,8.38,50147.0,13.28,OWN,B
14225.0, 60 months,15.77,68000.0,11.33,MORTGAGE,D
12500.0, 60 months,11.99,200000.0,12.74,MORTGAGE,C
6000.0, 36 months,9.76,50000.0,13.42,MORTGAGE,B
12000.0, 36 months,6.24,106000.0,12.08,MORTGAGE,A
18000.0, 36 months,7.49,60000.0,35.0,OWN,A
9000.0, 36 months,11.48,75000.0,21.74,RENT,B
10000.0, 60 months,11.99,50000.0,15.55,MORTGAGE,C
15000.0, 36 months,16.59,80000.0,19.92,MORTGAGE,D
29600.0, 60 months,17.86,67300.0,21.18,OWN,D
14450.0, 36 months,11.48,116300.0,2.86,MORTGAGE,B
20000.0, 60 months,11.99,103000.0,18.36,MORTGAGE,C
16000.0, 36 months,7.49,49000.0,27.87,RENT,A
24000.0, 60 months,12.88,68000.0,23.91,RENT,C
27025.0, 36 months,7.49,675000.0,13.44,MORTGAGE,A
18675.0, 60 months,18.99,110000.0,9.95,OWN,E
16000.0, 60 months,18.99,75000.0,38.48,OWN,E
18800.0, 36 months,13.44,56000.0,19.7,MORTGAGE,C
16000.0, 36 months,8.49,140000.0,14.68,MORTGAGE,B
20225.0, 36 months,8.49,550000.0,12.64,MORTGAGE,B
35000.0, 36 months,17.27,160000.0,18.11,RENT,D
2150.0, 36 months,17.27,18300.0,11.74,OWN,D
25200.0, 60 months,13.18,74000.0,19.22,MORTGAGE,C
17600.0, 36 months,14.85,40000.0,17.64,RENT,C
3600.0, 36 months,12.59,13000.0,35.55,OWN,C
10000.0, 36 months,6.89,58000.0,11.32,MORTGAGE,A
16200.0, 60 months,20.5,75000.0,12.69,MORTGAGE,E
10000.0, 36 months,11.99,62000.0,18.99,RENT,C
16000.0, 36 months,15.77,70000.0,8.78,MORTGAGE,D
9000.0, 36 months,6.49,87000.0,21.61,MORTGAGE,A
12800.0, 36 months,11.99,42000.0,9.28,RENT,C
8000.0, 36 months,8.49,58000.0,5.9,MORTGAGE,B
7925.0, 36 months,13.67,70000.0,23.93,RENT,C
35000.0, 60 months,11.48,90000.0,25.67,MORTGAGE,B
21000.0, 36 months,7.91,110000.0,23.39,MORTGAGE,A
15000.0, 36 months,7.49,99000.0,12.17,MORTGAGE,A
15000.0, 60 months,15.77,65000.0,6.43,RENT,D
1000.0, 36 months,12.88,70000.0,6.1,RENT,C
18000.0, 60 months,9.76,95000.0,20.7,MORTGAGE,B
22000.0, 36 months,6.49,50000.0,9.77,MORTGAGE,A
20400.0, 60 months,12.59,55000.0,9.69,MORTGAGE,C
35000.0, 36 months,11.99,160000.0,14.32,MORTGAGE,C
17475.0, 36 months,16.59,38000.0,21.83,OWN,D
7000.0, 36 months,12.88,24000.0,36.2,OWN,C
27000.0, 60 months,19.89,54000.0,10.71,MORTGAGE,E
5000.0, 36 months,10.78,50000.0,16.36,MORTGAGE,B
14400.0, 60 months,7.91,120000.0,7.04,MORTGAGE,A
9000.0, 36 months,6.99,75000.0,11.82,MORTGAGE,A
15000.0, 60 months,12.59,90000.0,9.33,RENT,C
7500.0, 36 months,8.49,77200.0,13.26,MORTGAGE,B
28000.0, 36 months,8.38,325000.0,9.05,OWN,B
18000.0, 36 months,8.49,75000.0,24.69,OWN,B
28025.0, 36 months,12.88,120000.0,17.17,MORTGAGE,C
5000.0, 36 months,13.67,49000.0,19.3,RENT,C
15000.0, 36 months,10.78,49000.0,4.67,MORTGAGE,B
30000.0, 60 months,13.99,95000.0,32.83,MORTGAGE,C
8525.0, 36 months,9.17,38500.0,28.01,RENT,B
22800.0, 36 months,13.67,120000.0,15.06,OWN,C
15000.0, 36 months,9.17,50000.0,18.44,MORTGAGE,B
5000.0, 36 months,10.78,60000.0,32.02,RENT,B
28075.0, 36 months,13.99,110000.0,26.35,RENT,C
20000.0, 60 months,22.99,129000.0,9.14,MORTGAGE,F
15000.0, 36 months,12.88,140000.0,16.98,MORTGAGE,C
5000.0, 36 months,17.97,24500.0,24.55,RENT,D
10000.0, 36 months,6.99,80000.0,11.28,MORTGAGE,A
21000.0, 60 months,10.78,59000.0,26.02,MORTGAGE,B
18000.0, 36 months,6.99,98000.0,20.7,MORTGAGE,A
15000.0, 36 months,11.99,35000.0,20.75,RENT,C
15000.0, 36 months,10.64,52000.0,19.11,RENT,B
30000.0, 36 months,10.78,105000.0,13.07,MORTGAGE,B
17000.0, 36 months,8.49,85000.0,24.45,MORTGAGE,B
8000.0, 36 months,17.97,33130.0,11.52,MORTGAGE,D
15000.0, 60 months,18.49,55000.0,23.61,RENT,D
24000.0, 60 months,10.78,110000.0,20.82,MORTGAGE,B
35000.0, 36 months,17.27,186000.0,8.15,MORTGAGE,D
16000.0, 36 months,10.78,90000.0,21.05,MORTGAGE,B
11025.0, 36 months,13.44,24000.0,26.21,RENT,C
11000.0, 36 months,10.64,50000.0,19.32,RENT,B
21000.0, 36 months,9.17,85000.0,14.65,MORTGAGE,B
9900.0, 36 months,9.17,57000.0,21.71,RENT,B
12000.0, 60 months,13.99,38000.0,31.43,OWN,C
33000.0, 60 months,17.97,75000.0,11.04,OWN,D
25000.0, 60 months,14.85,125000.0,14.71,MORTGAGE,C
7200.0, 36 months,6.49,60000.0,20.68,MORTGAGE,A
4000.0, 36 months,10.64,48000.0,27.35,MORTGAGE,B
17500.0, 36 months,8.49,59000.0,18.96,MORTGAGE,B
16000.0, 60 months,8.49,85000.0,12.37,MORTGAGE,B
12000.0, 36 months,9.17,80000.0,5.42,RENT,B
15000.0, 36 months,5.32,70000.0,22.77,OWN,A
12000.0, 36 months,9.8,80000.0,17.31,MORTGAGE,B
2400.0, 36 months,12.59,58250.0,22.46,RENT,C
20000.0, 36 months,5.32,139000.0,9.24,RENT,A
21000.0, 36 months,5.32,90000.0,7.69,MORTGAGE,A
14000.0, 36 months,9.17,77000.0,21.92,MORTGAGE,B
20000.0, 36 months,9.8,59120.0,30.59,MORTGAGE,B
10000.0, 36 months,8.49,169000.0,10.14,MORTGAGE,B
2000.0, 36 months,11.99,44000.0,3.32,RENT,C
2500.0, 36 months,13.99,40000.0,26.55,RENT,C
23050.0, 36 months,12.88,60000.0,33.78,RENT,C
4000.0, 36 months,10.64,60000.0,27.62,MORTGAGE,B
10725.0, 36 months,12.88,80000.0,17.46,OWN,C
21000.0, 60 months,15.41,42000.0,18.44,RENT,D
16150.0, 60 months,17.86,87000.0,32.59,MORTGAGE,D
18000.0, 36 months,9.17,96000.0,18.76,MORTGAGE,B
10000.0, 36 months,9.17,52000.0,22.92,RENT,B
35000.0, 36 months,9.17,175000.0,12.01,RENT,B
6000.0, 36 months,7.91,125000.0,10.12,MORTGAGE,A
9100.0, 36 months,9.17,51376.0,10.88,RENT,B
11525.0, 60 months,18.99,32017.0,30.43,RENT,E
15000.0, 36 months,17.27,101000.0,39.87,RENT,D
10000.0, 36 months,12.59,60000.0,30.54,MORTGAGE,C
17500.0, 60 months,20.5,134000.0,5.21,OWN,E
25000.0, 60 months,13.99,150000.0,11.41,RENT,C
35000.0, 60 months,21.48,115000.0,22.29,RENT,E
22925.0, 60 months,16.55,49872.95,24.62,MORTGAGE,D
30000.0, 36 months,11.99,160000.0,17.62,OWN,C
3500.0, 36 months,14.85,165000.0,19.94,MORTGAGE,C
19800.0, 36 months,12.88,78924.0,13.12,MORTGAGE,C
15000.0, 36 months,13.99,48000.0,31.29,OWN,C
8000.0, 36 months,13.99,50000.0,19.85,MORTGAGE,C
30000.0, 60 months,26.06,125000.0,23.25,RENT,F
6000.0, 36 months,7.91,81120.0,18.45,MORTGAGE,A
12000.0, 36 months,5.32,80000.0,27.21,MORTGAGE,A
4325.0, 36 months,9.8,40000.0,14.79,MORTGAGE,B
12000.0, 60 months,10.78,60000.0,21.86,MORTGAGE,B
6000.0, 36 months,10.64,31000.0,7.24,RENT,B
16000.0, 36 months,5.32,75000.0,11.69,MORTGAGE,A
9000.0, 36 months,17.27,48000.0,38.68,RENT,D
28000.0, 36 months,7.89,123000.0,7.29,RENT,A
22500.0, 36 months,9.17,63000.0,11.39,MORTGAGE,B
35000.0, 36 months,9.17,118000.0,17.44,MORTGAGE,B
15550.0, 36 months,14.48,45800.0,24.32,MORTGAGE,C
13300.0, 60 months,21.48,37000.0,17.61,OWN,E
5600.0, 36 months,10.64,43000.0,26.77,RENT,B
3700.0, 36 months,13.67,58000.0,35.26,MORTGAGE,C
6000.0, 36 months,5.32,45000.0,16.59,MORTGAGE,A
24000.0, 36 months,9.17,140000.0,11.04,RENT,B
10000.0, 36 months,6.24,153000.0,19.95,MORTGAGE,A
18500.0, 36 months,5.32,48700.0,25.33,OWN,A
9500.0, 36 months,11.48,50000.0,25.13,RENT,B
18600.0, 60 months,15.41,100000.0,14.95,MORTGAGE,D
9000.0, 36 months,11.99,91800.0,23.76,MORTGAGE,C
15000.0, 36 months,7.49,130600.0,14.19,MORTGAGE,A
24000.0, 60 months,7.91,80000.0,22.91,MORTGAGE,A
13925.0, 36 months,9.8,41000.0,12.09,MORTGAGE,B
10000.0, 36 months,13.99,52000.0,29.31,OWN,C
10000.0, 36 months,7.91,55000.0,21.14,MORTGAGE,A
14400.0, 36 months,14.48,280000.0,9.79,MORTGAGE,C
17500.0, 36 months,18.49,78250.0,24.17,RENT,D
7750.0, 36 months,11.22,48000.0,17.68,OWN,B
14400.0, 36 months,9.17,82000.0,12.47,RENT,B
12000.0, 60 months,11.99,58000.0,11.81,MORTGAGE,C
11375.0, 60 months,26.06,34500.0,17.36,MORTGAGE,F
13700.0, 36 months,17.97,38500.0,21.13,RENT,D
20000.0, 60 months,8.38,116000.0,16.32,RENT,B
12000.0, 60 months,20.5,35000.0,28.74,RENT,E
5500.0, 36 months,13.67,75000.0,11.33,RENT,C
8000.0, 36 months,11.99,48000.0,8.78,MORTGAGE,C
32000.0, 60 months,10.78,93000.0,17.5,RENT,B
5575.0, 36 months,8.49,25000.0,27.89,OWN,B
26900.0, 36 months,11.99,125000.0,21.6,MORTGAGE,C
10000.0, 36 months,7.49,70200.0,15.16,MORTGAGE,A
32000.0, 36 months,7.91,180000.0,8.75,OWN,A
24000.0, 60 months,14.48,171000.0,8.98,RENT,C
6000.0, 36 months,7.49,31000.0,4.76,RENT,A
9600.0, 36 months,16.59,155000.0,27.66,MORTGAGE,D
10000.0, 36 months,7.91,40100.0,10.81,RENT,A
30000.0, 60 months,11.48,70000.0,22.22,MORTGAGE,B
13625.0, 36 months,12.59,31000.0,18.51,OWN,C
8000.0, 36 months,11.99,50000.0,22.25,RENT,C
1500.0, 36 months,13.44,39600.0,22.51,RENT,C
22350.0, 36 months,13.44,127000.0,23.64,MORTGAGE,C
18000.0, 36 months,15.77,65000.0,38.04,RENT,D
21000.0, 36 months,9.17,122000.0,13.43,MORTGAGE,B
6000.0, 36 months,5.32,88000.0,16.96,MORTGAGE,A
21000.0, 36 months,7.49,120000.0,14.44,MORTGAGE,A
2150.0, 36 months,18.99,41000.0,31.06,MORTGAGE,E
7900.0, 36 months,17.57,64282.0,36.28,RENT,D
8000.0, 36 months,7.26,42000.0,0.71,RENT,A
16000.0, 36 months,6.24,78379.0,7.38,MORTGAGE,A
5000.0, 36 months,11.99,45250.0,25.93,OWN,C
9500.0, 36 months,9.17,55000.0,14.95,RENT,B
5000.0, 36 months,11.48,52000.0,18.23,MORTGAGE,B
16000.0, 36 months,12.88,65000.0,18.96,MORTGAGE,C
12600.0, 36 months,13.99,35000.0,28.01,MORTGAGE,C
20000.0, 60 months,13.44,110000.0,16.64,MORTGAGE,C
10000.0, 36 months,6.24,144000.0,20.49,OWN,A
7200.0, 36 months,13.44,276000.0,7.44,MORTGAGE,C
9600.0, 36 months,11.99,33000.0,36.02,RENT,C
14000.0, 60 months,11.99,94000.0,14.0,MORTGAGE,C
24150.0, 60 months,19.48,56000.0,22.7,MORTGAGE,E
25000.0, 36 months,6.99,175000.0,6.49,MORTGAGE,A
25000.0, 36 months,13.44,79000.0,8.85,OWN,C
4500.0, 36 months,14.85,42000.0,14.3,MORTGAGE,C
12000.0, 36 months,11.99,115000.0,5.96,OWN,C
8400.0, 36 months,13.44,40000.0,16.06,RENT,C
16000.0, 36 months,10.78,90000.0,15.36,MORTGAGE,B
7000.0, 36 months,10.78,38000.0,26.06,RENT,B
29850.0, 60 months,13.67,73000.0,33.78,OWN,C
5000.0, 36 months,11.99,67000.0,26.09,MORTGAGE,C
24000.0, 36 months,5.32,74000.0,14.77,RENT,A
11000.0, 36 months,9.17,80500.0,28.9,OWN,B
18000.0, 36 months,16.55,61000.0,32.85,RENT,D
25000.0, 36 months,11.48,127000.0,21.87,RENT,B
10000.0, 36 months,6.49,35000.0,19.44,MORTGAGE,A
10000.0, 36 months,11.99,30200.0,26.08,RENT,C
17000.0, 36 months,12.88,89000.0,21.02,RENT,C
10000.0, 36 months,5.32,75000.0,22.85,MORTGAGE,A
17575.0, 60 months,21.48,48865.0,25.64,RENT,E
30000.0, 60 months,13.44,70000.0,12.08,MORTGAGE,C
7200.0, 36 months,16.59,20000.0,39.74,RENT,D
3750.0, 36 months,16.55,30000.0,35.96,RENT,D
6000.0, 36 months,10.78,49000.0,28.46,RENT,B
2525.0, 36 months,9.8,41000.0,3.22,OWN,B
19200.0, 60 months,27.99,60000.0,16.58,OWN,G
8000.0, 36 months,9.17,52936.0,16.62,RENT,B
16000.0, 36 months,7.89,110000.0,14.75,OWN,A
3500.0, 36 months,6.89,65000.0,13.09,MORTGAGE,A
6000.0, 36 months,7.91,180000.0,10.53,RENT,A
17500.0, 36 months,8.49,35000.0,19.48,OWN,B
12300.0, 36 months,11.99,28000.0,29.58,MORTGAGE,C
6000.0, 36 months,16.59,40000.0,10.8,RENT,D
23000.0, 60 months,11.22,85900.0,34.42,MORTGAGE,B
3500.0, 36 months,16.59,48000.0,33.95,RENT,D
28000.0, 60 months,17.27,93000.0,15.54,RENT,D
6000.0, 36 months,9.17,45000.0,14.53,MORTGAGE,B
16000.0, 36 months,14.85,46000.0,23.64,MORTGAGE,C
12000.0, 36 months,9.17,125000.0,3.06,MORTGAGE,B
10000.0, 36 months,11.48,40000.0,25.29,MORTGAGE,B
15000.0, 60 months,18.49,64000.0,33.13,RENT,D
10175.0, 60 months,19.89,63900.0,20.28,MORTGAGE,E
24000.0, 36 months,6.49,65000.0,16.97,MORTGAGE,A
30000.0, 36 months,6.89,125000.0,17.3,MORTGAGE,A
21000.0, 60 months,15.77,115000.0,18.12,RENT,D
5000.0, 36 months,14.85,26880.0,21.16,MORTGAGE,C
24000.0, 36 months,6.89,110000.0,26.12,MORTGAGE,A
6500.0, 36 months,7.91,42000.0,17.49,MORTGAGE,A
8400.0, 36 months,9.17,70000.0,12.96,MORTGAGE,B
1000.0, 36 months,15.77,31999.0,24.83,RENT,D
8000.0, 36 months,6.49,112000.0,14.52,MORTGAGE,A
16800.0, 36 months,8.49,85400.0,17.27,MORTGAGE,B
8500.0, 36 months,6.99,60000.0,12.38,OWN,A
10000.0, 36 months,13.44,110000.0,20.01,RENT,C
14500.0, 36 months,13.99,50000.0,24.89,MORTGAGE,C
35000.0, 60 months,11.22,150000.0,28.59,MORTGAGE,B
12675.0, 60 months,16.59,50000.0,32.62,MORTGAGE,D
12000.0, 36 months,9.17,70000.0,12.94,MORTGAGE,B
4500.0, 36 months,16.59,62275.0,3.17,RENT,D
3000.0, 36 months,20.5,10000.0,27.01,RENT,E
7200.0, 36 months,15.77,60000.0,29.32,OWN,D
20000.0, 36 months,9.8,58000.0,26.98,RENT,B
25000.0, 60 months,10.64,60000.0,21.68,MORTGAGE,B
16000.0, 60 months,13.44,40000.0,17.55,RENT,C
8000.0, 36 months,9.17,90000.0,8.37,RENT,B
7000.0, 36 months,12.59,85000.0,22.05,OWN,C
23150.0, 36 months,16.55,75000.0,17.82,MORTGAGE,D
10700.0, 36 months,6.49,65000.0,28.03,MORTGAGE,A
35000.0, 36 months,14.85,200000.0,17.42,RENT,C
10000.0, 36 months,12.88,91392.0,9.44,MORTGAGE,C
18850.0, 36 months,11.99,50000.0,4.25,RENT,C
20550.0, 60 months,18.49,70000.0,27.88,MORTGAGE,D
16000.0, 36 months,9.8,50000.0,16.16,MORTGAGE,B
16800.0, 60 months,14.85,38300.0,21.75,RENT,C
21125.0, 60 months,12.59,45000.0,36.45,MORTGAGE,C
35000.0, 60 months,20.5,52000.0,33.07,MORTGAGE,E
5000.0, 36 months,8.38,63000.0,15.27,MORTGAGE,B
8000.0, 36 months,15.77,32000.0,7.19,RENT,D
5000.0, 36 months,13.44,40000.0,17.7,RENT,C
27000.0, 36 months,6.89,90000.0,20.6,MORTGAGE,A
12000.0, 36 months,8.38,97000.0,10.5,MORTGAGE,B
7200.0, 36 months,14.85,25958.0,18.4,RENT,C
29200.0, 60 months,12.88,90000.0,7.59,MORTGAGE,C
15000.0, 36 months,12.88,43000.0,27.15,OWN,C
21000.0, 60 months,12.88,83000.0,16.05,RENT,C
29000.0, 36 months,13.18,58000.0,23.94,OWN,C
23100.0, 60 months,20.5,110000.0,20.43,OWN,E
14700.0, 60 months,26.06,35000.0,24.93,RENT,F
13000.0, 36 months,6.99,75000.0,30.7,MORTGAGE,A
18000.0, 60 months,13.44,56000.0,27.2,MORTGAGE,C
11000.0, 36 months,11.48,75000.0,10.78,MORTGAGE,B
12000.0, 36 months,12.88,38000.0,19.74,OWN,C
15000.0, 60 months,9.17,40000.0,13.05,RENT,B
8000.0, 36 months,9.17,41600.0,15.38,MORTGAGE,B
18000.0, 36 months,11.99,52800.0,31.82,MORTGAGE,C
12000.0, 36 months,9.8,120000.0,33.07,RENT,B
30000.0, 36 months,9.17,135000.0,11.63,MORTGAGE,B
24100.0, 36 months,8.38,60000.0,17.92,RENT,B
12000.0, 60 months,19.48,60000.0,23.44,MORTGAGE,E
3200.0, 36 months,12.88,158000.0,26.22,MORTGAGE,C
28000.0, 60 months,15.77,102000.0,11.56,MORTGAGE,D
35000.0, 60 months,18.2,105000.0,35.18,MORTGAGE,E
4500.0, 36 months,13.44,44900.0,30.36,OWN,C
16000.0, 36 months,18.99,70000.0,15.7,RENT,E
5000.0, 36 months,7.91,60000.0,6.1,OWN,A
6025.0, 36 months,11.99,70000.0,9.58,MORTGAGE,C
20000.0, 60 months,11.22,80000.0,20.28,RENT,B
3225.0, 36 months,20.5,35000.0,24.01,MORTGAGE,E
1500.0, 36 months,16.59,32000.0,29.0,MORTGAGE,D
11200.0, 36 months,11.48,60000.0,18.94,MORTGAGE,B
2800.0, 36 months,13.44,80000.0,18.51,RENT,C
10000.0, 36 months,9.17,110000.0,28.37,OWN,B
9800.0, 36 months,12.88,103000.0,16.91,RENT,C
14400.0, 36 months,9.17,60000.0,30.24,MORTGAGE,B
5000.0, 36 months,6.99,45000.0,12.24,OWN,A
12000.0, 36 months,6.49,100000.0,14.58,RENT,A
5000.0, 36 months,10.78,30000.0,22.24,MORTGAGE,B
12000.0, 36 months,9.17,48000.0,19.65,MORTGAGE,B
10000.0, 36 months,12.88,30000.0,27.2,OWN,C
5000.0, 36 months,11.48,32500.0,31.63,RENT,B
12000.0, 36 months,7.26,124000.0,26.68,MORTGAGE,A
14400.0, 36 months,14.85,62000.0,12.5,RENT,C
5000.0, 36 months,5.32,70000.0,27.24,MORTGAGE,A
26575.0, 60 months,23.13,76000.0,19.88,MORTGAGE,F
1925.0, 36 months,8.38,50000.0,13.08,OWN,B
10000.0, 36 months,14.85,56200.0,8.2,RENT,C
30000.0, 36 months,13.99,80000.0,35.25,MORTGAGE,C
9600.0, 36 months,16.99,40000.0,14.49,RENT,D
6500.0, 36 months,13.18,68000.0,22.7,RENT,C
10000.0, 36 months,13.18,38000.0,32.63,RENT,C
8000.0, 36 months,7.91,60000.0,13.09,MORTGAGE,A
8400.0, 36 months,7.91,46000.0,16.57,RENT,A
10000.0, 36 months,11.48,70000.0,28.27,MORTGAGE,B
3000.0, 36 months,11.48,75000.0,22.82,MORTGAGE,B
35000.0, 36 months,16.59,80000.0,17.39,MORTGAGE,D
24000.0, 60 months,16.59,134000.0,9.3,MORTGAGE,D
4375.0, 36 months,15.77,25000.0,26.88,RENT,D
15000.0, 36 months,9.8,41000.0,24.33,RENT,B
9275.0, 36 months,15.77,120000.0,6.75,OWN,D
10000.0, 60 months,17.97,24000.0,3.75,RENT,D
19200.0, 60 months,18.49,56000.0,28.0,RENT,D
30000.0, 36 months,15.41,184000.0,29.28,RENT,D
6000.0, 36 months,9.8,59000.0,21.72,MORTGAGE,B
17500.0, 36 months,5.32,100000.0,16.55,OWN,A
25000.0, 60 months,9.8,144000.0,31.55,OWN,B
7000.0, 36 months,16.59,30100.0,25.68,MORTGAGE,D
24000.0, 36 months,11.22,77000.0,29.41,MORTGAGE,B
8000.0, 36 months,9.8,100000.0,6.94,RENT,B
6000.0, 36 months,10.78,32000.0,15.49,RENT,B
10350.0, 36 months,14.48,40000.0,17.64,RENT,C
24000.0, 60 months,9.8,84000.0,20.51,RENT,B
20000.0, 36 months,18.49,67140.0,9.76,OWN,D
18000.0, 36 months,7.91,80000.0,15.56,MORTGAGE,A
6000.0, 36 months,7.49,34000.0,1.34,RENT,A
6500.0, 36 months,12.59,96474.0,11.21,RENT,C
35000.0, 60 months,17.97,74600.0,33.32,RENT,D
6000.0, 36 months,7.91,66150.0,15.3,RENT,A
12000.0, 36 months,11.48,85000.0,22.87,MORTGAGE,B
5000.0, 36 months,11.22,100000.0,5.02,RENT,B
9700.0, 36 months,19.48,49000.0,13.25,RENT,E
9800.0, 36 months,5.32,68000.0,4.08,RENT,A
20000.0, 36 months,7.89,70000.0,22.42,MORTGAGE,A
7000.0, 36 months,13.99,52000.0,33.37,OWN,C
24000.0, 60 months,13.18,96000.0,13.98,MORTGAGE,C
21000.0, 36 months,15.77,200000.0,13.72,MORTGAGE,D
15600.0, 36 months,11.48,56000.0,19.95,RENT,B
3600.0, 36 months,11.22,33000.0,15.7,RENT,B
10800.0, 60 months,19.48,30000.0,29.96,OWN,E
5000.0, 36 months,13.18,28000.0,26.98,RENT,C
23800.0, 60 months,15.77,62500.0,31.62,RENT,D
8000.0, 36 months,13.44,78200.0,21.44,MORTGAGE,C
14400.0, 36 months,11.99,65000.0,9.29,RENT,C
28000.0, 36 months,12.59,150000.0,24.87,RENT,C
3000.0, 36 months,13.44,15500.0,20.68,RENT,C
12000.0, 36 months,11.48,102000.0,13.56,MORTGAGE,B
25000.0, 36 months,5.32,125000.0,6.66,MORTGAGE,A
16000.0, 60 months,19.48,105000.0,7.62,OWN,E
7200.0, 36 months,7.91,42500.0,11.07,RENT,A
8500.0, 36 months,12.59,51300.0,29.05,MORTGAGE,C
12000.0, 60 months,9.8,65000.0,12.67,MORTGAGE,B
26000.0, 36 months,14.85,108000.0,29.88,MORTGAGE,C
18000.0, 36 months,5.32,60000.0,29.89,MORTGAGE,A
30000.0, 36 months,15.77,80000.0,16.97,RENT,D
7000.0, 36 months,10.64,41300.0,11.97,RENT,B
4900.0, 36 months,8.49,43000.0,5.92,RENT,B
35000.0, 36 months,9.76,85000.0,9.77,RENT,B
7000.0, 36 months,9.8,20890.8,9.32,OWN,B
15000.0, 60 months,16.59,50000.0,27.53,OWN,D
11000.0, 36 months,8.38,55000.0,20.27,MORTGAGE,B
13200.0, 36 months,9.17,30000.0,19.28,RENT,B
4000.0, 36 months,11.99,61000.0,21.31,RENT,C
16000.0, 36 months,6.24,125000.0,14.7,MORTGAGE,A
9000.0, 36 months,10.78,26000.0,12.0,RENT,B
8000.0, 36 months,12.88,60000.0,5.46,RENT,C
2400.0, 36 months,7.49,50000.0,11.67,RENT,A
22400.0, 36 months,7.91,150000.0,4.69,RENT,A
16000.0, 36 months,11.48,62000.0,30.62,MORTGAGE,B
26575.0, 60 months,24.24,150000.0,26.28,OWN,F
20700.0, 36 months,10.78,75000.0,4.83,RENT,B
35000.0, 36 months,7.91,99400.0,31.82,MORTGAGE,A
18000.0, 60 months,13.99,80000.0,13.46,MORTGAGE,C
13000.0, 36 months,11.99,50000.0,31.73,MORTGAGE,C
35000.0, 36 months,11.22,95000.0,25.38,MORTGAGE,B
3000.0, 36 months,6.49,67000.0,12.79,MORTGAGE,A
27000.0, 60 months,13.67,90000.0,18.11,MORTGAGE,C
26025.0, 60 months,21.48,101000.0,11.8,MORTGAGE,E
20000.0, 36 months,13.44,82500.0,15.49,OWN,C
9600.0, 36 months,6.49,50000.0,8.76,MORTGAGE,A
21000.0, 36 months,9.17,80000.0,23.42,RENT,B
28000.0, 36 months,6.99,100000.0,21.49,MORTGAGE,A
10000.0, 36 months,7.89,60000.0,12.3,RENT,A
12000.0, 36 months,10.78,85000.0,24.06,MORTGAGE,B
8000.0, 36 months,9.76,70000.0,15.4,MORTGAGE,B
8800.0, 36 months,6.99,55000.0,30.15,MORTGAGE,A
15000.0, 36 months,5.32,80000.0,20.18,RENT,A
7000.0, 36 months,5.32,250000.0,10.6,MORTGAGE,A
8000.0, 36 months,8.49,95000.0,16.41,RENT,B
30000.0, 36 months,9.17,228000.0,15.85,MORTGAGE,B
15000.0, 36 months,6.49,83000.0,16.69,MORTGAGE,A
35000.0, 60 months,9.8,250000.0,10.97,MORTGAGE,B
15000.0, 36 months,10.64,108000.0,5.87,MORTGAGE,B
20000.0, 60 months,10.78,110000.0,26.67,MORTGAGE,B
12000.0, 36 months,9.76,70000.0,31.31,MORTGAGE,B
10000.0, 36 months,11.99,42000.0,29.03,RENT,C
20000.0, 36 months,10.78,55000.0,36.94,OWN,B
10000.0, 36 months,8.38,35000.0,8.68,RENT,B
28000.0, 36 months,6.49,137000.0,8.73,OWN,A
20000.0, 36 months,5.32,51685.22,28.6,MORTGAGE,A
6000.0, 36 months,7.49,40000.0,14.29,RENT,A
13550.0, 36 months,9.8,52500.0,17.1,MORTGAGE,B
7500.0, 36 months,5.32,112000.0,6.24,RENT,A
12000.0, 36 months,11.48,45000.0,23.76,RENT,B
28000.0, 36 months,9.17,306000.0,11.29,OWN,B
11275.0, 36 months,9.17,60000.0,20.78,MORTGAGE,B
18000.0, 36 months,7.89,80000.0,19.72,MORTGAGE,A
10000.0, 36 months,9.76,72000.0,21.18,MORTGAGE,B
15000.0, 36 months,9.76,90000.0,31.44,OWN,B
7775.0, 36 months,10.64,54000.0,32.33,MORTGAGE,B
5000.0, 36 months,11.48,40000.0,32.55,RENT,B
33600.0, 60 months,9.17,102600.0,21.84,MORTGAGE,B
10000.0, 60 months,11.48,85000.0,8.8,MORTGAGE,B
24000.0, 60 months,9.17,70000.0,16.87,MORTGAGE,B
35000.0, 36 months,13.99,104640.0,16.51,MORTGAGE,C
15000.0, 36 months,9.8,58000.0,29.84,RENT,B
24000.0, 36 months,5.32,120000.0,23.2,MORTGAGE,A
14600.0, 36 months,12.59,36200.0,28.32,RENT,C
28000.0, 36 months,5.32,400000.0,4.59,MORTGAGE,A
8950.0, 36 months,23.99,28000.0,12.26,RENT,F
4500.0, 36 months,27.99,15000.0,8.24,RENT,G
21000.0, 60 months,11.99,82000.0,15.07,MORTGAGE,C
9000.0, 36 months,5.32,100000.0,18.16,OWN,A
12000.0, 36 months,11.99,110000.0,7.16,MORTGAGE,C
6000.0, 36 months,6.24,40000.0,24.57,MORTGAGE,A
7100.0, 36 months,18.49,58000.0,27.97,MORTGAGE,D
20000.0, 60 months,11.99,80000.0,19.67,RENT,C
9400.0, 36 months,23.13,35760.0,20.7,MORTGAGE,F
3000.0, 36 months,6.49,75000.0,13.38,MORTGAGE,A
12050.0, 36 months,14.85,85000.0,12.88,OWN,C
9000.0, 36 months,11.48,88400.0,15.85,MORTGAGE,B
16000.0, 60 months,7.89,175000.0,6.05,MORTGAGE,A
12000.0, 60 months,11.48,110000.0,4.9,MORTGAGE,B
20000.0, 36 months,13.18,98000.0,11.3,MORTGAGE,C
5000.0, 36 months,7.91,32000.0,13.73,RENT,A
22800.0, 36 months,8.38,155000.0,27.57,MORTGAGE,B
24000.0, 36 months,9.17,145000.0,9.96,MORTGAGE,B
11000.0, 36 months,9.76,40000.0,24.24,RENT,B
35000.0, 60 months,10.78,89000.0,19.26,RENT,B
9000.0, 36 months,5.32,49000.0,21.63,MORTGAGE,A
12800.0, 36 months,9.17,90000.0,18.71,OWN,B
15000.0, 36 months,11.99,56000.0,16.85,MORTGAGE,C
19200.0, 60 months,11.99,41000.0,12.56,MORTGAGE,C
5000.0, 36 months,9.76,100000.0,27.35,MORTGAGE,B
15000.0, 36 months,9.17,750000.0,3.64,MORTGAGE,B
2400.0, 36 months,12.88,60000.0,20.01,MORTGAGE,C
4000.0, 36 months,7.26,48000.0,14.68,RENT,A
8000.0, 36 months,9.8,60000.0,4.98,OWN,B
22200.0, 60 months,15.41,68000.0,15.0,MORTGAGE,D
22000.0, 36 months,5.32,110000.0,7.21,MORTGAGE,A
14400.0, 36 months,11.48,45000.0,13.41,MORTGAGE,B
10000.0, 36 months,6.49,52600.0,13.16,OWN,A
14800.0, 36 months,15.77,48000.0,20.55,RENT,D
18000.0, 60 months,18.99,50000.0,14.41,MORTGAGE,E
15000.0, 60 months,11.99,61000.0,17.61,RENT,C
28000.0, 36 months,6.99,425000.0,2.49,MORTGAGE,A
12500.0, 36 months,10.78,34000.0,27.11,MORTGAGE,B
20000.0, 60 months,13.99,80000.0,10.23,OWN,C
20200.0, 60 months,18.49,60000.0,34.84,RENT,D
15000.0, 36 months,6.49,35000.0,19.68,MORTGAGE,A
30000.0, 36 months,10.78,89775.0,21.44,MORTGAGE,B
18000.0, 36 months,6.99,78000.0,12.08,MORTGAGE,A
28000.0, 36 months,6.99,190000.0,8.69,MORTGAGE,A
17000.0, 36 months,8.49,92500.0,17.23,OWN,B
26000.0, 36 months,6.99,86000.0,12.1,MORTGAGE,A
22000.0, 36 months,5.32,140000.0,22.94,OWN,A
15000.0, 36 months,9.8,92000.0,13.89,MORTGAGE,B
5000.0, 36 months,8.38,37000.0,26.34,MORTGAGE,B
1200.0, 36 months,10.78,20316.0,29.89,RENT,B
9875.0, 36 months,9.17,24720.0,19.17,MORTGAGE,B
31600.0, 36 months,8.38,125000.0,17.61,RENT,B
9550.0, 36 months,17.86,39000.0,11.14,MORTGAGE,D
20000.0, 36 months,13.99,70000.0,34.54,MORTGAGE,C
29950.0, 36 months,17.27,71088.0,20.39,RENT,D
10000.0, 36 months,6.49,90000.0,12.07,RENT,A
8800.0, 36 months,10.64,89000.0,21.36,MORTGAGE,B
10000.0, 36 months,9.8,68000.0,10.08,MORTGAGE,B
5000.0, 36 months,12.88,60000.0,13.34,RENT,C
28000.0, 60 months,14.85,75000.0,23.58,MORTGAGE,C
15025.0, 60 months,18.49,54000.0,24.71,MORTGAGE,E
20250.0, 36 months,13.99,45000.0,32.48,OWN,C
19800.0, 60 months,17.57,45000.0,20.77,MORTGAGE,D
14000.0, 60 months,13.44,80000.0,20.73,MORTGAGE,C
9600.0, 36 months,11.99,72000.0,35.68,MORTGAGE,C
28000.0, 36 months,7.89,171000.0,18.73,RENT,A
8000.0, 36 months,8.49,176000.0,2.9,MORTGAGE,B
12650.0, 36 months,12.59,51000.0,26.59,MORTGAGE,C
6000.0, 36 months,6.49,85000.0,10.28,MORTGAGE,A
7500.0, 36 months,10.78,46798.0,23.06,RENT,B
5000.0, 36 months,6.24,45000.0,27.5,MORTGAGE,A
19000.0, 36 months,6.49,44000.0,16.78,MORTGAGE,A
3850.0, 36 months,13.44,45000.0,22.59,MORTGAGE,C
7450.0, 36 months,19.48,20000.0,22.61,MORTGAGE,E
12000.0, 60 months,11.99,48000.0,19.45,RENT,C
8000.0, 36 months,7.91,66500.0,29.22,OWN,A
6000.0, 36 months,12.59,51000.0,6.68,RENT,C
14400.0, 36 months,13.99,56281.0,24.99,MORTGAGE,C
6000.0, 36 months,13.18,65000.0,19.33,MORTGAGE,C
16000.0, 36 months,9.8,207000.0,12.07,MORTGAGE,B
28000.0, 60 months,8.49,95000.0,14.26,MORTGAGE,B
10000.0, 36 months,8.49,50000.0,21.75,MORTGAGE,B
20000.0, 60 months,15.41,55000.0,20.14,OWN,D
5600.0, 36 months,12.88,38000.0,11.76,RENT,C
8000.0, 36 months,8.38,55000.0,27.73,MORTGAGE,B
10000.0, 36 months,7.26,220000.0,21.95,MORTGAGE,A
8000.0, 36 months,11.48,52000.0,21.51,RENT,B
10000.0, 36 months,13.99,50000.0,9.72,RENT,C
5000.0, 36 months,12.88,47000.0,38.61,RENT,C
12000.0, 36 months,9.17,285000.0,13.4,MORTGAGE,B
15000.0, 36 months,17.97,50000.0,26.04,MORTGAGE,D
2325.0, 36 months,19.99,25882.92,16.74,MORTGAGE,E
7000.0, 36 months,9.17,100143.0,24.05,RENT,B
1000.0, 36 months,14.48,120000.0,20.34,MORTGAGE,C
6000.0, 36 months,27.49,82500.0,20.9,MORTGAGE,G
24000.0, 60 months,13.99,80000.0,28.65,RENT,C
6000.0, 36 months,7.49,75000.0,17.37,MORTGAGE,A
30000.0, 60 months,16.59,103000.0,7.96,RENT,D
7500.0, 36 months,13.44,105000.0,20.47,MORTGAGE,C
21000.0, 60 months,12.88,66000.0,18.15,MORTGAGE,C
12000.0, 36 months,16.55,41990.0,31.81,OWN,D
4800.0, 36 months,13.99,64000.0,21.45,OWN,C
24000.0, 36 months,7.49,80000.0,9.24,RENT,A
18000.0, 36 months,6.49,55000.0,19.46,RENT,A
34500.0, 60 months,24.24,75000.0,15.5,MORTGAGE,F
30000.0, 60 months,13.99,70000.0,19.9,MORTGAGE,C
15600.0, 36 months,8.49,38000.0,17.59,OWN,B
12000.0, 36 months,9.17,48000.0,16.25,MORTGAGE,B
19200.0, 60 months,17.57,85000.0,19.44,RENT,D
9000.0, 36 months,11.99,70000.0,25.03,MORTGAGE,C
19500.0, 36 months,7.49,85000.0,13.74,RENT,A
1500.0, 36 months,14.85,68000.0,9.97,MORTGAGE,C
22000.0, 36 months,5.32,50000.0,14.69,OWN,A
6600.0, 36 months,19.48,22000.0,17.46,RENT,E
15700.0, 36 months,5.32,117500.0,4.49,MORTGAGE,A
8000.0, 36 months,14.85,28000.0,23.75,OWN,C
4100.0, 36 months,16.59,19000.0,9.6,RENT,D
35000.0, 36 months,9.17,83000.0,23.73,RENT,B
20625.0, 60 months,18.99,110000.0,19.29,MORTGAGE,E
2500.0, 36 months,9.8,75280.0,16.45,RENT,B
19200.0, 60 months,13.67,49000.0,24.86,RENT,C
8000.0, 36 months,9.8,45000.0,34.47,MORTGAGE,B
3800.0, 36 months,7.49,90000.0,19.15,MORTGAGE,A
5000.0, 36 months,13.44,35000.0,39.37,MORTGAGE,C
5000.0, 36 months,14.85,67000.0,31.08,RENT,C
8000.0, 36 months,10.78,38000.0,25.36,RENT,B
10000.0, 36 months,11.48,35000.0,25.89,RENT,B
14900.0, 60 months,16.99,84358.0,18.52,RENT,D
20000.0, 36 months,11.48,120000.0,37.69,RENT,B
27975.0, 36 months,7.91,192000.0,1.75,RENT,A
35000.0, 60 months,13.67,82000.0,12.26,MORTGAGE,C
20000.0, 60 months,9.76,90000.0,8.67,RENT,B
10800.0, 60 months,11.99,75000.0,23.18,MORTGAGE,C
15000.0, 36 months,6.49,68000.0,18.66,MORTGAGE,A
13200.0, 36 months,5.32,50000.0,27.89,MORTGAGE,A
18475.0, 36 months,18.99,70000.0,27.9,MORTGAGE,E
13750.0, 60 months,23.13,81600.0,13.87,MORTGAGE,F
2200.0, 36 months,6.49,48000.0,18.9,RENT,A
10000.0, 36 months,9.8,60000.0,3.4,RENT,B
9000.0, 36 months,10.64,91500.0,10.5,MORTGAGE,B
10800.0, 60 months,18.99,30000.0,13.57,RENT,E
18000.0, 36 months,9.17,67000.0,20.47,MORTGAGE,B
3175.0, 36 months,9.8,45000.0,34.18,RENT,B
16000.0, 36 months,12.59,1000000.0,11.77,RENT,C
10000.0, 36 months,9.76,34000.0,12.14,MORTGAGE,B
1000.0, 36 months,14.85,43000.0,10.49,MORTGAGE,C
35000.0, 36 months,17.27,255000.0,13.68,MORTGAGE,D
8000.0, 36 months,9.8,220000.0,19.28,MORTGAGE,B
11200.0, 36 months,7.49,65000.0,17.67,RENT,A
26400.0, 60 months,11.48,127700.0,38.14,OWN,B
7050.0, 36 months,14.48,19600.0,34.72,RENT,C
24650.0, 36 months,11.48,100000.0,22.64,MORTGAGE,B
31325.0, 36 months,15.77,157000.0,30.13,RENT,D
8675.0, 36 months,20.5,33200.0,39.59,OWN,E
35000.0, 36 months,14.85,98000.0,18.38,RENT,C
18700.0, 60 months,13.99,55000.0,30.81,MORTGAGE,C
8400.0, 36 months,10.78,150000.0,20.07,MORTGAGE,B
28000.0, 36 months,5.32,205600.0,18.53,RENT,A
12000.0, 36 months,10.78,70000.0,37.72,RENT,B
19200.0, 60 months,12.59,79000.0,17.58,MORTGAGE,C
